Time [s],Packet ID,MOSI,MISO
0.002163458333333,0,0x0001,
0.002171166666667,0,0x0115,
0.002425791666667,0,0x0001,
0.002433458333333,0,0x0109,
0.002801500000000,0,0x0001,
0.002809166666667,0,0x010E,
0.003063875000000,0,0x0001,
0.003071541666667,0,0x0111,
0.003326166666667,0,0x0011,
0.003333875000000,0,0x0116,
0.007992375000000,0,0x0001,
0.008000083333333,0,0x0129,
0.008255166666667,0,0x0001,
0.008262833333333,0,0x010D,
0.008518375000000,0,0x0002,
0.008526083333333,0,0x0102,
0.008780166666667,0,0x0001,
0.008787833333333,0,0x0125,
0.010079666666667,0,0x0A01,
0.010087333333333,0,0x030B,
0.010115541666667,0,0x0300,
0.010123208333333,0,0x040F,
0.010150916666667,0,0x04BF,
0.010158583333333,0,0x0603,
0.010185916666667,0,0x0000,
0.010193625000000,0,0x0807,
0.010221000000000,0,0x4000,
0.010228708333333,0,0x071A,
0.010281000000000,0,0x1551,
0.010288666666667,0,0x1D1E,
0.010340958333333,0,0x0055,
0.010348625000000,0,0x1D22,
0.010400041666667,0,0x0C3F,
0.010407750000000,0,0x0607,
0.013106083333333,0,0x0801,
0.013113750000000,0,0x031A,
0.013165583333333,0,0x0841,
0.013173250000000,0,0x031E,
0.013225625000000,0,0x0600,
0.013233291666667,0,0x0512,
0.013285000000000,0,0x0801,
0.013292666666667,0,0x0326,
0.013344541666667,0,0x0841,
0.013352208333333,0,0x032A,
0.013403541666667,0,0x0600,
0.013411208333333,0,0x052E,
0.048999583333333,0,0x0010,
0.049007250000000,0,0x0303,
0.057177041666667,0,0x0001,
0.057184708333333,0,0x0115,
0.057438666666667,0,0x0001,
0.057446333333333,0,0x0109,
0.057703666666667,0,0x0001,
0.057711333333333,0,0x010E,
0.057967791666667,0,0x0001,
0.057975500000000,0,0x0111,
0.058235125000000,0,0x0011,
0.058242791666667,0,0x0116,
0.062900583333333,0,0x0001,
0.062908250000000,0,0x0129,
0.063162833333333,0,0x0001,
0.063170500000000,0,0x010D,
0.063426375000000,0,0x0002,
0.063434041666667,0,0x0102,
0.063688541666667,0,0x0001,
0.063696208333333,0,0x0125,
0.064957958333333,0,0x0A01,
0.064965625000000,0,0x030B,
0.064992791666667,0,0x0300,
0.065000458333333,0,0x040F,
0.065027833333333,0,0x04BF,
0.065035500000000,0,0x0603,
0.065062666666667,0,0x0000,
0.065070375000000,0,0x0807,
0.065097916666667,0,0x4000,
0.065105625000000,0,0x071A,
0.065157416666667,0,0x1551,
0.065165083333333,0,0x1D1E,
0.065216750000000,0,0x0055,
0.065224416666667,0,0x1D22,
0.065276250000000,0,0x0C3F,
0.065283958333333,0,0x0607,
0.067982625000000,0,0x0801,
0.067990291666667,0,0x031A,
0.068042500000000,0,0x0841,
0.068050166666667,0,0x031E,
0.068102500000000,0,0x0600,
0.068110166666667,0,0x0512,
0.068163208333333,0,0x0801,
0.068170916666667,0,0x0326,
0.068223041666667,0,0x0841,
0.068230750000000,0,0x032A,
0.068282041666667,0,0x0600,
0.068289750000000,0,0x052E,
0.122432625000000,0,0x0005,
0.122440291666667,0,0x2111,
0.123444250000000,0,0x0005,
0.123451916666667,0,0x2125,
0.125472958333333,0,0x0000,
0.125480666666667,0,0x051A,
0.125532750000000,0,0x0A01,
0.125540458333333,0,0x031E,
0.125592708333333,0,0x0000,
0.125600375000000,0,0x0522,
0.125652208333333,0,0x0A01,
0.125659916666667,0,0x0326,
0.129074791666667,0,0x0000,
0.129082458333333,0,0x240B,
0.129110375000000,0,0x0000,
0.129118041666667,0,0x250F,
0.129145791666667,0,0x0000,
0.129153500000000,0,0x2603,
0.129180375000000,0,0x1C3F,
0.129188083333333,0,0x0607,
0.129215041666667,0,0x0004,
0.129222750000000,0,0x0319,
0.129348791666667,0,0x0004,
0.129356500000000,0,0x031D,
0.129482000000000,0,0x0004,
0.129489666666667,0,0x0311,
0.129615458333333,0,0x0004,
0.129623125000000,0,0x0315,
0.129749041666667,0,0x0004,
0.129756708333333,0,0x0319,
0.129882916666667,0,0x0001,
0.129890583333333,0,0x1D1D,
0.129943208333333,0,0x0003,
0.129950916666667,0,0x2411,
0.130051958333333,0,0x0005,
0.130059625000000,0,0x2D15,
0.130209000000000,0,0x0006,
0.130216666666667,0,0x3B19,
0.130389458333333,0,0x000A,
0.130397125000000,0,0x411D,
0.130667250000000,0,0x0004,
0.130674958333333,0,0x0321,
0.130800166666667,0,0x0001,
0.130807833333333,0,0x1D25,
0.130860583333333,0,0x0003,
0.130868250000000,0,0x2429,
0.130967958333333,0,0x0005,
0.130975625000000,0,0x2D2D,
0.131123250000000,0,0x0006,
0.131130916666667,0,0x3B21,
0.131303125000000,0,0x000A,
0.131310833333333,0,0x4125,
0.139309375000000,0,0x2C3F,
0.139317083333333,0,0x060B,
0.139343791666667,0,0x0004,
0.139351458333333,0,0x031D,
0.139478375000000,0,0x0004,
0.139486041666667,0,0x0311,
0.139611875000000,0,0x0004,
0.139619541666667,0,0x0315,
0.139746500000000,0,0x0004,
0.139754166666667,0,0x0319,
0.139880166666667,0,0x0004,
0.139887833333333,0,0x031D,
0.140013708333333,0,0x0001,
0.140021375000000,0,0x1D11,
0.140073875000000,0,0x0003,
0.140081541666667,0,0x2415,
0.140182875000000,0,0x0005,
0.140190541666667,0,0x2D19,
0.140339333333333,0,0x0006,
0.140347000000000,0,0x3B1D,
0.140520375000000,0,0x000A,
0.140528083333333,0,0x4111,
0.140798208333333,0,0x0004,
0.140805875000000,0,0x0325,
0.140930875000000,0,0x0001,
0.140938541666667,0,0x1D29,
0.140990625000000,0,0x0003,
0.140998291666667,0,0x242D,
0.141098666666667,0,0x0005,
0.141106333333333,0,0x2D21,
0.141255416666667,0,0x0006,
0.141263083333333,0,0x3B25,
0.141435125000000,0,0x000A,
0.141442833333333,0,0x4129,
0.149302750000000,0,0x3C3F,
0.149310416666667,0,0x060F,
0.149337791666667,0,0x0004,
0.149345458333333,0,0x0311,
0.149471666666667,0,0x0004,
0.149479333333333,0,0x0315,
0.149605666666667,0,0x0004,
0.149613333333333,0,0x0319,
0.149739875000000,0,0x0004,
0.149747541666667,0,0x031D,
0.149873833333333,0,0x0004,
0.149881500000000,0,0x0311,
0.150006958333333,0,0x0001,
0.150014625000000,0,0x1D15,
0.150066541666667,0,0x0003,
0.150074208333333,0,0x2419,
0.150174875000000,0,0x0005,
0.150182583333333,0,0x2D1D,
0.150333125000000,0,0x0006,
0.150340833333333,0,0x3B11,
0.150513166666667,0,0x000A,
0.150520875000000,0,0x4115,
0.150791791666667,0,0x0004,
0.150799500000000,0,0x0329,
0.150924708333333,0,0x0001,
0.150932416666667,0,0x1D2D,
0.150984666666667,0,0x0003,
0.150992375000000,0,0x2421,
0.151092250000000,0,0x0005,
0.151099958333333,0,0x2D25,
0.151248125000000,0,0x0006,
0.151255833333333,0,0x3B29,
0.151427583333333,0,0x000A,
0.151435250000000,0,0x412D,
0.159412250000000,0,0x4C3F,
0.159419916666667,0,0x0603,
0.159447458333333,0,0x0004,
0.159455125000000,0,0x0315,
0.159581666666667,0,0x0004,
0.159589375000000,0,0x0319,
0.159715041666667,0,0x0004,
0.159722708333333,0,0x031D,
0.159848333333333,0,0x0004,
0.159856000000000,0,0x0311,
0.159981875000000,0,0x0004,
0.159989541666667,0,0x0315,
0.160115583333333,0,0x0001,
0.160123250000000,0,0x1D19,
0.160176291666667,0,0x0003,
0.160184000000000,0,0x241D,
0.160285125000000,0,0x0005,
0.160292791666667,0,0x2D11,
0.160441750000000,0,0x0006,
0.160449458333333,0,0x3B15,
0.160622125000000,0,0x000A,
0.160629791666667,0,0x4119,
0.160899625000000,0,0x0004,
0.160907291666667,0,0x032D,
0.161032666666667,0,0x0001,
0.161040375000000,0,0x1D21,
0.161092458333333,0,0x0003,
0.161100166666667,0,0x2425,
0.161200041666667,0,0x0005,
0.161207750000000,0,0x2D29,
0.161356166666667,0,0x0006,
0.161363833333333,0,0x3B2D,
0.161535375000000,0,0x000A,
0.161543041666667,0,0x4121,
0.169302666666667,0,0x5C3F,
0.169310333333333,0,0x0607,
0.169338083333333,0,0x0004,
0.169345750000000,0,0x0319,
0.169472125000000,0,0x0004,
0.169479833333333,0,0x031D,
0.169606625000000,0,0x0004,
0.169614291666667,0,0x0311,
0.169740625000000,0,0x0004,
0.169748291666667,0,0x0315,
0.169873833333333,0,0x0004,
0.169881500000000,0,0x0319,
0.170007416666667,0,0x0001,
0.170015125000000,0,0x1D1D,
0.170067333333333,0,0x0003,
0.170075000000000,0,0x2411,
0.170175833333333,0,0x0005,
0.170183500000000,0,0x2D15,
0.170333416666667,0,0x0006,
0.170341083333333,0,0x3B19,
0.170515208333333,0,0x000A,
0.170522916666667,0,0x411D,
0.170793625000000,0,0x0004,
0.170801291666667,0,0x0321,
0.170926833333333,0,0x0001,
0.170934500000000,0,0x1D25,
0.170986250000000,0,0x0003,
0.170993916666667,0,0x2429,
0.171093750000000,0,0x0005,
0.171101416666667,0,0x2D2D,
0.171249666666667,0,0x0006,
0.171257333333333,0,0x3B21,
0.171429416666667,0,0x000A,
0.171437125000000,0,0x4125,
0.179306583333333,0,0x6C3F,
0.179314250000000,0,0x060B,
0.179341750000000,0,0x0004,
0.179349416666667,0,0x031D,
0.179475708333333,0,0x0004,
0.179483416666667,0,0x0311,
0.179609250000000,0,0x0004,
0.179616916666667,0,0x0315,
0.179743625000000,0,0x0004,
0.179751291666667,0,0x0319,
0.179878125000000,0,0x0004,
0.179885791666667,0,0x031D,
0.180012000000000,0,0x0001,
0.180019666666667,0,0x1D11,
0.180072083333333,0,0x0003,
0.180079791666667,0,0x2415,
0.180180208333333,0,0x0005,
0.180187916666667,0,0x2D19,
0.180338208333333,0,0x0006,
0.180345875000000,0,0x3B1D,
0.180519291666667,0,0x000A,
0.180526958333333,0,0x4111,
0.180798166666667,0,0x0004,
0.180805875000000,0,0x0325,
0.180931458333333,0,0x0001,
0.180939125000000,0,0x1D29,
0.180990708333333,0,0x0003,
0.180998375000000,0,0x242D,
0.181098041666667,0,0x0005,
0.181105708333333,0,0x2D21,
0.181255541666667,0,0x0006,
0.181263208333333,0,0x3B25,
0.181434750000000,0,0x000A,
0.181442416666667,0,0x4129,
0.189308083333333,0,0x7C3F,
0.189315750000000,0,0x060F,
0.189343625000000,0,0x0004,
0.189351291666667,0,0x0311,
0.189478250000000,0,0x0004,
0.189485916666667,0,0x0315,
0.189612791666667,0,0x0004,
0.189620458333333,0,0x0319,
0.189746833333333,0,0x0004,
0.189754500000000,0,0x031D,
0.189880458333333,0,0x0004,
0.189888125000000,0,0x0311,
0.190015208333333,0,0x0001,
0.190022875000000,0,0x1D15,
0.190074958333333,0,0x0003,
0.190082625000000,0,0x2419,
0.190183666666667,0,0x0005,
0.190191375000000,0,0x2D1D,
0.190340500000000,0,0x0006,
0.190348208333333,0,0x3B11,
0.190521458333333,0,0x000A,
0.190529125000000,0,0x4115,
0.190799500000000,0,0x0004,
0.190807208333333,0,0x0329,
0.190932250000000,0,0x0001,
0.190939916666667,0,0x1D2D,
0.190992166666667,0,0x0003,
0.190999833333333,0,0x2421,
0.191099791666667,0,0x0005,
0.191107458333333,0,0x2D25,
0.191257375000000,0,0x0006,
0.191265041666667,0,0x3B29,
0.191437625000000,0,0x000A,
0.191445333333333,0,0x412D,
0.199290916666667,0,0x8C3F,
0.199298583333333,0,0x0603,
0.199326166666667,0,0x0004,
0.199333875000000,0,0x0315,
0.199460416666667,0,0x0004,
0.199468083333333,0,0x0319,
0.199595125000000,0,0x0004,
0.199602833333333,0,0x031D,
0.199729208333333,0,0x0004,
0.199736875000000,0,0x0311,
0.199862250000000,0,0x0004,
0.199869916666667,0,0x0315,
0.199996166666667,0,0x0001,
0.200003833333333,0,0x1D19,
0.200056250000000,0,0x0003,
0.200063958333333,0,0x241D,
0.200164416666667,0,0x0005,
0.200172083333333,0,0x2D11,
0.200321208333333,0,0x0006,
0.200328875000000,0,0x3B15,
0.200501875000000,0,0x000A,
0.200509541666667,0,0x4119,
0.200779333333333,0,0x0004,
0.200787041666667,0,0x032D,
0.200912583333333,0,0x0001,
0.200920250000000,0,0x1D21,
0.200972500000000,0,0x0003,
0.200980166666667,0,0x2425,
0.201080125000000,0,0x0005,
0.201087791666667,0,0x2D29,
0.201235875000000,0,0x0006,
0.201243583333333,0,0x3B2D,
0.201416375000000,0,0x000A,
0.201424041666667,0,0x4121,
0.209311083333333,0,0x9C3F,
0.209318791666667,0,0x0607,
0.209346000000000,0,0x0004,
0.209353666666667,0,0x0319,
0.209480375000000,0,0x0004,
0.209488083333333,0,0x031D,
0.209614083333333,0,0x0004,
0.209621750000000,0,0x0311,
0.209748541666667,0,0x0004,
0.209756208333333,0,0x0315,
0.209882791666667,0,0x0004,
0.209890458333333,0,0x0319,
0.210016791666667,0,0x0001,
0.210024458333333,0,0x1D1D,
0.210076625000000,0,0x0003,
0.210084333333333,0,0x2411,
0.210185250000000,0,0x0005,
0.210192958333333,0,0x2D15,
0.210341875000000,0,0x0006,
0.210349541666667,0,0x3B19,
0.210522291666667,0,0x000A,
0.210529958333333,0,0x411D,
0.210800875000000,0,0x0004,
0.210808541666667,0,0x0321,
0.210934375000000,0,0x0001,
0.210942041666667,0,0x1D25,
0.210993875000000,0,0x0003,
0.211001541666667,0,0x2429,
0.211101708333333,0,0x0005,
0.211109375000000,0,0x2D2D,
0.211259208333333,0,0x0006,
0.211266916666667,0,0x3B21,
0.211439416666667,0,0x000A,
0.211447083333333,0,0x4125,
0.219306250000000,0,0xAC3F,
0.219313916666667,0,0x060B,
0.219341125000000,0,0x0004,
0.219348791666667,0,0x031D,
0.219474958333333,0,0x0004,
0.219482625000000,0,0x0311,
0.219609041666667,0,0x0004,
0.219616708333333,0,0x0315,
0.219743333333333,0,0x0004,
0.219751000000000,0,0x0319,
0.219877333333333,0,0x0004,
0.219885041666667,0,0x031D,
0.220010833333333,0,0x0001,
0.220018500000000,0,0x1D11,
0.220071083333333,0,0x0003,
0.220078750000000,0,0x2415,
0.220179541666667,0,0x0005,
0.220187208333333,0,0x2D19,
0.220337000000000,0,0x0006,
0.220344666666667,0,0x3B1D,
0.220518333333333,0,0x000A,
0.220526000000000,0,0x4111,
0.220796458333333,0,0x0004,
0.220804125000000,0,0x0325,
0.220929833333333,0,0x0001,
0.220937541666667,0,0x1D29,
0.220989375000000,0,0x0003,
0.220997041666667,0,0x242D,
0.221097125000000,0,0x0005,
0.221104791666667,0,0x2D21,
0.221254291666667,0,0x0006,
0.221261958333333,0,0x3B25,
0.221434166666667,0,0x000A,
0.221441875000000,0,0x4129,
0.229312916666667,0,0xBC3F,
0.229320583333333,0,0x060F,
0.229348125000000,0,0x0004,
0.229355791666667,0,0x0311,
0.229481708333333,0,0x0004,
0.229489375000000,0,0x0315,
0.229616250000000,0,0x0004,
0.229623916666667,0,0x0319,
0.229750750000000,0,0x0004,
0.229758458333333,0,0x031D,
0.229884333333333,0,0x0004,
0.229892000000000,0,0x0311,
0.230017583333333,0,0x0001,
0.230025250000000,0,0x1D15,
0.230078083333333,0,0x0003,
0.230085791666667,0,0x2419,
0.230186875000000,0,0x0005,
0.230194541666667,0,0x2D1D,
0.230343958333333,0,0x0006,
0.230351666666667,0,0x3B11,
0.230525833333333,0,0x000A,
0.230533500000000,0,0x4115,
0.230804000000000,0,0x0004,
0.230811666666667,0,0x0329,
0.230937333333333,0,0x0001,
0.230945000000000,0,0x1D2D,
0.230996541666667,0,0x0003,
0.231004250000000,0,0x2421,
0.231104541666667,0,0x0005,
0.231112250000000,0,0x2D25,
0.231261958333333,0,0x0006,
0.231269666666667,0,0x3B29,
0.231442333333333,0,0x000A,
0.231450000000000,0,0x412D,
0.239303666666667,0,0xCC3F,
0.239311333333333,0,0x0603,
0.239338958333333,0,0x0004,
0.239346625000000,0,0x0315,
0.239473625000000,0,0x0004,
0.239481333333333,0,0x0319,
0.239607791666667,0,0x0004,
0.239615458333333,0,0x031D,
0.239742083333333,0,0x0004,
0.239749791666667,0,0x0311,
0.239876666666667,0,0x0004,
0.239884333333333,0,0x0315,
0.240011458333333,0,0x0001,
0.240019125000000,0,0x1D19,
0.240071333333333,0,0x0003,
0.240079041666667,0,0x241D,
0.240180000000000,0,0x0005,
0.240187666666667,0,0x2D11,
0.240336916666667,0,0x0006,
0.240344583333333,0,0x3B15,
0.240517208333333,0,0x000A,
0.240524916666667,0,0x4119,
0.240795875000000,0,0x0004,
0.240803583333333,0,0x032D,
0.240929291666667,0,0x0001,
0.240936958333333,0,0x1D21,
0.240989041666667,0,0x0003,
0.240996750000000,0,0x2425,
0.241097208333333,0,0x0005,
0.241104916666667,0,0x2D29,
0.241254708333333,0,0x0006,
0.241262416666667,0,0x3B2D,
0.241435250000000,0,0x000A,
0.241442916666667,0,0x4121,
0.249302333333333,0,0xDC3F,
0.249310000000000,0,0x0607,
0.249337708333333,0,0x0004,
0.249345375000000,0,0x0319,
0.249471916666667,0,0x0004,
0.249479625000000,0,0x031D,
0.249606333333333,0,0x0004,
0.249614000000000,0,0x0311,
0.249739916666667,0,0x0004,
0.249747583333333,0,0x0315,
0.249874625000000,0,0x0004,
0.249882333333333,0,0x0319,
0.250008333333333,0,0x0001,
0.250016000000000,0,0x1D1D,
0.250068583333333,0,0x0003,
0.250076291666667,0,0x2411,
0.250177291666667,0,0x0005,
0.250184958333333,0,0x2D15,
0.250334750000000,0,0x0006,
0.250342458333333,0,0x3B19,
0.250516541666667,0,0x000A,
0.250524208333333,0,0x411D,
0.250795291666667,0,0x0004,
0.250803000000000,0,0x0321,
0.250928583333333,0,0x0001,
0.250936250000000,0,0x1D25,
0.250988083333333,0,0x0003,
0.250995750000000,0,0x2429,
0.251095625000000,0,0x0005,
0.251103291666667,0,0x2D2D,
0.251252625000000,0,0x0006,
0.251260291666667,0,0x3B21,
0.251432500000000,0,0x000A,
0.251440208333333,0,0x4125,
0.259448125000000,0,0xEC3F,
0.259455791666667,0,0x060B,
0.259483375000000,0,0x0004,
0.259491041666667,0,0x031D,
0.259617791666667,0,0x0004,
0.259625458333333,0,0x0311,
0.259752041666667,0,0x0004,
0.259759750000000,0,0x0315,
0.259886791666667,0,0x0004,
0.259894458333333,0,0x0319,
0.260021583333333,0,0x0004,
0.260029250000000,0,0x031D,
0.260155416666667,0,0x0001,
0.260163083333333,0,0x1D11,
0.260215250000000,0,0x0003,
0.260222958333333,0,0x2415,
0.260323958333333,0,0x0005,
0.260331666666667,0,0x2D19,
0.260480708333333,0,0x0006,
0.260488416666667,0,0x3B1D,
0.260661916666667,0,0x000A,
0.260669625000000,0,0x4111,
0.260939541666667,0,0x0004,
0.260947250000000,0,0x0325,
0.261072083333333,0,0x0001,
0.261079750000000,0,0x1D29,
0.261132083333333,0,0x0003,
0.261139791666667,0,0x242D,
0.261240791666667,0,0x0005,
0.261248500000000,0,0x2D21,
0.261396250000000,0,0x0006,
0.261403958333333,0,0x3B25,
0.261576208333333,0,0x000A,
0.261583875000000,0,0x4129,
0.269382708333333,0,0xFC3F,
0.269390375000000,0,0x060F,
0.269417791666667,0,0x0004,
0.269425500000000,0,0x0311,
0.269551916666667,0,0x0004,
0.269559625000000,0,0x0315,
0.269685416666667,0,0x0004,
0.269693083333333,0,0x0319,
0.269818458333333,0,0x0004,
0.269826166666667,0,0x031D,
0.269952208333333,0,0x0004,
0.269959875000000,0,0x0311,
0.270085333333333,0,0x0001,
0.270093000000000,0,0x1D15,
0.270145208333333,0,0x0003,
0.270152875000000,0,0x2419,
0.270253375000000,0,0x0005,
0.270261041666667,0,0x2D1D,
0.270410416666667,0,0x0006,
0.270418083333333,0,0x3B11,
0.270591333333333,0,0x000A,
0.270599000000000,0,0x4115,
0.270869875000000,0,0x0004,
0.270877541666667,0,0x0329,
0.271002083333333,0,0x0001,
0.271009791666667,0,0x1D2D,
0.271061833333333,0,0x0003,
0.271069500000000,0,0x2421,
0.271169916666667,0,0x0005,
0.271177625000000,0,0x2D25,
0.271325875000000,0,0x0006,
0.271333583333333,0,0x3B29,
0.271505375000000,0,0x000A,
0.271513083333333,0,0x412D,
0.279315666666667,0,0x0C3F,
0.279323333333333,0,0x0603,
0.279350208333333,0,0x0004,
0.279357875000000,0,0x0315,
0.279483833333333,0,0x0004,
0.279491500000000,0,0x0319,
0.279618125000000,0,0x0004,
0.279625833333333,0,0x031D,
0.279751833333333,0,0x0004,
0.279759500000000,0,0x0311,
0.279886125000000,0,0x0004,
0.279893833333333,0,0x0315,
0.280020250000000,0,0x0001,
0.280027916666667,0,0x1D19,
0.280080083333333,0,0x0003,
0.280087791666667,0,0x241D,
0.280188791666667,0,0x0005,
0.280196458333333,0,0x2D11,
0.280346666666667,0,0x0006,
0.280354333333333,0,0x3B15,
0.280527791666667,0,0x000A,
0.280535458333333,0,0x4119,
0.280806583333333,0,0x0004,
0.280814250000000,0,0x032D,
0.280941291666667,0,0x0001,
0.280948958333333,0,0x1D21,
0.281001250000000,0,0x0003,
0.281008916666667,0,0x2425,
0.281109000000000,0,0x0005,
0.281116708333333,0,0x2D29,
0.281265125000000,0,0x0006,
0.281272791666667,0,0x3B2D,
0.281444166666667,0,0x000A,
0.281451875000000,0,0x4121,
0.289319958333333,0,0x1C3F,
0.289327625000000,0,0x0607,
0.289355291666667,0,0x0004,
0.289363000000000,0,0x0319,
0.289488875000000,0,0x0004,
0.289496541666667,0,0x031D,
0.289622958333333,0,0x0004,
0.289630666666667,0,0x0311,
0.289756750000000,0,0x0004,
0.289764416666667,0,0x0315,
0.289891125000000,0,0x0004,
0.289898791666667,0,0x0319,
0.290025708333333,0,0x0001,
0.290033416666667,0,0x1D1D,
0.290085708333333,0,0x0003,
0.290093416666667,0,0x2411,
0.290194000000000,0,0x0005,
0.290201666666667,0,0x2D15,
0.290350958333333,0,0x0006,
0.290358625000000,0,0x3B19,
0.290531916666667,0,0x000A,
0.290539583333333,0,0x411D,
0.290809833333333,0,0x0004,
0.290817500000000,0,0x0321,
0.290943083333333,0,0x0001,
0.290950791666667,0,0x1D25,
0.291002625000000,0,0x0003,
0.291010291666667,0,0x2429,
0.291110541666667,0,0x0005,
0.291118208333333,0,0x2D2D,
0.291267916666667,0,0x0006,
0.291275583333333,0,0x3B21,
0.291448208333333,0,0x000A,
0.291455916666667,0,0x4125,
0.299350083333333,0,0x2C3F,
0.299357750000000,0,0x060B,
0.299386000000000,0,0x0004,
0.299393708333333,0,0x031D,
0.299519791666667,0,0x0004,
0.299527500000000,0,0x0311,
0.299653500000000,0,0x0004,
0.299661166666667,0,0x0315,
0.299787750000000,0,0x0004,
0.299795416666667,0,0x0319,
0.299921083333333,0,0x0004,
0.299928791666667,0,0x031D,
0.300054875000000,0,0x0001,
0.300062541666667,0,0x1D11,
0.300115583333333,0,0x0003,
0.300123250000000,0,0x2415,
0.300223041666667,0,0x0005,
0.300230750000000,0,0x2D19,
0.300380208333333,0,0x0006,
0.300387916666667,0,0x3B1D,
0.300561458333333,0,0x000A,
0.300569125000000,0,0x4111,
0.300839291666667,0,0x0004,
0.300846958333333,0,0x0325,
0.300972916666667,0,0x0001,
0.300980583333333,0,0x1D29,
0.301032333333333,0,0x0003,
0.301040000000000,0,0x242D,
0.301139833333333,0,0x0005,
0.301147541666667,0,0x2D21,
0.301295166666667,0,0x0006,
0.301302833333333,0,0x3B25,
0.301475500000000,0,0x000A,
0.301483166666667,0,0x4129,
0.309308750000000,0,0x3C3F,
0.309316416666667,0,0x060F,
0.309344333333333,0,0x0004,
0.309352000000000,0,0x0311,
0.309477875000000,0,0x0004,
0.309485541666667,0,0x0315,
0.309612083333333,0,0x0004,
0.309619750000000,0,0x0319,
0.309745541666667,0,0x0004,
0.309753208333333,0,0x031D,
0.309880083333333,0,0x0004,
0.309887791666667,0,0x0311,
0.310013458333333,0,0x0001,
0.310021125000000,0,0x1D15,
0.310073083333333,0,0x0003,
0.310080750000000,0,0x2419,
0.310181083333333,0,0x0005,
0.310188750000000,0,0x2D1D,
0.310339416666667,0,0x0006,
0.310347125000000,0,0x3B11,
0.310520541666667,0,0x000A,
0.310528208333333,0,0x4115,
0.310798541666667,0,0x0004,
0.310806250000000,0,0x0329,
0.310931666666667,0,0x0001,
0.310939333333333,0,0x1D2D,
0.310991375000000,0,0x0003,
0.310999041666667,0,0x2421,
0.311098708333333,0,0x0005,
0.311106416666667,0,0x2D25,
0.311255375000000,0,0x0006,
0.311263083333333,0,0x3B29,
0.311435166666667,0,0x000A,
0.311442833333333,0,0x412D,
0.319314416666667,0,0x4C3F,
0.319322125000000,0,0x0603,
0.319349416666667,0,0x0004,
0.319357083333333,0,0x0315,
0.319483583333333,0,0x0004,
0.319491250000000,0,0x0319,
0.319617250000000,0,0x0004,
0.319624916666667,0,0x031D,
0.319751208333333,0,0x0004,
0.319758916666667,0,0x0311,
0.319885333333333,0,0x0004,
0.319893000000000,0,0x0315,
0.320018500000000,0,0x0001,
0.320026166666667,0,0x1D19,
0.320078250000000,0,0x0003,
0.320085916666667,0,0x241D,
0.320186791666667,0,0x0005,
0.320194458333333,0,0x2D11,
0.320344458333333,0,0x0006,
0.320352125000000,0,0x3B15,
0.320524791666667,0,0x000A,
0.320532500000000,0,0x4119,
0.320803333333333,0,0x0004,
0.320811000000000,0,0x032D,
0.320936833333333,0,0x0001,
0.320944541666667,0,0x1D21,
0.320995750000000,0,0x0003,
0.321003416666667,0,0x2425,
0.321103708333333,0,0x0005,
0.321111375000000,0,0x2D29,
0.321261166666667,0,0x0006,
0.321268833333333,0,0x3B2D,
0.321440541666667,0,0x000A,
0.321448208333333,0,0x4121,
0.329298000000000,0,0x5C3F,
0.329305666666667,0,0x0607,
0.329332750000000,0,0x0004,
0.329340416666667,0,0x0319,
0.329466375000000,0,0x0004,
0.329474041666667,0,0x031D,
0.329600541666667,0,0x0004,
0.329608208333333,0,0x0311,
0.329733958333333,0,0x0004,
0.329741625000000,0,0x0315,
0.329866916666667,0,0x0004,
0.329874583333333,0,0x0319,
0.330000333333333,0,0x0001,
0.330008000000000,0,0x1D1D,
0.330060541666667,0,0x0003,
0.330068208333333,0,0x2411,
0.330169541666667,0,0x0005,
0.330177208333333,0,0x2D15,
0.330326708333333,0,0x0006,
0.330334416666667,0,0x3B19,
0.330507875000000,0,0x000A,
0.330515541666667,0,0x411D,
0.330785458333333,0,0x0004,
0.330793125000000,0,0x0321,
0.330918291666667,0,0x0001,
0.330925958333333,0,0x1D25,
0.330978208333333,0,0x0003,
0.330985875000000,0,0x2429,
0.331085750000000,0,0x0005,
0.331093416666667,0,0x2D2D,
0.331241833333333,0,0x0006,
0.331249500000000,0,0x3B21,
0.331421916666667,0,0x000A,
0.331429583333333,0,0x4125,
0.339328416666667,0,0x6C3F,
0.339336083333333,0,0x060B,
0.339363166666667,0,0x0004,
0.339370833333333,0,0x031D,
0.339497291666667,0,0x0004,
0.339505000000000,0,0x0311,
0.339631375000000,0,0x0004,
0.339639041666667,0,0x0315,
0.339765291666667,0,0x0004,
0.339773000000000,0,0x0319,
0.339900000000000,0,0x0004,
0.339907666666667,0,0x031D,
0.340033666666667,0,0x0001,
0.340041333333333,0,0x1D11,
0.340093666666667,0,0x0003,
0.340101375000000,0,0x2415,
0.340202166666667,0,0x0005,
0.340209833333333,0,0x2D19,
0.340359083333333,0,0x0006,
0.340366750000000,0,0x3B1D,
0.340539750000000,0,0x000A,
0.340547458333333,0,0x4111,
0.340819375000000,0,0x0004,
0.340827083333333,0,0x0325,
0.340952083333333,0,0x0001,
0.340959750000000,0,0x1D29,
0.341012125000000,0,0x0003,
0.341019791666667,0,0x242D,
0.341120416666667,0,0x0005,
0.341128083333333,0,0x2D21,
0.341277083333333,0,0x0006,
0.341284791666667,0,0x3B25,
0.341456958333333,0,0x000A,
0.341464625000000,0,0x4129,
0.349303416666667,0,0x7C3F,
0.349311125000000,0,0x060F,
0.349338458333333,0,0x0004,
0.349346125000000,0,0x0311,
0.349472791666667,0,0x0004,
0.349480458333333,0,0x0315,
0.349606125000000,0,0x0004,
0.349613791666667,0,0x0319,
0.349739583333333,0,0x0004,
0.349747291666667,0,0x031D,
0.349873250000000,0,0x0004,
0.349880916666667,0,0x0311,
0.350007083333333,0,0x0001,
0.350014750000000,0,0x1D15,
0.350067000000000,0,0x0003,
0.350074708333333,0,0x2419,
0.350175666666667,0,0x0005,
0.350183375000000,0,0x2D1D,
0.350332833333333,0,0x0006,
0.350340500000000,0,0x3B11,
0.350513833333333,0,0x000A,
0.350521500000000,0,0x4115,
0.350791750000000,0,0x0004,
0.350799416666667,0,0x0329,
0.350924333333333,0,0x0001,
0.350932000000000,0,0x1D2D,
0.350984291666667,0,0x0003,
0.350991958333333,0,0x2421,
0.351092375000000,0,0x0005,
0.351100041666667,0,0x2D25,
0.351250375000000,0,0x0006,
0.351258041666667,0,0x3B29,
0.351430250000000,0,0x000A,
0.351437916666667,0,0x412D,
0.359454666666667,0,0x8C3F,
0.359462333333333,0,0x0603,
0.359489791666667,0,0x0004,
0.359497500000000,0,0x0315,
0.359623791666667,0,0x0004,
0.359631458333333,0,0x0319,
0.359758125000000,0,0x0004,
0.359765791666667,0,0x031D,
0.359891666666667,0,0x0004,
0.359899333333333,0,0x0311,
0.360025208333333,0,0x0004,
0.360032916666667,0,0x0315,
0.360159416666667,0,0x0001,
0.360167083333333,0,0x1D19,
0.360219125000000,0,0x0003,
0.360226833333333,0,0x241D,
0.360327583333333,0,0x0005,
0.360335291666667,0,0x2D11,
0.360484375000000,0,0x0006,
0.360492083333333,0,0x3B15,
0.360664750000000,0,0x000A,
0.360672416666667,0,0x4119,
0.360943625000000,0,0x0004,
0.360951333333333,0,0x032D,
0.361076291666667,0,0x0001,
0.361084000000000,0,0x1D21,
0.361136333333333,0,0x0003,
0.361144000000000,0,0x2425,
0.361243916666667,0,0x0005,
0.361251583333333,0,0x2D29,
0.361399583333333,0,0x0006,
0.361407250000000,0,0x3B2D,
0.361579833333333,0,0x000A,
0.361587500000000,0,0x4121,
0.369329291666667,0,0x9C3F,
0.369336958333333,0,0x0607,
0.369364333333333,0,0x0004,
0.369372000000000,0,0x0319,
0.369498083333333,0,0x0004,
0.369505791666667,0,0x031D,
0.369632000000000,0,0x0004,
0.369639708333333,0,0x0311,
0.369765625000000,0,0x0004,
0.369773333333333,0,0x0315,
0.369899416666667,0,0x0004,
0.369907125000000,0,0x0319,
0.370033083333333,0,0x0001,
0.370040750000000,0,0x1D1D,
0.370092875000000,0,0x0003,
0.370100541666667,0,0x2411,
0.370200916666667,0,0x0005,
0.370208583333333,0,0x2D15,
0.370358208333333,0,0x0006,
0.370365916666667,0,0x3B19,
0.370539458333333,0,0x000A,
0.370547166666667,0,0x411D,
0.370817875000000,0,0x0004,
0.370825541666667,0,0x0321,
0.370950875000000,0,0x0001,
0.370958583333333,0,0x1D25,
0.371010458333333,0,0x0003,
0.371018166666667,0,0x2429,
0.371118083333333,0,0x0005,
0.371125750000000,0,0x2D2D,
0.371273750000000,0,0x0006,
0.371281458333333,0,0x3B21,
0.371453750000000,0,0x000A,
0.371461416666667,0,0x4125,
0.379318291666667,0,0xAC3F,
0.379325958333333,0,0x060B,
0.379352791666667,0,0x0004,
0.379360500000000,0,0x031D,
0.379487625000000,0,0x0004,
0.379495291666667,0,0x0311,
0.379621875000000,0,0x0004,
0.379629541666667,0,0x0315,
0.379755666666667,0,0x0004,
0.379763375000000,0,0x0319,
0.379889458333333,0,0x0004,
0.379897125000000,0,0x031D,
0.380023250000000,0,0x0001,
0.380030916666667,0,0x1D11,
0.380083291666667,0,0x0003,
0.380090958333333,0,0x2415,
0.380192291666667,0,0x0005,
0.380199958333333,0,0x2D19,
0.380348875000000,0,0x0006,
0.380356541666667,0,0x3B1D,
0.380529416666667,0,0x000A,
0.380537125000000,0,0x4111,
0.380808291666667,0,0x0004,
0.380815958333333,0,0x0325,
0.380942166666667,0,0x0001,
0.380949875000000,0,0x1D29,
0.381001916666667,0,0x0003,
0.381009583333333,0,0x242D,
0.381109833333333,0,0x0005,
0.381117541666667,0,0x2D21,
0.381267500000000,0,0x0006,
0.381275166666667,0,0x3B25,
0.381447750000000,0,0x000A,
0.381455458333333,0,0x4129,
0.389310166666667,0,0xBC3F,
0.389317875000000,0,0x060F,
0.389345041666667,0,0x0004,
0.389352708333333,0,0x0311,
0.389479500000000,0,0x0004,
0.389487208333333,0,0x0315,
0.389613250000000,0,0x0004,
0.389620916666667,0,0x0319,
0.389746750000000,0,0x0004,
0.389754458333333,0,0x031D,
0.389880416666667,0,0x0004,
0.389888083333333,0,0x0311,
0.390014208333333,0,0x0001,
0.390021875000000,0,0x1D15,
0.390074833333333,0,0x0003,
0.390082500000000,0,0x2419,
0.390183083333333,0,0x0005,
0.390190750000000,0,0x2D1D,
0.390340541666667,0,0x0006,
0.390348208333333,0,0x3B11,
0.390521958333333,0,0x000A,
0.390529666666667,0,0x4115,
0.390799833333333,0,0x0004,
0.390807500000000,0,0x0329,
0.390933541666667,0,0x0001,
0.390941208333333,0,0x1D2D,
0.390993083333333,0,0x0003,
0.391000750000000,0,0x2421,
0.391100833333333,0,0x0005,
0.391108500000000,0,0x2D25,
0.391258000000000,0,0x0006,
0.391265666666667,0,0x3B29,
0.391437666666667,0,0x000A,
0.391445375000000,0,0x412D,
0.399307791666667,0,0xCC3F,
0.399315458333333,0,0x0603,
0.399342958333333,0,0x0004,
0.399350666666667,0,0x0315,
0.399477208333333,0,0x0004,
0.399484875000000,0,0x0319,
0.399611166666667,0,0x0004,
0.399618833333333,0,0x031D,
0.399745208333333,0,0x0004,
0.399752916666667,0,0x0311,
0.399878500000000,0,0x0004,
0.399886208333333,0,0x0315,
0.400012250000000,0,0x0001,
0.400019916666667,0,0x1D19,
0.400072875000000,0,0x0003,
0.400080583333333,0,0x241D,
0.400181041666667,0,0x0005,
0.400188750000000,0,0x2D11,
0.400338333333333,0,0x0006,
0.400346000000000,0,0x3B15,
0.400519041666667,0,0x000A,
0.400526750000000,0,0x4119,
0.400796958333333,0,0x0004,
0.400804625000000,0,0x032D,
0.400929875000000,0,0x0001,
0.400937583333333,0,0x1D21,
0.400990000000000,0,0x0003,
0.400997708333333,0,0x2425,
0.401097291666667,0,0x0005,
0.401104958333333,0,0x2D29,
0.401252750000000,0,0x0006,
0.401260416666667,0,0x3B2D,
0.401432583333333,0,0x000A,
0.401440250000000,0,0x4121,
0.409333500000000,0,0xDC3F,
0.409341208333333,0,0x0607,
0.409368166666667,0,0x0004,
0.409375833333333,0,0x0319,
0.409502125000000,0,0x0004,
0.409509833333333,0,0x031D,
0.409635750000000,0,0x0004,
0.409643416666667,0,0x0311,
0.409769750000000,0,0x0004,
0.409777416666667,0,0x0315,
0.409903916666667,0,0x0004,
0.409911583333333,0,0x0319,
0.410039291666667,0,0x0001,
0.410046958333333,0,0x1D1D,
0.410099125000000,0,0x0003,
0.410106791666667,0,0x2411,
0.410207000000000,0,0x0005,
0.410214666666667,0,0x2D15,
0.410363375000000,0,0x0006,
0.410371041666667,0,0x3B19,
0.410543916666667,0,0x000A,
0.410551625000000,0,0x411D,
0.410822500000000,0,0x0004,
0.410830166666667,0,0x0321,
0.410956208333333,0,0x0001,
0.410963875000000,0,0x1D25,
0.411016208333333,0,0x0003,
0.411023875000000,0,0x2429,
0.411124166666667,0,0x0005,
0.411131875000000,0,0x2D2D,
0.411280708333333,0,0x0006,
0.411288375000000,0,0x3B21,
0.411460625000000,0,0x000A,
0.411468291666667,0,0x4125,
0.419364291666667,0,0xEC3F,
0.419372000000000,0,0x060B,
0.419399750000000,0,0x0004,
0.419407416666667,0,0x031D,
0.419533416666667,0,0x0004,
0.419541083333333,0,0x0311,
0.419667458333333,0,0x0004,
0.419675125000000,0,0x0315,
0.419801458333333,0,0x0004,
0.419809125000000,0,0x0319,
0.419935333333333,0,0x0004,
0.419943041666667,0,0x031D,
0.420069125000000,0,0x0001,
0.420076791666667,0,0x1D11,
0.420128791666667,0,0x0003,
0.420136458333333,0,0x2415,
0.420237500000000,0,0x0005,
0.420245166666667,0,0x2D19,
0.420394666666667,0,0x0006,
0.420402375000000,0,0x3B1D,
0.420575625000000,0,0x000A,
0.420583291666667,0,0x4111,
0.420853875000000,0,0x0004,
0.420861541666667,0,0x0325,
0.420987333333333,0,0x0001,
0.420995000000000,0,0x1D29,
0.421047125000000,0,0x0003,
0.421054791666667,0,0x242D,
0.421155500000000,0,0x0005,
0.421163166666667,0,0x2D21,
0.421311500000000,0,0x0006,
0.421319208333333,0,0x3B25,
0.421491333333333,0,0x000A,
0.421499041666667,0,0x4129,
0.429309791666667,0,0xFC3F,
0.429317458333333,0,0x060F,
0.429345291666667,0,0x0004,
0.429352958333333,0,0x0311,
0.429479458333333,0,0x0004,
0.429487166666667,0,0x0315,
0.429614125000000,0,0x0004,
0.429621833333333,0,0x0319,
0.429747416666667,0,0x0004,
0.429755125000000,0,0x031D,
0.429880458333333,0,0x0004,
0.429888166666667,0,0x0311,
0.430014625000000,0,0x0001,
0.430022291666667,0,0x1D15,
0.430074041666667,0,0x0003,
0.430081708333333,0,0x2419,
0.430182083333333,0,0x0005,
0.430189750000000,0,0x2D1D,
0.430338791666667,0,0x0006,
0.430346458333333,0,0x3B11,
0.430519416666667,0,0x000A,
0.430527083333333,0,0x4115,
0.430797416666667,0,0x0004,
0.430805083333333,0,0x0329,
0.430929708333333,0,0x0001,
0.430937375000000,0,0x1D2D,
0.430989541666667,0,0x0003,
0.430997250000000,0,0x2421,
0.431097708333333,0,0x0005,
0.431105375000000,0,0x2D25,
0.431254500000000,0,0x0006,
0.431262166666667,0,0x3B29,
0.431434708333333,0,0x000A,
0.431442416666667,0,0x412D,
0.439342000000000,0,0x0C3F,
0.439349666666667,0,0x0603,
0.439376791666667,0,0x0004,
0.439384500000000,0,0x0315,
0.439510375000000,0,0x0004,
0.439518083333333,0,0x0319,
0.439645083333333,0,0x0004,
0.439652750000000,0,0x031D,
0.439778708333333,0,0x0004,
0.439786375000000,0,0x0311,
0.439913041666667,0,0x0004,
0.439920708333333,0,0x0315,
0.440046958333333,0,0x0001,
0.440054666666667,0,0x1D19,
0.440106875000000,0,0x0003,
0.440114583333333,0,0x241D,
0.440215375000000,0,0x0005,
0.440223083333333,0,0x2D11,
0.440373458333333,0,0x0006,
0.440381166666667,0,0x3B15,
0.440554500000000,0,0x000A,
0.440562208333333,0,0x4119,
0.440833500000000,0,0x0004,
0.440841166666667,0,0x032D,
0.440967375000000,0,0x0001,
0.440975041666667,0,0x1D21,
0.441027583333333,0,0x0003,
0.441035250000000,0,0x2425,
0.441134750000000,0,0x0005,
0.441142458333333,0,0x2D29,
0.441290791666667,0,0x0006,
0.441298458333333,0,0x3B2D,
0.441470708333333,0,0x000A,
0.441478375000000,0,0x4121,
0.449343958333333,0,0x1C3F,
0.449351625000000,0,0x0607,
0.449378958333333,0,0x0004,
0.449386625000000,0,0x0319,
0.449512708333333,0,0x0004,
0.449520375000000,0,0x031D,
0.449646708333333,0,0x0004,
0.449654375000000,0,0x0311,
0.449780916666667,0,0x0004,
0.449788583333333,0,0x0315,
0.449915208333333,0,0x0004,
0.449922875000000,0,0x0319,
0.450049250000000,0,0x0001,
0.450056916666667,0,0x1D1D,
0.450109291666667,0,0x0003,
0.450116958333333,0,0x2411,
0.450217458333333,0,0x0005,
0.450225166666667,0,0x2D15,
0.450374666666667,0,0x0006,
0.450382333333333,0,0x3B19,
0.450555125000000,0,0x000A,
0.450562791666667,0,0x411D,
0.450833833333333,0,0x0004,
0.450841500000000,0,0x0321,
0.450966583333333,0,0x0001,
0.450974250000000,0,0x1D25,
0.451025750000000,0,0x0003,
0.451033416666667,0,0x2429,
0.451133416666667,0,0x0005,
0.451141125000000,0,0x2D2D,
0.451289208333333,0,0x0006,
0.451296875000000,0,0x3B21,
0.451468791666667,0,0x000A,
0.451476500000000,0,0x4125,
0.459498000000000,0,0x2C3F,
0.459505666666667,0,0x060B,
0.459533083333333,0,0x0004,
0.459540750000000,0,0x031D,
0.459667416666667,0,0x0004,
0.459675125000000,0,0x0311,
0.459801291666667,0,0x0004,
0.459809000000000,0,0x0315,
0.459935000000000,0,0x0004,
0.459942708333333,0,0x0319,
0.460068750000000,0,0x0004,
0.460076416666667,0,0x031D,
0.460201500000000,0,0x0001,
0.460209208333333,0,0x1D11,
0.460262166666667,0,0x0003,
0.460269833333333,0,0x2415,
0.460371375000000,0,0x0005,
0.460379041666667,0,0x2D19,
0.460528375000000,0,0x0006,
0.460536041666667,0,0x3B1D,
0.460709708333333,0,0x000A,
0.460717375000000,0,0x4111,
0.460987875000000,0,0x0004,
0.460995541666667,0,0x0325,
0.461120833333333,0,0x0001,
0.461128500000000,0,0x1D29,
0.461180541666667,0,0x0003,
0.461188208333333,0,0x242D,
0.461288958333333,0,0x0005,
0.461296666666667,0,0x2D21,
0.461445208333333,0,0x0006,
0.461452875000000,0,0x3B25,
0.461624208333333,0,0x000A,
0.461631875000000,0,0x4129,
0.469339291666667,0,0x3C3F,
0.469346958333333,0,0x060F,
0.469374958333333,0,0x0004,
0.469382625000000,0,0x0311,
0.469509000000000,0,0x0004,
0.469516666666667,0,0x0315,
0.469643541666667,0,0x0004,
0.469651208333333,0,0x0319,
0.469778000000000,0,0x0004,
0.469785708333333,0,0x031D,
0.469911750000000,0,0x0004,
0.469919416666667,0,0x0311,
0.470045875000000,0,0x0001,
0.470053583333333,0,0x1D15,
0.470106250000000,0,0x0003,
0.470113916666667,0,0x2419,
0.470214708333333,0,0x0005,
0.470222375000000,0,0x2D1D,
0.470372208333333,0,0x0006,
0.470379875000000,0,0x3B11,
0.470553333333333,0,0x000A,
0.470561041666667,0,0x4115,
0.470830958333333,0,0x0004,
0.470838666666667,0,0x0329,
0.470964250000000,0,0x0001,
0.470971916666667,0,0x1D2D,
0.471024000000000,0,0x0003,
0.471031666666667,0,0x2421,
0.471131125000000,0,0x0005,
0.471138791666667,0,0x2D25,
0.471287583333333,0,0x0006,
0.471295250000000,0,0x3B29,
0.471467833333333,0,0x000A,
0.471475541666667,0,0x412D,
0.479328416666667,0,0x4C3F,
0.479336125000000,0,0x0603,
0.479363666666667,0,0x0004,
0.479371333333333,0,0x0315,
0.479498041666667,0,0x0004,
0.479505708333333,0,0x0319,
0.479631916666667,0,0x0004,
0.479639625000000,0,0x031D,
0.479764916666667,0,0x0004,
0.479772625000000,0,0x0311,
0.479899000000000,0,0x0004,
0.479906666666667,0,0x0315,
0.480033083333333,0,0x0001,
0.480040750000000,0,0x1D19,
0.480092791666667,0,0x0003,
0.480100458333333,0,0x241D,
0.480201500000000,0,0x0005,
0.480209166666667,0,0x2D11,
0.480358625000000,0,0x0006,
0.480366333333333,0,0x3B15,
0.480540250000000,0,0x000A,
0.480547916666667,0,0x4119,
0.480818625000000,0,0x0004,
0.480826291666667,0,0x032D,
0.480952833333333,0,0x0001,
0.480960541666667,0,0x1D21,
0.481012500000000,0,0x0003,
0.481020166666667,0,0x2425,
0.481120500000000,0,0x0005,
0.481128166666667,0,0x2D29,
0.481277250000000,0,0x0006,
0.481284916666667,0,0x3B2D,
0.481456916666667,0,0x000A,
0.481464625000000,0,0x4121,
0.489341125000000,0,0x5C3F,
0.489348791666667,0,0x0607,
0.489376583333333,0,0x0004,
0.489384250000000,0,0x0319,
0.489510208333333,0,0x0004,
0.489517916666667,0,0x031D,
0.489644583333333,0,0x0004,
0.489652291666667,0,0x0311,
0.489778041666667,0,0x0004,
0.489785708333333,0,0x0315,
0.489911166666667,0,0x0004,
0.489918833333333,0,0x0319,
0.490045375000000,0,0x0001,
0.490053041666667,0,0x1D1D,
0.490105500000000,0,0x0003,
0.490113166666667,0,0x2411,
0.490213791666667,0,0x0005,
0.490221500000000,0,0x2D15,
0.490370916666667,0,0x0006,
0.490378583333333,0,0x3B19,
0.490551791666667,0,0x000A,
0.490559458333333,0,0x411D,
0.490829500000000,0,0x0004,
0.490837166666667,0,0x0321,
0.490962625000000,0,0x0001,
0.490970291666667,0,0x1D25,
0.491021458333333,0,0x0003,
0.491029166666667,0,0x2429,
0.491128541666667,0,0x0005,
0.491136250000000,0,0x2D2D,
0.491286166666667,0,0x0006,
0.491293833333333,0,0x3B21,
0.491466708333333,0,0x000A,
0.491474375000000,0,0x4125,
0.499336083333333,0,0x6C3F,
0.499343750000000,0,0x060B,
0.499371041666667,0,0x0004,
0.499378708333333,0,0x031D,
0.499505750000000,0,0x0004,
0.499513458333333,0,0x0311,
0.499639708333333,0,0x0004,
0.499647375000000,0,0x0315,
0.499773833333333,0,0x0004,
0.499781500000000,0,0x0319,
0.499908166666667,0,0x0004,
0.499915875000000,0,0x031D,
0.500041875000000,0,0x0001,
0.500049541666667,0,0x1D11,
0.500101416666667,0,0x0003,
0.500109083333333,0,0x2415,
0.500210625000000,0,0x0005,
0.500218291666667,0,0x2D19,
0.500367166666667,0,0x0006,
0.500374833333333,0,0x3B1D,
0.500547791666667,0,0x000A,
0.500555500000000,0,0x4111,
0.500826166666667,0,0x0004,
0.500833833333333,0,0x0325,
0.500958708333333,0,0x0001,
0.500966375000000,0,0x1D29,
0.501019208333333,0,0x0003,
0.501026916666667,0,0x242D,
0.501127500000000,0,0x0005,
0.501135166666667,0,0x2D21,
0.501284708333333,0,0x0006,
0.501292375000000,0,0x3B25,
0.501464875000000,0,0x000A,
0.501472541666667,0,0x4129,
0.509335083333333,0,0x7C3F,
0.509342750000000,0,0x060F,
0.509369833333333,0,0x0004,
0.509377541666667,0,0x0311,
0.509504208333333,0,0x0004,
0.509511875000000,0,0x0315,
0.509638333333333,0,0x0004,
0.509646000000000,0,0x0319,
0.509771833333333,0,0x0004,
0.509779500000000,0,0x031D,
0.509905791666667,0,0x0004,
0.509913500000000,0,0x0311,
0.510039666666667,0,0x0001,
0.510047333333333,0,0x1D15,
0.510099583333333,0,0x0003,
0.510107250000000,0,0x2419,
0.510209000000000,0,0x0005,
0.510216708333333,0,0x2D1D,
0.510366083333333,0,0x0006,
0.510373750000000,0,0x3B11,
0.510547458333333,0,0x000A,
0.510555166666667,0,0x4115,
0.510826333333333,0,0x0004,
0.510834000000000,0,0x0329,
0.510959458333333,0,0x0001,
0.510967125000000,0,0x1D2D,
0.511019250000000,0,0x0003,
0.511026958333333,0,0x2421,
0.511127416666667,0,0x0005,
0.511135083333333,0,0x2D25,
0.511284583333333,0,0x0006,
0.511292291666667,0,0x3B29,
0.511465250000000,0,0x000A,
0.511472916666667,0,0x412D,
0.519376416666667,0,0x8C3F,
0.519384083333333,0,0x0603,
0.519411833333333,0,0x0004,
0.519419541666667,0,0x0315,
0.519545791666667,0,0x0004,
0.519553500000000,0,0x0319,
0.519678875000000,0,0x0004,
0.519686541666667,0,0x031D,
0.519813125000000,0,0x0004,
0.519820791666667,0,0x0311,
0.519947000000000,0,0x0004,
0.519954666666667,0,0x0315,
0.520080291666667,0,0x0001,
0.520088000000000,0,0x1D19,
0.520140125000000,0,0x0003,
0.520147791666667,0,0x241D,
0.520249375000000,0,0x0005,
0.520257041666667,0,0x2D11,
0.520406333333333,0,0x0006,
0.520414041666667,0,0x3B15,
0.520588458333333,0,0x000A,
0.520596125000000,0,0x4119,
0.520866250000000,0,0x0004,
0.520873958333333,0,0x032D,
0.520998958333333,0,0x0001,
0.521006625000000,0,0x1D21,
0.521058625000000,0,0x0003,
0.521066291666667,0,0x2425,
0.521166083333333,0,0x0005,
0.521173750000000,0,0x2D29,
0.521322708333333,0,0x0006,
0.521330375000000,0,0x3B2D,
0.521502666666667,0,0x000A,
0.521510333333333,0,0x4121,
0.529335208333333,0,0x9C3F,
0.529342875000000,0,0x0607,
0.529370208333333,0,0x0004,
0.529377875000000,0,0x0319,
0.529504541666667,0,0x0004,
0.529512208333333,0,0x031D,
0.529639375000000,0,0x0004,
0.529647041666667,0,0x0311,
0.529773625000000,0,0x0004,
0.529781291666667,0,0x0315,
0.529907041666667,0,0x0004,
0.529914708333333,0,0x0319,
0.530040875000000,0,0x0001,
0.530048541666667,0,0x1D1D,
0.530100250000000,0,0x0003,
0.530107916666667,0,0x2411,
0.530208416666667,0,0x0005,
0.530216125000000,0,0x2D15,
0.530365083333333,0,0x0006,
0.530372750000000,0,0x3B19,
0.530545791666667,0,0x000A,
0.530553458333333,0,0x411D,
0.530823375000000,0,0x0004,
0.530831041666667,0,0x0321,
0.530956833333333,0,0x0001,
0.530964500000000,0,0x1D25,
0.531016500000000,0,0x0003,
0.531024166666667,0,0x2429,
0.531124625000000,0,0x0005,
0.531132291666667,0,0x2D2D,
0.531282458333333,0,0x0006,
0.531290125000000,0,0x3B21,
0.531462875000000,0,0x000A,
0.531470541666667,0,0x4125,
0.539330500000000,0,0xAC3F,
0.539338166666667,0,0x060B,
0.539365291666667,0,0x0004,
0.539372958333333,0,0x031D,
0.539499041666667,0,0x0004,
0.539506708333333,0,0x0311,
0.539632708333333,0,0x0004,
0.539640375000000,0,0x0315,
0.539766208333333,0,0x0004,
0.539773916666667,0,0x0319,
0.539900458333333,0,0x0004,
0.539908166666667,0,0x031D,
0.540034208333333,0,0x0001,
0.540041916666667,0,0x1D11,
0.540093916666667,0,0x0003,
0.540101625000000,0,0x2415,
0.540202833333333,0,0x0005,
0.540210500000000,0,0x2D19,
0.540359666666667,0,0x0006,
0.540367375000000,0,0x3B1D,
0.540540916666667,0,0x000A,
0.540548625000000,0,0x4111,
0.540819500000000,0,0x0004,
0.540827166666667,0,0x0325,
0.540953083333333,0,0x0001,
0.540960750000000,0,0x1D29,
0.541013000000000,0,0x0003,
0.541020666666667,0,0x242D,
0.541120666666667,0,0x0005,
0.541128333333333,0,0x2D21,
0.541278333333333,0,0x0006,
0.541286000000000,0,0x3B25,
0.541459041666667,0,0x000A,
0.541466708333333,0,0x4129,
0.549337083333333,0,0xBC3F,
0.549344791666667,0,0x060F,
0.549372083333333,0,0x0004,
0.549379750000000,0,0x0311,
0.549507041666667,0,0x0004,
0.549514708333333,0,0x0315,
0.549641750000000,0,0x0004,
0.549649416666667,0,0x0319,
0.549775541666667,0,0x0004,
0.549783208333333,0,0x031D,
0.549909250000000,0,0x0004,
0.549916916666667,0,0x0311,
0.550043208333333,0,0x0001,
0.550050875000000,0,0x1D15,
0.550103166666667,0,0x0003,
0.550110833333333,0,0x2419,
0.550211125000000,0,0x0005,
0.550218833333333,0,0x2D1D,
0.550367708333333,0,0x0006,
0.550375416666667,0,0x3B11,
0.550548208333333,0,0x000A,
0.550555875000000,0,0x4115,
0.550826833333333,0,0x0004,
0.550834541666667,0,0x0329,
0.550960708333333,0,0x0001,
0.550968375000000,0,0x1D2D,
0.551020250000000,0,0x0003,
0.551027916666667,0,0x2421,
0.551128166666667,0,0x0005,
0.551135833333333,0,0x2D25,
0.551284791666667,0,0x0006,
0.551292458333333,0,0x3B29,
0.551465083333333,0,0x000A,
0.551472791666667,0,0x412D,
0.559507458333333,0,0xCC3F,
0.559515125000000,0,0x0603,
0.559541833333333,0,0x0004,
0.559549541666667,0,0x0315,
0.559675708333333,0,0x0004,
0.559683375000000,0,0x0319,
0.559809208333333,0,0x0004,
0.559816875000000,0,0x031D,
0.559942750000000,0,0x0004,
0.559950416666667,0,0x0311,
0.560076583333333,0,0x0004,
0.560084250000000,0,0x0315,
0.560210333333333,0,0x0001,
0.560218041666667,0,0x1D19,
0.560270291666667,0,0x0003,
0.560277958333333,0,0x241D,
0.560379250000000,0,0x0005,
0.560386916666667,0,0x2D11,
0.560535875000000,0,0x0006,
0.560543541666667,0,0x3B15,
0.560716166666667,0,0x000A,
0.560723833333333,0,0x4119,
0.560993875000000,0,0x0004,
0.561001583333333,0,0x032D,
0.561126833333333,0,0x0001,
0.561134500000000,0,0x1D21,
0.561187208333333,0,0x0003,
0.561194916666667,0,0x2425,
0.561294833333333,0,0x0005,
0.561302500000000,0,0x2D29,
0.561450583333333,0,0x0006,
0.561458250000000,0,0x3B2D,
0.561629375000000,0,0x000A,
0.561637041666667,0,0x4121,
0.569383666666667,0,0xDC3F,
0.569391375000000,0,0x0607,
0.569420041666667,0,0x0004,
0.569427708333333,0,0x0319,
0.569553750000000,0,0x0004,
0.569561458333333,0,0x031D,
0.569687708333333,0,0x0004,
0.569695375000000,0,0x0311,
0.569821125000000,0,0x0004,
0.569828833333333,0,0x0315,
0.569954708333333,0,0x0004,
0.569962375000000,0,0x0319,
0.570088625000000,0,0x0001,
0.570096291666667,0,0x1D1D,
0.570148750000000,0,0x0003,
0.570156416666667,0,0x2411,
0.570256708333333,0,0x0005,
0.570264375000000,0,0x2D15,
0.570413541666667,0,0x0006,
0.570421208333333,0,0x3B19,
0.570593916666667,0,0x000A,
0.570601583333333,0,0x411D,
0.570872125000000,0,0x0004,
0.570879791666667,0,0x0321,
0.571005125000000,0,0x0001,
0.571012833333333,0,0x1D25,
0.571064541666667,0,0x0003,
0.571072208333333,0,0x2429,
0.571172125000000,0,0x0005,
0.571179791666667,0,0x2D2D,
0.571328208333333,0,0x0006,
0.571335875000000,0,0x3B21,
0.571508000000000,0,0x000A,
0.571515666666667,0,0x4125,
0.579328041666667,0,0xEC3F,
0.579335750000000,0,0x060B,
0.579363333333333,0,0x0004,
0.579371041666667,0,0x031D,
0.579498250000000,0,0x0004,
0.579505958333333,0,0x0311,
0.579632166666667,0,0x0004,
0.579639833333333,0,0x0315,
0.579765708333333,0,0x0004,
0.579773375000000,0,0x0319,
0.579900166666667,0,0x0004,
0.579907833333333,0,0x031D,
0.580034250000000,0,0x0001,
0.580041916666667,0,0x1D11,
0.580094416666667,0,0x0003,
0.580102083333333,0,0x2415,
0.580202750000000,0,0x0005,
0.580210416666667,0,0x2D19,
0.580359333333333,0,0x0006,
0.580367041666667,0,0x3B1D,
0.580539958333333,0,0x000A,
0.580547625000000,0,0x4111,
0.580818833333333,0,0x0004,
0.580826541666667,0,0x0325,
0.580952458333333,0,0x0001,
0.580960125000000,0,0x1D29,
0.581012583333333,0,0x0003,
0.581020250000000,0,0x242D,
0.581120541666667,0,0x0005,
0.581128208333333,0,0x2D21,
0.581277541666667,0,0x0006,
0.581285250000000,0,0x3B25,
0.581457375000000,0,0x000A,
0.581465083333333,0,0x4129,
0.589341291666667,0,0xFC3F,
0.589349000000000,0,0x060F,
0.589376291666667,0,0x0004,
0.589384000000000,0,0x0311,
0.589510541666667,0,0x0004,
0.589518250000000,0,0x0315,
0.589645166666667,0,0x0004,
0.589652833333333,0,0x0319,
0.589778791666667,0,0x0004,
0.589786458333333,0,0x031D,
0.589912750000000,0,0x0004,
0.589920416666667,0,0x0311,
0.590046458333333,0,0x0001,
0.590054125000000,0,0x1D15,
0.590106250000000,0,0x0003,
0.590113916666667,0,0x2419,
0.590215541666667,0,0x0005,
0.590223208333333,0,0x2D1D,
0.590372500000000,0,0x0006,
0.590380166666667,0,0x3B11,
0.590553166666667,0,0x000A,
0.590560833333333,0,0x4115,
0.590830958333333,0,0x0004,
0.590838625000000,0,0x0329,
0.590964291666667,0,0x0001,
0.590971958333333,0,0x1D2D,
0.591023916666667,0,0x0003,
0.591031583333333,0,0x2421,
0.591131333333333,0,0x0005,
0.591139000000000,0,0x2D25,
0.591288750000000,0,0x0006,
0.591296416666667,0,0x3B29,
0.591469500000000,0,0x000A,
0.591477166666667,0,0x412D,
0.599355458333333,0,0x0C3F,
0.599363166666667,0,0x0603,
0.599390500000000,0,0x0004,
0.599398166666667,0,0x0315,
0.599524083333333,0,0x0004,
0.599531750000000,0,0x0319,
0.599658375000000,0,0x0004,
0.599666041666667,0,0x031D,
0.599792500000000,0,0x0004,
0.599800166666667,0,0x0311,
0.599926750000000,0,0x0004,
0.599934416666667,0,0x0315,
0.600061041666667,0,0x0001,
0.600068708333333,0,0x1D19,
0.600120958333333,0,0x0003,
0.600128625000000,0,0x241D,
0.600229666666667,0,0x0005,
0.600237333333333,0,0x2D11,
0.600386833333333,0,0x0006,
0.600394500000000,0,0x3B15,
0.600567666666667,0,0x000A,
0.600575333333333,0,0x4119,
0.600846250000000,0,0x0004,
0.600853916666667,0,0x032D,
0.600979750000000,0,0x0001,
0.600987458333333,0,0x1D21,
0.601038958333333,0,0x0003,
0.601046625000000,0,0x2425,
0.601146416666667,0,0x0005,
0.601154083333333,0,0x2D29,
0.601301750000000,0,0x0006,
0.601309416666667,0,0x3B2D,
0.601481333333333,0,0x000A,
0.601489041666667,0,0x4121,
0.609342750000000,0,0x1C3F,
0.609350458333333,0,0x0607,
0.609378125000000,0,0x0004,
0.609385791666667,0,0x0319,
0.609511708333333,0,0x0004,
0.609519416666667,0,0x031D,
0.609645958333333,0,0x0004,
0.609653625000000,0,0x0311,
0.609780000000000,0,0x0004,
0.609787666666667,0,0x0315,
0.609914833333333,0,0x0004,
0.609922500000000,0,0x0319,
0.610048333333333,0,0x0001,
0.610056000000000,0,0x1D1D,
0.610108208333333,0,0x0003,
0.610115875000000,0,0x2411,
0.610216750000000,0,0x0005,
0.610224458333333,0,0x2D15,
0.610374333333333,0,0x0006,
0.610382041666667,0,0x3B19,
0.610555250000000,0,0x000A,
0.610562958333333,0,0x411D,
0.610833875000000,0,0x0004,
0.610841541666667,0,0x0321,
0.610966916666667,0,0x0001,
0.610974625000000,0,0x1D25,
0.611026541666667,0,0x0003,
0.611034208333333,0,0x2429,
0.611133833333333,0,0x0005,
0.611141500000000,0,0x2D2D,
0.611291333333333,0,0x0006,
0.611299041666667,0,0x3B21,
0.611471541666667,0,0x000A,
0.611479208333333,0,0x4125,
0.619351208333333,0,0x2C3F,
0.619358875000000,0,0x060B,
0.619386166666667,0,0x0004,
0.619393875000000,0,0x031D,
0.619520208333333,0,0x0004,
0.619527875000000,0,0x0311,
0.619654791666667,0,0x0004,
0.619662458333333,0,0x0315,
0.619788500000000,0,0x0004,
0.619796208333333,0,0x0319,
0.619923125000000,0,0x0004,
0.619930791666667,0,0x031D,
0.620057708333333,0,0x0001,
0.620065375000000,0,0x1D11,
0.620118000000000,0,0x0003,
0.620125666666667,0,0x2415,
0.620226166666667,0,0x0005,
0.620233875000000,0,0x2D19,
0.620384041666667,0,0x0006,
0.620391708333333,0,0x3B1D,
0.620563791666667,0,0x000A,
0.620571458333333,0,0x4111,
0.620843000000000,0,0x0004,
0.620850666666667,0,0x0325,
0.620976041666667,0,0x0001,
0.620983708333333,0,0x1D29,
0.621035375000000,0,0x0003,
0.621043041666667,0,0x242D,
0.621143250000000,0,0x0005,
0.621150916666667,0,0x2D21,
0.621300375000000,0,0x0006,
0.621308083333333,0,0x3B25,
0.621480583333333,0,0x000A,
0.621488250000000,0,0x4129,
0.629358000000000,0,0x3C3F,
0.629365666666667,0,0x060F,
0.629392958333333,0,0x0004,
0.629400625000000,0,0x0311,
0.629527166666667,0,0x0004,
0.629534833333333,0,0x0315,
0.629661833333333,0,0x0004,
0.629669541666667,0,0x0319,
0.629796000000000,0,0x0004,
0.629803708333333,0,0x031D,
0.629930166666667,0,0x0004,
0.629937833333333,0,0x0311,
0.630064041666667,0,0x0001,
0.630071750000000,0,0x1D15,
0.630124000000000,0,0x0003,
0.630131666666667,0,0x2419,
0.630232083333333,0,0x0005,
0.630239750000000,0,0x2D1D,
0.630389875000000,0,0x0006,
0.630397541666667,0,0x3B11,
0.630570250000000,0,0x000A,
0.630577916666667,0,0x4115,
0.630848250000000,0,0x0004,
0.630855916666667,0,0x0329,
0.630980916666667,0,0x0001,
0.630988583333333,0,0x1D2D,
0.631040750000000,0,0x0003,
0.631048416666667,0,0x2421,
0.631148583333333,0,0x0005,
0.631156291666667,0,0x2D25,
0.631304291666667,0,0x0006,
0.631311958333333,0,0x3B29,
0.631484291666667,0,0x000A,
0.631491958333333,0,0x412D,
0.639353041666667,0,0x4C3F,
0.639360708333333,0,0x0603,
0.639387750000000,0,0x0004,
0.639395416666667,0,0x0315,
0.639521333333333,0,0x0004,
0.639529000000000,0,0x0319,
0.639655708333333,0,0x0004,
0.639663416666667,0,0x031D,
0.639789833333333,0,0x0004,
0.639797500000000,0,0x0311,
0.639924458333333,0,0x0004,
0.639932125000000,0,0x0315,
0.640058666666667,0,0x0001,
0.640066333333333,0,0x1D19,
0.640118458333333,0,0x0003,
0.640126125000000,0,0x241D,
0.640227000000000,0,0x0005,
0.640234666666667,0,0x2D11,
0.640384166666667,0,0x0006,
0.640391875000000,0,0x3B15,
0.640565041666667,0,0x000A,
0.640572708333333,0,0x4119,
0.640844666666667,0,0x0004,
0.640852333333333,0,0x032D,
0.640978333333333,0,0x0001,
0.640986000000000,0,0x1D21,
0.641037708333333,0,0x0003,
0.641045375000000,0,0x2425,
0.641144833333333,0,0x0005,
0.641152541666667,0,0x2D29,
0.641300708333333,0,0x0006,
0.641308375000000,0,0x3B2D,
0.641480500000000,0,0x000A,
0.641488166666667,0,0x4121,
0.649347791666667,0,0x5C3F,
0.649355458333333,0,0x0607,
0.649382708333333,0,0x0004,
0.649390375000000,0,0x0319,
0.649517041666667,0,0x0004,
0.649524708333333,0,0x031D,
0.649651875000000,0,0x0004,
0.649659541666667,0,0x0311,
0.649786416666667,0,0x0004,
0.649794125000000,0,0x0315,
0.649920416666667,0,0x0004,
0.649928125000000,0,0x0319,
0.650054000000000,0,0x0001,
0.650061708333333,0,0x1D1D,
0.650113666666667,0,0x0003,
0.650121333333333,0,0x2411,
0.650222708333333,0,0x0005,
0.650230375000000,0,0x2D15,
0.650380541666667,0,0x0006,
0.650388208333333,0,0x3B19,
0.650561541666667,0,0x000A,
0.650569208333333,0,0x411D,
0.650839958333333,0,0x0004,
0.650847625000000,0,0x0321,
0.650973000000000,0,0x0001,
0.650980708333333,0,0x1D25,
0.651032416666667,0,0x0003,
0.651040083333333,0,0x2429,
0.651139625000000,0,0x0005,
0.651147291666667,0,0x2D2D,
0.651297250000000,0,0x0006,
0.651304916666667,0,0x3B21,
0.651476791666667,0,0x000A,
0.651484458333333,0,0x4125,
0.659488375000000,0,0x6C3F,
0.659496041666667,0,0x060B,
0.659523666666667,0,0x0004,
0.659531333333333,0,0x031D,
0.659658500000000,0,0x0004,
0.659666166666667,0,0x0311,
0.659793625000000,0,0x0004,
0.659801333333333,0,0x0315,
0.659928250000000,0,0x0004,
0.659935958333333,0,0x0319,
0.660062458333333,0,0x0004,
0.660070125000000,0,0x031D,
0.660195916666667,0,0x0001,
0.660203583333333,0,0x1D11,
0.660256166666667,0,0x0003,
0.660263875000000,0,0x2415,
0.660364458333333,0,0x0005,
0.660372166666667,0,0x2D19,
0.660521500000000,0,0x0006,
0.660529166666667,0,0x3B1D,
0.660701916666667,0,0x000A,
0.660709625000000,0,0x4111,
0.660979750000000,0,0x0004,
0.660987458333333,0,0x0325,
0.661112291666667,0,0x0001,
0.661119958333333,0,0x1D29,
0.661172541666667,0,0x0003,
0.661180250000000,0,0x242D,
0.661281250000000,0,0x0005,
0.661288916666667,0,0x2D21,
0.661437166666667,0,0x0006,
0.661444833333333,0,0x3B25,
0.661616750000000,0,0x000A,
0.661624416666667,0,0x4129,
0.669366083333333,0,0x7C3F,
0.669373791666667,0,0x060F,
0.669401375000000,0,0x0004,
0.669409041666667,0,0x0311,
0.669535625000000,0,0x0004,
0.669543291666667,0,0x0315,
0.669669083333333,0,0x0004,
0.669676791666667,0,0x0319,
0.669803750000000,0,0x0004,
0.669811416666667,0,0x031D,
0.669938125000000,0,0x0004,
0.669945791666667,0,0x0311,
0.670071666666667,0,0x0001,
0.670079333333333,0,0x1D15,
0.670131958333333,0,0x0003,
0.670139666666667,0,0x2419,
0.670240916666667,0,0x0005,
0.670248583333333,0,0x2D1D,
0.670398208333333,0,0x0006,
0.670405875000000,0,0x3B11,
0.670579250000000,0,0x000A,
0.670586916666667,0,0x4115,
0.670857333333333,0,0x0004,
0.670865041666667,0,0x0329,
0.670989333333333,0,0x0001,
0.670997000000000,0,0x1D2D,
0.671049500000000,0,0x0003,
0.671057166666667,0,0x2421,
0.671156833333333,0,0x0005,
0.671164500000000,0,0x2D25,
0.671313250000000,0,0x0006,
0.671320916666667,0,0x3B29,
0.671492708333333,0,0x000A,
0.671500416666667,0,0x412D,
0.679348583333333,0,0x8C3F,
0.679356250000000,0,0x0603,
0.679383416666667,0,0x0004,
0.679391125000000,0,0x0315,
0.679517708333333,0,0x0004,
0.679525375000000,0,0x0319,
0.679652000000000,0,0x0004,
0.679659666666667,0,0x031D,
0.679786041666667,0,0x0004,
0.679793708333333,0,0x0311,
0.679919625000000,0,0x0004,
0.679927291666667,0,0x0315,
0.680053458333333,0,0x0001,
0.680061125000000,0,0x1D19,
0.680113500000000,0,0x0003,
0.680121208333333,0,0x241D,
0.680222333333333,0,0x0005,
0.680230041666667,0,0x2D11,
0.680379833333333,0,0x0006,
0.680387541666667,0,0x3B15,
0.680560958333333,0,0x000A,
0.680568666666667,0,0x4119,
0.680840208333333,0,0x0004,
0.680847875000000,0,0x032D,
0.680973916666667,0,0x0001,
0.680981583333333,0,0x1D21,
0.681034208333333,0,0x0003,
0.681041875000000,0,0x2425,
0.681142500000000,0,0x0005,
0.681150166666667,0,0x2D29,
0.681299916666667,0,0x0006,
0.681307625000000,0,0x3B2D,
0.681479875000000,0,0x000A,
0.681487541666667,0,0x4121,
0.689392916666667,0,0x9C3F,
0.689400583333333,0,0x0607,
0.689428583333333,0,0x0004,
0.689436250000000,0,0x0319,
0.689562208333333,0,0x0004,
0.689569875000000,0,0x031D,
0.689696541666667,0,0x0004,
0.689704208333333,0,0x0311,
0.689829541666667,0,0x0004,
0.689837208333333,0,0x0315,
0.689963291666667,0,0x0004,
0.689970958333333,0,0x0319,
0.690097208333333,0,0x0001,
0.690104875000000,0,0x1D1D,
0.690156625000000,0,0x0003,
0.690164291666667,0,0x2411,
0.690264833333333,0,0x0005,
0.690272500000000,0,0x2D15,
0.690421541666667,0,0x0006,
0.690429208333333,0,0x3B19,
0.690602250000000,0,0x000A,
0.690609916666667,0,0x411D,
0.690880541666667,0,0x0004,
0.690888250000000,0,0x0321,
0.691013166666667,0,0x0001,
0.691020875000000,0,0x1D25,
0.691073166666667,0,0x0003,
0.691080833333333,0,0x2429,
0.691181291666667,0,0x0005,
0.691188958333333,0,0x2D2D,
0.691337833333333,0,0x0006,
0.691345541666667,0,0x3B21,
0.691517791666667,0,0x000A,
0.691525500000000,0,0x4125,
0.699359666666667,0,0xAC3F,
0.699367333333333,0,0x060B,
0.699394833333333,0,0x0004,
0.699402541666667,0,0x031D,
0.699528583333333,0,0x0004,
0.699536291666667,0,0x0311,
0.699662791666667,0,0x0004,
0.699670458333333,0,0x0315,
0.699796666666667,0,0x0004,
0.699804333333333,0,0x0319,
0.699930750000000,0,0x0004,
0.699938416666667,0,0x031D,
0.700065416666667,0,0x0001,
0.700073083333333,0,0x1D11,
0.700125125000000,0,0x0003,
0.700132791666667,0,0x2415,
0.700233333333333,0,0x0005,
0.700241000000000,0,0x2D19,
0.700391083333333,0,0x0006,
0.700398791666667,0,0x3B1D,
0.700572041666667,0,0x000A,
0.700579750000000,0,0x4111,
0.700851166666667,0,0x0004,
0.700858833333333,0,0x0325,
0.700984833333333,0,0x0001,
0.700992500000000,0,0x1D29,
0.701044625000000,0,0x0003,
0.701052291666667,0,0x242D,
0.701151958333333,0,0x0005,
0.701159625000000,0,0x2D21,
0.701309166666667,0,0x0006,
0.701316833333333,0,0x3B25,
0.701489041666667,0,0x000A,
0.701496708333333,0,0x4129,
0.709347500000000,0,0xBC3F,
0.709355208333333,0,0x060F,
0.709382958333333,0,0x0004,
0.709390666666667,0,0x0311,
0.709516625000000,0,0x0004,
0.709524291666667,0,0x0315,
0.709651458333333,0,0x0004,
0.709659125000000,0,0x0319,
0.709785083333333,0,0x0004,
0.709792750000000,0,0x031D,
0.709919166666667,0,0x0004,
0.709926833333333,0,0x0311,
0.710052583333333,0,0x0001,
0.710060291666667,0,0x1D15,
0.710112666666667,0,0x0003,
0.710120375000000,0,0x2419,
0.710220625000000,0,0x0005,
0.710228291666667,0,0x2D1D,
0.710378166666667,0,0x0006,
0.710385833333333,0,0x3B11,
0.710558541666667,0,0x000A,
0.710566208333333,0,0x4115,
0.710837125000000,0,0x0004,
0.710844791666667,0,0x0329,
0.710970500000000,0,0x0001,
0.710978166666667,0,0x1D2D,
0.711030125000000,0,0x0003,
0.711037791666667,0,0x2421,
0.711138083333333,0,0x0005,
0.711145750000000,0,0x2D25,
0.711295041666667,0,0x0006,
0.711302708333333,0,0x3B29,
0.711474833333333,0,0x000A,
0.711482541666667,0,0x412D,
0.719365500000000,0,0xCC3F,
0.719373208333333,0,0x0603,
0.719399958333333,0,0x0004,
0.719407666666667,0,0x0315,
0.719534375000000,0,0x0004,
0.719542041666667,0,0x0319,
0.719668208333333,0,0x0004,
0.719675875000000,0,0x031D,
0.719802125000000,0,0x0004,
0.719809833333333,0,0x0311,
0.719937166666667,0,0x0004,
0.719944833333333,0,0x0315,
0.720071000000000,0,0x0001,
0.720078666666667,0,0x1D19,
0.720131083333333,0,0x0003,
0.720138791666667,0,0x241D,
0.720239250000000,0,0x0005,
0.720246916666667,0,0x2D11,
0.720396833333333,0,0x0006,
0.720404500000000,0,0x3B15,
0.720577750000000,0,0x000A,
0.720585416666667,0,0x4119,
0.720856041666667,0,0x0004,
0.720863708333333,0,0x032D,
0.720989083333333,0,0x0001,
0.720996750000000,0,0x1D21,
0.721048833333333,0,0x0003,
0.721056500000000,0,0x2425,
0.721156375000000,0,0x0005,
0.721164041666667,0,0x2D29,
0.721312541666667,0,0x0006,
0.721320208333333,0,0x3B2D,
0.721491708333333,0,0x000A,
0.721499375000000,0,0x4121,
0.729352083333333,0,0xDC3F,
0.729359791666667,0,0x0607,
0.729387458333333,0,0x0004,
0.729395125000000,0,0x0319,
0.729521708333333,0,0x0004,
0.729529375000000,0,0x031D,
0.729655666666667,0,0x0004,
0.729663333333333,0,0x0311,
0.729789166666667,0,0x0004,
0.729796833333333,0,0x0315,
0.729923333333333,0,0x0004,
0.729931000000000,0,0x0319,
0.730056625000000,0,0x0001,
0.730064291666667,0,0x1D1D,
0.730116458333333,0,0x0003,
0.730124166666667,0,0x2411,
0.730225833333333,0,0x0005,
0.730233541666667,0,0x2D15,
0.730382583333333,0,0x0006,
0.730390250000000,0,0x3B19,
0.730564041666667,0,0x000A,
0.730571708333333,0,0x411D,
0.730841708333333,0,0x0004,
0.730849416666667,0,0x0321,
0.730974750000000,0,0x0001,
0.730982458333333,0,0x1D25,
0.731034625000000,0,0x0003,
0.731042333333333,0,0x2429,
0.731143125000000,0,0x0005,
0.731150833333333,0,0x2D2D,
0.731300000000000,0,0x0006,
0.731307708333333,0,0x3B21,
0.731481125000000,0,0x000A,
0.731488791666667,0,0x4125,
0.739361583333333,0,0xEC3F,
0.739369250000000,0,0x060B,
0.739396916666667,0,0x0004,
0.739404583333333,0,0x031D,
0.739530458333333,0,0x0004,
0.739538125000000,0,0x0311,
0.739665166666667,0,0x0004,
0.739672875000000,0,0x0315,
0.739799208333333,0,0x0004,
0.739806875000000,0,0x0319,
0.739933250000000,0,0x0004,
0.739940916666667,0,0x031D,
0.740067291666667,0,0x0001,
0.740075000000000,0,0x1D11,
0.740127125000000,0,0x0003,
0.740134791666667,0,0x2415,
0.740236541666667,0,0x0005,
0.740244208333333,0,0x2D19,
0.740393458333333,0,0x0006,
0.740401125000000,0,0x3B1D,
0.740573500000000,0,0x000A,
0.740581166666667,0,0x4111,
0.740852000000000,0,0x0004,
0.740859666666667,0,0x0325,
0.740986041666667,0,0x0001,
0.740993708333333,0,0x1D29,
0.741046041666667,0,0x0003,
0.741053708333333,0,0x242D,
0.741154041666667,0,0x0005,
0.741161708333333,0,0x2D21,
0.741311750000000,0,0x0006,
0.741319458333333,0,0x3B25,
0.741491333333333,0,0x000A,
0.741499000000000,0,0x4129,
0.749357125000000,0,0xFC3F,
0.749364791666667,0,0x060F,
0.749392208333333,0,0x0004,
0.749399916666667,0,0x0311,
0.749526708333333,0,0x0004,
0.749534375000000,0,0x0315,
0.749661750000000,0,0x0004,
0.749669416666667,0,0x0319,
0.749795708333333,0,0x0004,
0.749803375000000,0,0x031D,
0.749929250000000,0,0x0004,
0.749936958333333,0,0x0311,
0.750063416666667,0,0x0001,
0.750071083333333,0,0x1D15,
0.750123458333333,0,0x0003,
0.750131125000000,0,0x2419,
0.750232000000000,0,0x0005,
0.750239708333333,0,0x2D1D,
0.750388458333333,0,0x0006,
0.750396125000000,0,0x3B11,
0.750569000000000,0,0x000A,
0.750576666666667,0,0x4115,
0.750847500000000,0,0x0004,
0.750855166666667,0,0x0329,
0.750981166666667,0,0x0001,
0.750988875000000,0,0x1D2D,
0.751040541666667,0,0x0003,
0.751048208333333,0,0x2421,
0.751148375000000,0,0x0005,
0.751156083333333,0,0x2D25,
0.751304583333333,0,0x0006,
0.751312250000000,0,0x3B29,
0.751485208333333,0,0x000A,
0.751492875000000,0,0x412D,
0.759524375000000,0,0x0C3F,
0.759532041666667,0,0x0603,
0.759559375000000,0,0x0004,
0.759567083333333,0,0x0315,
0.759693041666667,0,0x0004,
0.759700708333333,0,0x0319,
0.759826625000000,0,0x0004,
0.759834291666667,0,0x031D,
0.759960083333333,0,0x0004,
0.759967750000000,0,0x0311,
0.760093250000000,0,0x0004,
0.760100916666667,0,0x0315,
0.760227166666667,0,0x0001,
0.760234833333333,0,0x1D19,
0.760287083333333,0,0x0003,
0.760294750000000,0,0x241D,
0.760395875000000,0,0x0005,
0.760403583333333,0,0x2D11,
0.760552708333333,0,0x0006,
0.760560375000000,0,0x3B15,
0.760733583333333,0,0x000A,
0.760741250000000,0,0x4119,
0.761010833333333,0,0x0004,
0.761018500000000,0,0x032D,
0.761143750000000,0,0x0001,
0.761151416666667,0,0x1D21,
0.761203833333333,0,0x0003,
0.761211500000000,0,0x2425,
0.761310833333333,0,0x0005,
0.761318500000000,0,0x2D29,
0.761466083333333,0,0x0006,
0.761473791666667,0,0x3B2D,
0.761645833333333,0,0x000A,
0.761653500000000,0,0x4121,
0.769398000000000,0,0x1C3F,
0.769405666666667,0,0x0607,
0.769433083333333,0,0x0004,
0.769440791666667,0,0x0319,
0.769566875000000,0,0x0004,
0.769574541666667,0,0x031D,
0.769700583333333,0,0x0004,
0.769708250000000,0,0x0311,
0.769834250000000,0,0x0004,
0.769841916666667,0,0x0315,
0.769968333333333,0,0x0004,
0.769976000000000,0,0x0319,
0.770102083333333,0,0x0001,
0.770109750000000,0,0x1D1D,
0.770161750000000,0,0x0003,
0.770169458333333,0,0x2411,
0.770270458333333,0,0x0005,
0.770278166666667,0,0x2D15,
0.770427041666667,0,0x0006,
0.770434708333333,0,0x3B19,
0.770608708333333,0,0x000A,
0.770616416666667,0,0x411D,
0.770886791666667,0,0x0004,
0.770894500000000,0,0x0321,
0.771019791666667,0,0x0001,
0.771027458333333,0,0x1D25,
0.771079875000000,0,0x0003,
0.771087541666667,0,0x2429,
0.771187125000000,0,0x0005,
0.771194833333333,0,0x2D2D,
0.771343958333333,0,0x0006,
0.771351625000000,0,0x3B21,
0.771524458333333,0,0x000A,
0.771532125000000,0,0x4125,
0.779357041666667,0,0x2C3F,
0.779364708333333,0,0x060B,
0.779391875000000,0,0x0004,
0.779399541666667,0,0x031D,
0.779525458333333,0,0x0004,
0.779533125000000,0,0x0311,
0.779659416666667,0,0x0004,
0.779667125000000,0,0x0315,
0.779792750000000,0,0x0004,
0.779800416666667,0,0x0319,
0.779927541666667,0,0x0004,
0.779935250000000,0,0x031D,
0.780061416666667,0,0x0001,
0.780069083333333,0,0x1D11,
0.780121416666667,0,0x0003,
0.780129125000000,0,0x2415,
0.780229791666667,0,0x0005,
0.780237458333333,0,0x2D19,
0.780387291666667,0,0x0006,
0.780394958333333,0,0x3B1D,
0.780567166666667,0,0x000A,
0.780574875000000,0,0x4111,
0.780846125000000,0,0x0004,
0.780853791666667,0,0x0325,
0.780979333333333,0,0x0001,
0.780987000000000,0,0x1D29,
0.781038791666667,0,0x0003,
0.781046458333333,0,0x242D,
0.781146833333333,0,0x0005,
0.781154541666667,0,0x2D21,
0.781304041666667,0,0x0006,
0.781311708333333,0,0x3B25,
0.781484333333333,0,0x000A,
0.781492000000000,0,0x4129,
0.789425000000000,0,0x3C3F,
0.789432666666667,0,0x060F,
0.789460708333333,0,0x0004,
0.789468375000000,0,0x0311,
0.789594583333333,0,0x0004,
0.789602291666667,0,0x0315,
0.789728541666667,0,0x0004,
0.789736208333333,0,0x0319,
0.789862166666667,0,0x0004,
0.789869833333333,0,0x031D,
0.789995166666667,0,0x0004,
0.790002875000000,0,0x0311,
0.790128625000000,0,0x0001,
0.790136291666667,0,0x1D15,
0.790189416666667,0,0x0003,
0.790197083333333,0,0x2419,
0.790297375000000,0,0x0005,
0.790305041666667,0,0x2D1D,
0.790454125000000,0,0x0006,
0.790461791666667,0,0x3B11,
0.790636333333333,0,0x000A,
0.790644000000000,0,0x4115,
0.790914541666667,0,0x0004,
0.790922208333333,0,0x0329,
0.791046833333333,0,0x0001,
0.791054500000000,0,0x1D2D,
0.791106458333333,0,0x0003,
0.791114125000000,0,0x2421,
0.791214250000000,0,0x0005,
0.791221916666667,0,0x2D25,
0.791370083333333,0,0x0006,
0.791377750000000,0,0x3B29,
0.791550375000000,0,0x000A,
0.791558041666667,0,0x412D,
0.799348625000000,0,0x4C3F,
0.799356291666667,0,0x0603,
0.799384500000000,0,0x0004,
0.799392166666667,0,0x0315,
0.799518416666667,0,0x0004,
0.799526083333333,0,0x0319,
0.799652375000000,0,0x0004,
0.799660083333333,0,0x031D,
0.799786375000000,0,0x0004,
0.799794083333333,0,0x0311,
0.799918916666667,0,0x0004,
0.799926583333333,0,0x0315,
0.800053125000000,0,0x0001,
0.800060791666667,0,0x1D19,
0.800113333333333,0,0x0003,
0.800121000000000,0,0x241D,
0.800222416666667,0,0x0005,
0.800230125000000,0,0x2D11,
0.800379416666667,0,0x0006,
0.800387125000000,0,0x3B15,
0.800561000000000,0,0x000A,
0.800568666666667,0,0x4119,
0.800839125000000,0,0x0004,
0.800846791666667,0,0x032D,
0.800971875000000,0,0x0001,
0.800979583333333,0,0x1D21,
0.801032375000000,0,0x0003,
0.801040041666667,0,0x2425,
0.801139291666667,0,0x0005,
0.801146958333333,0,0x2D29,
0.801294791666667,0,0x0006,
0.801302500000000,0,0x3B2D,
0.801475875000000,0,0x000A,
0.801483583333333,0,0x4121,
0.809351458333333,0,0x5C3F,
0.809359166666667,0,0x0607,
0.809386333333333,0,0x0004,
0.809394000000000,0,0x0319,
0.809520666666667,0,0x0004,
0.809528333333333,0,0x031D,
0.809654791666667,0,0x0004,
0.809662500000000,0,0x0311,
0.809788541666667,0,0x0004,
0.809796208333333,0,0x0315,
0.809922041666667,0,0x0004,
0.809929708333333,0,0x0319,
0.810056208333333,0,0x0001,
0.810063875000000,0,0x1D1D,
0.810115958333333,0,0x0003,
0.810123666666667,0,0x2411,
0.810224291666667,0,0x0005,
0.810232000000000,0,0x2D15,
0.810381083333333,0,0x0006,
0.810388750000000,0,0x3B19,
0.810562250000000,0,0x000A,
0.810569958333333,0,0x411D,
0.810839875000000,0,0x0004,
0.810847583333333,0,0x0321,
0.810973208333333,0,0x0001,
0.810980875000000,0,0x1D25,
0.811033500000000,0,0x0003,
0.811041166666667,0,0x2429,
0.811140875000000,0,0x0005,
0.811148541666667,0,0x2D2D,
0.811296416666667,0,0x0006,
0.811304125000000,0,0x3B21,
0.811476250000000,0,0x000A,
0.811483916666667,0,0x4125,
0.819350208333333,0,0x6C3F,
0.819357875000000,0,0x060B,
0.819385208333333,0,0x0004,
0.819392875000000,0,0x031D,
0.819519166666667,0,0x0004,
0.819526833333333,0,0x0311,
0.819653208333333,0,0x0004,
0.819660916666667,0,0x0315,
0.819787333333333,0,0x0004,
0.819795000000000,0,0x0319,
0.819920583333333,0,0x0004,
0.819928291666667,0,0x031D,
0.820054125000000,0,0x0001,
0.820061791666667,0,0x1D11,
0.820114041666667,0,0x0003,
0.820121750000000,0,0x2415,
0.820222416666667,0,0x0005,
0.820230083333333,0,0x2D19,
0.820379208333333,0,0x0006,
0.820386916666667,0,0x3B1D,
0.820559208333333,0,0x000A,
0.820566916666667,0,0x4111,
0.820837375000000,0,0x0004,
0.820845041666667,0,0x0325,
0.820970166666667,0,0x0001,
0.820977875000000,0,0x1D29,
0.821029833333333,0,0x0003,
0.821037500000000,0,0x242D,
0.821138083333333,0,0x0005,
0.821145750000000,0,0x2D21,
0.821295416666667,0,0x0006,
0.821303083333333,0,0x3B25,
0.821475791666667,0,0x000A,
0.821483500000000,0,0x4129,
0.829368250000000,0,0x7C3F,
0.829375916666667,0,0x060F,
0.829403208333333,0,0x0004,
0.829410875000000,0,0x0311,
0.829537125000000,0,0x0004,
0.829544791666667,0,0x0315,
0.829671583333333,0,0x0004,
0.829679291666667,0,0x0319,
0.829806250000000,0,0x0004,
0.829813916666667,0,0x031D,
0.829939166666667,0,0x0004,
0.829946833333333,0,0x0311,
0.830072875000000,0,0x0001,
0.830080541666667,0,0x1D15,
0.830133208333333,0,0x0003,
0.830140916666667,0,0x2419,
0.830242250000000,0,0x0005,
0.830249958333333,0,0x2D1D,
0.830399166666667,0,0x0006,
0.830406833333333,0,0x3B11,
0.830580666666667,0,0x000A,
0.830588375000000,0,0x4115,
0.830858166666667,0,0x0004,
0.830865833333333,0,0x0329,
0.830991583333333,0,0x0001,
0.830999291666667,0,0x1D2D,
0.831051375000000,0,0x0003,
0.831059041666667,0,0x2421,
0.831158916666667,0,0x0005,
0.831166583333333,0,0x2D25,
0.831316458333333,0,0x0006,
0.831324125000000,0,0x3B29,
0.831497291666667,0,0x000A,
0.831504958333333,0,0x412D,
0.839408041666667,0,0x8C3F,
0.839415708333333,0,0x0603,
0.839443875000000,0,0x0004,
0.839451541666667,0,0x0315,
0.839577875000000,0,0x0004,
0.839585583333333,0,0x0319,
0.839711208333333,0,0x0004,
0.839718916666667,0,0x031D,
0.839844791666667,0,0x0004,
0.839852500000000,0,0x0311,
0.839978791666667,0,0x0004,
0.839986458333333,0,0x0315,
0.840112375000000,0,0x0001,
0.840120083333333,0,0x1D19,
0.840172250000000,0,0x0003,
0.840179916666667,0,0x241D,
0.840281083333333,0,0x0005,
0.840288791666667,0,0x2D11,
0.840438583333333,0,0x0006,
0.840446250000000,0,0x3B15,
0.840619500000000,0,0x000A,
0.840627166666667,0,0x4119,
0.840897041666667,0,0x0004,
0.840904708333333,0,0x032D,
0.841030041666667,0,0x0001,
0.841037708333333,0,0x1D21,
0.841089541666667,0,0x0003,
0.841097208333333,0,0x2425,
0.841197833333333,0,0x0005,
0.841205541666667,0,0x2D29,
0.841353958333333,0,0x0006,
0.841361625000000,0,0x3B2D,
0.841533250000000,0,0x000A,
0.841540916666667,0,0x4121,
0.850345375000000,0,0x9C3F,
0.850353083333333,0,0x0607,
0.850380541666667,0,0x0004,
0.850388208333333,0,0x0319,
0.850513625000000,0,0x0004,
0.850521291666667,0,0x031D,
0.850647666666667,0,0x0004,
0.850655333333333,0,0x0311,
0.850781250000000,0,0x0004,
0.850788916666667,0,0x0315,
0.850915416666667,0,0x0004,
0.850923083333333,0,0x0319,
0.851048833333333,0,0x0001,
0.851056541666667,0,0x1D1D,
0.851108583333333,0,0x0003,
0.851116250000000,0,0x2411,
0.851217708333333,0,0x0005,
0.851225375000000,0,0x2D15,
0.851375916666667,0,0x0006,
0.851383583333333,0,0x3B19,
0.851556416666667,0,0x000A,
0.851564125000000,0,0x411D,
0.851834000000000,0,0x0004,
0.851841666666667,0,0x0321,
0.851966833333333,0,0x0001,
0.851974541666667,0,0x1D25,
0.852027208333333,0,0x0003,
0.852034916666667,0,0x2429,
0.852135625000000,0,0x0005,
0.852143291666667,0,0x2D2D,
0.852291500000000,0,0x0006,
0.852299208333333,0,0x3B21,
0.852471041666667,0,0x000A,
0.852478708333333,0,0x4125,
0.859594875000000,0,0xAC3F,
0.859602541666667,0,0x060B,
0.859630333333333,0,0x0004,
0.859638041666667,0,0x031D,
0.859764583333333,0,0x0004,
0.859772291666667,0,0x0311,
0.859898541666667,0,0x0004,
0.859906208333333,0,0x0315,
0.860032583333333,0,0x0004,
0.860040250000000,0,0x0319,
0.860166208333333,0,0x0004,
0.860173916666667,0,0x031D,
0.860299541666667,0,0x0001,
0.860307208333333,0,0x1D11,
0.860359250000000,0,0x0003,
0.860366958333333,0,0x2415,
0.860468041666667,0,0x0005,
0.860475708333333,0,0x2D19,
0.860625541666667,0,0x0006,
0.860633208333333,0,0x3B1D,
0.860806750000000,0,0x000A,
0.860814416666667,0,0x4111,
0.861084666666667,0,0x0004,
0.861092333333333,0,0x0325,
0.861217958333333,0,0x0001,
0.861225625000000,0,0x1D29,
0.861277958333333,0,0x0003,
0.861285625000000,0,0x242D,
0.861385625000000,0,0x0005,
0.861393291666667,0,0x2D21,
0.861541333333333,0,0x0006,
0.861549000000000,0,0x3B25,
0.861720791666667,0,0x000A,
0.861728458333333,0,0x4129,
0.869409083333333,0,0xBC3F,
0.869416750000000,0,0x060F,
0.869444625000000,0,0x0004,
0.869452333333333,0,0x0311,
0.869578250000000,0,0x0004,
0.869585958333333,0,0x0315,
0.869711791666667,0,0x0004,
0.869719500000000,0,0x0319,
0.869845875000000,0,0x0004,
0.869853541666667,0,0x031D,
0.869979041666667,0,0x0004,
0.869986750000000,0,0x0311,
0.870112125000000,0,0x0001,
0.870119833333333,0,0x1D15,
0.870171708333333,0,0x0003,
0.870179375000000,0,0x2419,
0.870279791666667,0,0x0005,
0.870287458333333,0,0x2D1D,
0.870436666666667,0,0x0006,
0.870444333333333,0,0x3B11,
0.870617333333333,0,0x000A,
0.870625000000000,0,0x4115,
0.870895083333333,0,0x0004,
0.870902791666667,0,0x0329,
0.871027625000000,0,0x0001,
0.871035333333333,0,0x1D2D,
0.871087458333333,0,0x0003,
0.871095166666667,0,0x2421,
0.871195791666667,0,0x0005,
0.871203500000000,0,0x2D25,
0.871351791666667,0,0x0006,
0.871359458333333,0,0x3B29,
0.871531208333333,0,0x000A,
0.871538875000000,0,0x412D,
0.879369208333333,0,0xCC3F,
0.879376875000000,0,0x0603,
0.879404416666667,0,0x0004,
0.879412083333333,0,0x0315,
0.879538166666667,0,0x0004,
0.879545833333333,0,0x0319,
0.879672375000000,0,0x0004,
0.879680041666667,0,0x031D,
0.879805833333333,0,0x0004,
0.879813500000000,0,0x0311,
0.879940833333333,0,0x0004,
0.879948500000000,0,0x0315,
0.880074583333333,0,0x0001,
0.880082291666667,0,0x1D19,
0.880134500000000,0,0x0003,
0.880142166666667,0,0x241D,
0.880243458333333,0,0x0005,
0.880251125000000,0,0x2D11,
0.880401291666667,0,0x0006,
0.880409000000000,0,0x3B15,
0.880582875000000,0,0x000A,
0.880590583333333,0,0x4119,
0.880861583333333,0,0x0004,
0.880869250000000,0,0x032D,
0.880995791666667,0,0x0001,
0.881003458333333,0,0x1D21,
0.881056125000000,0,0x0003,
0.881063791666667,0,0x2425,
0.881163666666667,0,0x0005,
0.881171375000000,0,0x2D29,
0.881320916666667,0,0x0006,
0.881328625000000,0,0x3B2D,
0.881500875000000,0,0x000A,
0.881508541666667,0,0x4121,
0.889388458333333,0,0xDC3F,
0.889396166666667,0,0x0607,
0.889423541666667,0,0x0004,
0.889431250000000,0,0x0319,
0.889557583333333,0,0x0004,
0.889565250000000,0,0x031D,
0.889691791666667,0,0x0004,
0.889699458333333,0,0x0311,
0.889825791666667,0,0x0004,
0.889833458333333,0,0x0315,
0.889960041666667,0,0x0004,
0.889967708333333,0,0x0319,
0.890093583333333,0,0x0001,
0.890101250000000,0,0x1D1D,
0.890153458333333,0,0x0003,
0.890161125000000,0,0x2411,
0.890262458333333,0,0x0005,
0.890270125000000,0,0x2D15,
0.890420166666667,0,0x0006,
0.890427875000000,0,0x3B19,
0.890600916666667,0,0x000A,
0.890608583333333,0,0x411D,
0.890879458333333,0,0x0004,
0.890887166666667,0,0x0321,
0.891011666666667,0,0x0001,
0.891019333333333,0,0x1D25,
0.891071750000000,0,0x0003,
0.891079458333333,0,0x2429,
0.891179583333333,0,0x0005,
0.891187250000000,0,0x2D2D,
0.891335458333333,0,0x0006,
0.891343125000000,0,0x3B21,
0.891515291666667,0,0x000A,
0.891522958333333,0,0x4125,
0.899387958333333,0,0xEC3F,
0.899395666666667,0,0x060B,
0.899422500000000,0,0x0004,
0.899430208333333,0,0x031D,
0.899556625000000,0,0x0004,
0.899564291666667,0,0x0311,
0.899691000000000,0,0x0004,
0.899698708333333,0,0x0315,
0.899825583333333,0,0x0004,
0.899833291666667,0,0x0319,
0.899959958333333,0,0x0004,
0.899967666666667,0,0x031D,
0.900094166666667,0,0x0001,
0.900101833333333,0,0x1D11,
0.900154083333333,0,0x0003,
0.900161750000000,0,0x2415,
0.900262833333333,0,0x0005,
0.900270500000000,0,0x2D19,
0.900419041666667,0,0x0006,
0.900426708333333,0,0x3B1D,
0.900599666666667,0,0x000A,
0.900607333333333,0,0x4111,
0.900878000000000,0,0x0004,
0.900885708333333,0,0x0325,
0.901011458333333,0,0x0001,
0.901019125000000,0,0x1D29,
0.901071166666667,0,0x0003,
0.901078833333333,0,0x242D,
0.901178875000000,0,0x0005,
0.901186541666667,0,0x2D21,
0.901336625000000,0,0x0006,
0.901344291666667,0,0x3B25,
0.901516208333333,0,0x000A,
0.901523916666667,0,0x4129,
0.909366541666667,0,0xFC3F,
0.909374250000000,0,0x060F,
0.909400791666667,0,0x0004,
0.909408458333333,0,0x0311,
0.909534666666667,0,0x0004,
0.909542375000000,0,0x0315,
0.909669333333333,0,0x0004,
0.909677000000000,0,0x0319,
0.909802375000000,0,0x0004,
0.909810041666667,0,0x031D,
0.909937583333333,0,0x0004,
0.909945250000000,0,0x0311,
0.910071166666667,0,0x0001,
0.910078833333333,0,0x1D15,
0.910130625000000,0,0x0003,
0.910138291666667,0,0x2419,
0.910238458333333,0,0x0005,
0.910246166666667,0,0x2D1D,
0.910395625000000,0,0x0006,
0.910403291666667,0,0x3B11,
0.910576333333333,0,0x000A,
0.910584000000000,0,0x4115,
0.910854250000000,0,0x0004,
0.910861958333333,0,0x0329,
0.910986750000000,0,0x0001,
0.910994458333333,0,0x1D2D,
0.911046583333333,0,0x0003,
0.911054250000000,0,0x2421,
0.911154416666667,0,0x0005,
0.911162125000000,0,0x2D25,
0.911312166666667,0,0x0006,
0.911319833333333,0,0x3B29,
0.911491875000000,0,0x000A,
0.911499541666667,0,0x412D,
0.919384458333333,0,0x0C3F,
0.919392125000000,0,0x0603,
0.919419208333333,0,0x0004,
0.919426875000000,0,0x0315,
0.919553958333333,0,0x0004,
0.919561666666667,0,0x0319,
0.919688583333333,0,0x0004,
0.919696291666667,0,0x031D,
0.919822458333333,0,0x0004,
0.919830125000000,0,0x0311,
0.919956416666667,0,0x0004,
0.919964125000000,0,0x0315,
0.920090375000000,0,0x0001,
0.920098083333333,0,0x1D19,
0.920150583333333,0,0x0003,
0.920158250000000,0,0x241D,
0.920259500000000,0,0x0005,
0.920267208333333,0,0x2D11,
0.920417166666667,0,0x0006,
0.920424833333333,0,0x3B15,
0.920597875000000,0,0x000A,
0.920605583333333,0,0x4119,
0.920876416666667,0,0x0004,
0.920884125000000,0,0x032D,
0.921008708333333,0,0x0001,
0.921016375000000,0,0x1D21,
0.921068500000000,0,0x0003,
0.921076208333333,0,0x2425,
0.921176750000000,0,0x0005,
0.921184416666667,0,0x2D29,
0.921332666666667,0,0x0006,
0.921340375000000,0,0x3B2D,
0.921511833333333,0,0x000A,
0.921519500000000,0,0x4121,
0.929376875000000,0,0x1C3F,
0.929384541666667,0,0x0607,
0.929411166666667,0,0x0004,
0.929418875000000,0,0x0319,
0.929545791666667,0,0x0004,
0.929553458333333,0,0x031D,
0.929679208333333,0,0x0004,
0.929686875000000,0,0x0311,
0.929813375000000,0,0x0004,
0.929821083333333,0,0x0315,
0.929946541666667,0,0x0004,
0.929954208333333,0,0x0319,
0.930080541666667,0,0x0001,
0.930088208333333,0,0x1D1D,
0.930140875000000,0,0x0003,
0.930148541666667,0,0x2411,
0.930249833333333,0,0x0005,
0.930257500000000,0,0x2D15,
0.930406916666667,0,0x0006,
0.930414583333333,0,0x3B19,
0.930587916666667,0,0x000A,
0.930595625000000,0,0x411D,
0.930866500000000,0,0x0004,
0.930874166666667,0,0x0321,
0.930999833333333,0,0x0001,
0.931007500000000,0,0x1D25,
0.931059583333333,0,0x0003,
0.931067250000000,0,0x2429,
0.931167708333333,0,0x0005,
0.931175375000000,0,0x2D2D,
0.931324875000000,0,0x0006,
0.931332541666667,0,0x3B21,
0.931505541666667,0,0x000A,
0.931513250000000,0,0x4125,
0.939370958333333,0,0x2C3F,
0.939378625000000,0,0x060B,
0.939405875000000,0,0x0004,
0.939413541666667,0,0x031D,
0.939540333333333,0,0x0004,
0.939548041666667,0,0x0311,
0.939675166666667,0,0x0004,
0.939682833333333,0,0x0315,
0.939809708333333,0,0x0004,
0.939817375000000,0,0x0319,
0.939944083333333,0,0x0004,
0.939951750000000,0,0x031D,
0.940077708333333,0,0x0001,
0.940085416666667,0,0x1D11,
0.940137083333333,0,0x0003,
0.940144791666667,0,0x2415,
0.940245625000000,0,0x0005,
0.940253291666667,0,0x2D19,
0.940402541666667,0,0x0006,
0.940410208333333,0,0x3B1D,
0.940582916666667,0,0x000A,
0.940590625000000,0,0x4111,
0.940861125000000,0,0x0004,
0.940868791666667,0,0x0325,
0.940994875000000,0,0x0001,
0.941002541666667,0,0x1D29,
0.941054750000000,0,0x0003,
0.941062416666667,0,0x242D,
0.941162250000000,0,0x0005,
0.941169916666667,0,0x2D21,
0.941319750000000,0,0x0006,
0.941327458333333,0,0x3B25,
0.941499833333333,0,0x000A,
0.941507500000000,0,0x4129,
0.949378375000000,0,0x3C3F,
0.949386083333333,0,0x060F,
0.949413583333333,0,0x0004,
0.949421250000000,0,0x0311,
0.949547750000000,0,0x0004,
0.949555416666667,0,0x0315,
0.949681958333333,0,0x0004,
0.949689666666667,0,0x0319,
0.949815708333333,0,0x0004,
0.949823375000000,0,0x031D,
0.949949250000000,0,0x0004,
0.949956916666667,0,0x0311,
0.950082833333333,0,0x0001,
0.950090500000000,0,0x1D15,
0.950143333333333,0,0x0003,
0.950151000000000,0,0x2419,
0.950252000000000,0,0x0005,
0.950259708333333,0,0x2D1D,
0.950409250000000,0,0x0006,
0.950416916666667,0,0x3B11,
0.950590208333333,0,0x000A,
0.950597875000000,0,0x4115,
0.950868666666667,0,0x0004,
0.950876333333333,0,0x0329,
0.951001833333333,0,0x0001,
0.951009500000000,0,0x1D2D,
0.951061333333333,0,0x0003,
0.951069000000000,0,0x2421,
0.951168708333333,0,0x0005,
0.951176416666667,0,0x2D25,
0.951326000000000,0,0x0006,
0.951333666666667,0,0x3B29,
0.951505541666667,0,0x000A,
0.951513208333333,0,0x412D,
0.959606666666667,0,0x4C3F,
0.959614375000000,0,0x0603,
0.959641833333333,0,0x0004,
0.959649500000000,0,0x0315,
0.959775500000000,0,0x0004,
0.959783166666667,0,0x0319,
0.959909166666667,0,0x0004,
0.959916875000000,0,0x031D,
0.960042083333333,0,0x0004,
0.960049791666667,0,0x0311,
0.960175625000000,0,0x0004,
0.960183291666667,0,0x0315,
0.960309291666667,0,0x0001,
0.960316958333333,0,0x1D19,
0.960368750000000,0,0x0003,
0.960376458333333,0,0x241D,
0.960477458333333,0,0x0005,
0.960485166666667,0,0x2D11,
0.960634541666667,0,0x0006,
0.960642208333333,0,0x3B15,
0.960815916666667,0,0x000A,
0.960823583333333,0,0x4119,
0.961093791666667,0,0x0004,
0.961101458333333,0,0x032D,
0.961226291666667,0,0x0001,
0.961233958333333,0,0x1D21,
0.961286166666667,0,0x0003,
0.961293833333333,0,0x2425,
0.961395208333333,0,0x0005,
0.961402875000000,0,0x2D29,
0.961551416666667,0,0x0006,
0.961559083333333,0,0x3B2D,
0.961730625000000,0,0x000A,
0.961738333333333,0,0x4121,
0.969382541666667,0,0x5C3F,
0.969390208333333,0,0x0607,
0.969417916666667,0,0x0004,
0.969425583333333,0,0x0319,
0.969552750000000,0,0x0004,
0.969560416666667,0,0x031D,
0.969687208333333,0,0x0004,
0.969694875000000,0,0x0311,
0.969821000000000,0,0x0004,
0.969828666666667,0,0x0315,
0.969955208333333,0,0x0004,
0.969962875000000,0,0x0319,
0.970089375000000,0,0x0001,
0.970097083333333,0,0x1D1D,
0.970149250000000,0,0x0003,
0.970156916666667,0,0x2411,
0.970257875000000,0,0x0005,
0.970265541666667,0,0x2D15,
0.970414791666667,0,0x0006,
0.970422458333333,0,0x3B19,
0.970595416666667,0,0x000A,
0.970603083333333,0,0x411D,
0.970873708333333,0,0x0004,
0.970881375000000,0,0x0321,
0.971006208333333,0,0x0001,
0.971013916666667,0,0x1D25,
0.971065500000000,0,0x0003,
0.971073166666667,0,0x2429,
0.971173666666667,0,0x0005,
0.971181333333333,0,0x2D2D,
0.971331000000000,0,0x0006,
0.971338666666667,0,0x3B21,
0.971510750000000,0,0x000A,
0.971518416666667,0,0x4125,
0.979376666666667,0,0x6C3F,
0.979384375000000,0,0x060B,
0.979412083333333,0,0x0004,
0.979419750000000,0,0x031D,
0.979545500000000,0,0x0004,
0.979553166666667,0,0x0311,
0.979679250000000,0,0x0004,
0.979686916666667,0,0x0315,
0.979813083333333,0,0x0004,
0.979820750000000,0,0x0319,
0.979947791666667,0,0x0004,
0.979955458333333,0,0x031D,
0.980081375000000,0,0x0001,
0.980089083333333,0,0x1D11,
0.980141041666667,0,0x0003,
0.980148708333333,0,0x2415,
0.980249791666667,0,0x0005,
0.980257458333333,0,0x2D19,
0.980407166666667,0,0x0006,
0.980414833333333,0,0x3B1D,
0.980588708333333,0,0x000A,
0.980596375000000,0,0x4111,
0.980867458333333,0,0x0004,
0.980875125000000,0,0x0325,
0.981001416666667,0,0x0001,
0.981009083333333,0,0x1D29,
0.981060666666667,0,0x0003,
0.981068333333333,0,0x242D,
0.981168666666667,0,0x0005,
0.981176375000000,0,0x2D21,
0.981326333333333,0,0x0006,
0.981334000000000,0,0x3B25,
0.981507166666667,0,0x000A,
0.981514833333333,0,0x4129,
0.989388750000000,0,0x7C3F,
0.989396458333333,0,0x060F,
0.989423875000000,0,0x0004,
0.989431541666667,0,0x0311,
0.989558083333333,0,0x0004,
0.989565750000000,0,0x0315,
0.989691875000000,0,0x0004,
0.989699541666667,0,0x0319,
0.989826291666667,0,0x0004,
0.989833958333333,0,0x031D,
0.989960250000000,0,0x0004,
0.989967916666667,0,0x0311,
0.990094583333333,0,0x0001,
0.990102250000000,0,0x1D15,
0.990154458333333,0,0x0003,
0.990162125000000,0,0x2419,
0.990262791666667,0,0x0005,
0.990270458333333,0,0x2D1D,
0.990419458333333,0,0x0006,
0.990427166666667,0,0x3B11,
0.990600750000000,0,0x000A,
0.990608458333333,0,0x4115,
0.990879541666667,0,0x0004,
0.990887250000000,0,0x0329,
0.991012708333333,0,0x0001,
0.991020375000000,0,0x1D2D,
0.991072416666667,0,0x0003,
0.991080083333333,0,0x2421,
0.991180208333333,0,0x0005,
0.991187875000000,0,0x2D25,
0.991337833333333,0,0x0006,
0.991345500000000,0,0x3B29,
0.991518125000000,0,0x000A,
0.991525833333333,0,0x412D,
0.999382458333333,0,0x8C3F,
0.999390166666667,0,0x0603,
0.999417791666667,0,0x0004,
0.999425458333333,0,0x0315,
0.999552583333333,0,0x0004,
0.999560250000000,0,0x0319,
0.999686708333333,0,0x0004,
0.999694375000000,0,0x031D,
0.999820541666667,0,0x0004,
0.999828208333333,0,0x0311,
0.999954791666667,0,0x0004,
0.999962458333333,0,0x0315,
1.000088875000000,0,0x0001,
1.000096541666667,0,0x1D19,
1.000148958333333,0,0x0003,
1.000156666666667,0,0x241D,
1.000258125000000,0,0x0005,
1.000265791666667,0,0x2D11,
1.000414583333333,0,0x0006,
1.000422291666667,0,0x3B15,
1.000595333333333,0,0x000A,
1.000603000000000,0,0x4119,
1.000874166666667,0,0x0004,
1.000881833333333,0,0x032D,
1.001007291666667,0,0x0001,
1.001014958333333,0,0x1D21,
1.001067625000000,0,0x0003,
1.001075333333333,0,0x2425,
1.001175833333333,0,0x0005,
1.001183541666667,0,0x2D29,
1.001333541666667,0,0x0006,
1.001341250000000,0,0x3B2D,
1.001513625000000,0,0x000A,
1.001521291666667,0,0x4121,
1.009398333333333,0,0x9C3F,
1.009406000000000,0,0x0607,
1.009433541666667,0,0x0004,
1.009441208333333,0,0x0319,
1.009567333333333,0,0x0004,
1.009575000000000,0,0x031D,
1.009700791666667,0,0x0004,
1.009708500000000,0,0x0311,
1.009835500000000,0,0x0004,
1.009843208333333,0,0x0315,
1.009969583333333,0,0x0004,
1.009977250000000,0,0x0319,
1.010103041666667,0,0x0001,
1.010110708333333,0,0x1D1D,
1.010163166666667,0,0x0003,
1.010170833333333,0,0x2411,
1.010271708333333,0,0x0005,
1.010279416666667,0,0x2D15,
1.010429083333333,0,0x0006,
1.010436750000000,0,0x3B19,
1.010610291666667,0,0x000A,
1.010618000000000,0,0x411D,
1.010889000000000,0,0x0004,
1.010896666666667,0,0x0321,
1.011022083333333,0,0x0001,
1.011029750000000,0,0x1D25,
1.011082250000000,0,0x0003,
1.011089958333333,0,0x2429,
1.011189750000000,0,0x0005,
1.011197416666667,0,0x2D2D,
1.011345666666667,0,0x0006,
1.011353333333333,0,0x3B21,
1.011525583333333,0,0x000A,
1.011533250000000,0,0x4125,
1.019399583333333,0,0xAC3F,
1.019407250000000,0,0x060B,
1.019434583333333,0,0x0004,
1.019442250000000,0,0x031D,
1.019568083333333,0,0x0004,
1.019575791666667,0,0x0311,
1.019702208333333,0,0x0004,
1.019709916666667,0,0x0315,
1.019836208333333,0,0x0004,
1.019843875000000,0,0x0319,
1.019970125000000,0,0x0004,
1.019977791666667,0,0x031D,
1.020104000000000,0,0x0001,
1.020111708333333,0,0x1D11,
1.020164541666667,0,0x0003,
1.020172208333333,0,0x2415,
1.020273083333333,0,0x0005,
1.020280750000000,0,0x2D19,
1.020430750000000,0,0x0006,
1.020438458333333,0,0x3B1D,
1.020611791666667,0,0x000A,
1.020619458333333,0,0x4111,
1.020890875000000,0,0x0004,
1.020898583333333,0,0x0325,
1.021024291666667,0,0x0001,
1.021031958333333,0,0x1D29,
1.021083833333333,0,0x0003,
1.021091500000000,0,0x242D,
1.021191041666667,0,0x0005,
1.021198708333333,0,0x2D21,
1.021347250000000,0,0x0006,
1.021354958333333,0,0x3B25,
1.021527083333333,0,0x000A,
1.021534750000000,0,0x4129,
1.029386833333333,0,0xBC3F,
1.029394500000000,0,0x060F,
1.029421333333333,0,0x0004,
1.029429041666667,0,0x0311,
1.029554958333333,0,0x0004,
1.029562625000000,0,0x0315,
1.029689541666667,0,0x0004,
1.029697250000000,0,0x0319,
1.029823000000000,0,0x0004,
1.029830666666667,0,0x031D,
1.029956583333333,0,0x0004,
1.029964250000000,0,0x0311,
1.030090416666667,0,0x0001,
1.030098083333333,0,0x1D15,
1.030149500000000,0,0x0003,
1.030157166666667,0,0x2419,
1.030258375000000,0,0x0005,
1.030266041666667,0,0x2D1D,
1.030415291666667,0,0x0006,
1.030423000000000,0,0x3B11,
1.030596375000000,0,0x000A,
1.030604083333333,0,0x4115,
1.030874541666667,0,0x0004,
1.030882208333333,0,0x0329,
1.031007291666667,0,0x0001,
1.031015000000000,0,0x1D2D,
1.031066791666667,0,0x0003,
1.031074458333333,0,0x2421,
1.031174708333333,0,0x0005,
1.031182416666667,0,0x2D25,
1.031332291666667,0,0x0006,
1.031339958333333,0,0x3B29,
1.031512625000000,0,0x000A,
1.031520291666667,0,0x412D,
1.039392041666667,0,0xCC3F,
1.039399708333333,0,0x0603,
1.039427541666667,0,0x0004,
1.039435208333333,0,0x0315,
1.039561333333333,0,0x0004,
1.039569000000000,0,0x0319,
1.039695791666667,0,0x0004,
1.039703500000000,0,0x031D,
1.039828666666667,0,0x0004,
1.039836333333333,0,0x0311,
1.039962583333333,0,0x0004,
1.039970250000000,0,0x0315,
1.040097083333333,0,0x0001,
1.040104750000000,0,0x1D19,
1.040156208333333,0,0x0003,
1.040163875000000,0,0x241D,
1.040264416666667,0,0x0005,
1.040272083333333,0,0x2D11,
1.040421833333333,0,0x0006,
1.040429500000000,0,0x3B15,
1.040602791666667,0,0x000A,
1.040610458333333,0,0x4119,
1.040881375000000,0,0x0004,
1.040889041666667,0,0x032D,
1.041015083333333,0,0x0001,
1.041022750000000,0,0x1D21,
1.041074500000000,0,0x0003,
1.041082208333333,0,0x2425,
1.041181416666667,0,0x0005,
1.041189083333333,0,0x2D29,
1.041337041666667,0,0x0006,
1.041344708333333,0,0x3B2D,
1.041516958333333,0,0x000A,
1.041524625000000,0,0x4121,
1.049386875000000,0,0xDC3F,
1.049394583333333,0,0x0607,
1.049421708333333,0,0x0004,
1.049429416666667,0,0x0319,
1.049556625000000,0,0x0004,
1.049564291666667,0,0x031D,
1.049691250000000,0,0x0004,
1.049698916666667,0,0x0311,
1.049825041666667,0,0x0004,
1.049832750000000,0,0x0315,
1.049959791666667,0,0x0004,
1.049967500000000,0,0x0319,
1.050093666666667,0,0x0001,
1.050101333333333,0,0x1D1D,
1.050153791666667,0,0x0003,
1.050161500000000,0,0x2411,
1.050263041666667,0,0x0005,
1.050270708333333,0,0x2D15,
1.050419833333333,0,0x0006,
1.050427541666667,0,0x3B19,
1.050600875000000,0,0x000A,
1.050608583333333,0,0x411D,
1.050878916666667,0,0x0004,
1.050886625000000,0,0x0321,
1.051012166666667,0,0x0001,
1.051019833333333,0,0x1D25,
1.051071791666667,0,0x0003,
1.051079500000000,0,0x2429,
1.051180666666667,0,0x0005,
1.051188333333333,0,0x2D2D,
1.051337791666667,0,0x0006,
1.051345500000000,0,0x3B21,
1.051518166666667,0,0x000A,
1.051525833333333,0,0x4125,
1.059510500000000,0,0xEC3F,
1.059518208333333,0,0x060B,
1.059545583333333,0,0x0004,
1.059553291666667,0,0x031D,
1.059679416666667,0,0x0004,
1.059687125000000,0,0x0311,
1.059812666666667,0,0x0004,
1.059820375000000,0,0x0315,
1.059946583333333,0,0x0004,
1.059954291666667,0,0x0319,
1.060080375000000,0,0x0004,
1.060088041666667,0,0x031D,
1.060214625000000,0,0x0001,
1.060222291666667,0,0x1D11,
1.060273666666667,0,0x0003,
1.060281333333333,0,0x2415,
1.060382083333333,0,0x0005,
1.060389791666667,0,0x2D19,
1.060538666666667,0,0x0006,
1.060546333333333,0,0x3B1D,
1.060718791666667,0,0x000A,
1.060726458333333,0,0x4111,
1.060997125000000,0,0x0004,
1.061004791666667,0,0x0325,
1.061130000000000,0,0x0001,
1.061137666666667,0,0x1D29,
1.061190083333333,0,0x0003,
1.061197750000000,0,0x242D,
1.061297416666667,0,0x0005,
1.061305083333333,0,0x2D21,
1.061453333333333,0,0x0006,
1.061461041666667,0,0x3B25,
1.061633000000000,0,0x000A,
1.061640666666667,0,0x4129,
1.069391666666667,0,0xFC3F,
1.069399375000000,0,0x060F,
1.069426875000000,0,0x0004,
1.069434541666667,0,0x0311,
1.069561916666667,0,0x0004,
1.069569583333333,0,0x0315,
1.069696166666667,0,0x0004,
1.069703875000000,0,0x0319,
1.069830458333333,0,0x0004,
1.069838125000000,0,0x031D,
1.069964666666667,0,0x0004,
1.069972333333333,0,0x0311,
1.070099041666667,0,0x0001,
1.070106708333333,0,0x1D15,
1.070158500000000,0,0x0003,
1.070166166666667,0,0x2419,
1.070267291666667,0,0x0005,
1.070274958333333,0,0x2D1D,
1.070423958333333,0,0x0006,
1.070431666666667,0,0x3B11,
1.070605208333333,0,0x000A,
1.070612875000000,0,0x4115,
1.070883166666667,0,0x0004,
1.070890833333333,0,0x0329,
1.071015833333333,0,0x0001,
1.071023541666667,0,0x1D2D,
1.071075625000000,0,0x0003,
1.071083291666667,0,0x2421,
1.071183750000000,0,0x0005,
1.071191416666667,0,0x2D25,
1.071340958333333,0,0x0006,
1.071348625000000,0,0x3B29,
1.071521958333333,0,0x000A,
1.071529625000000,0,0x412D,
1.079390541666667,0,0x0C3F,
1.079398208333333,0,0x0603,
1.079424666666667,0,0x0004,
1.079432375000000,0,0x0315,
1.079558875000000,0,0x0004,
1.079566541666667,0,0x0319,
1.079692333333333,0,0x0004,
1.079700041666667,0,0x031D,
1.079825750000000,0,0x0004,
1.079833416666667,0,0x0311,
1.079960750000000,0,0x0004,
1.079968416666667,0,0x0315,
1.080094333333333,0,0x0001,
1.080102000000000,0,0x1D19,
1.080154166666667,0,0x0003,
1.080161833333333,0,0x241D,
1.080263166666667,0,0x0005,
1.080270833333333,0,0x2D11,
1.080419708333333,0,0x0006,
1.080427375000000,0,0x3B15,
1.080600458333333,0,0x000A,
1.080608125000000,0,0x4119,
1.080879083333333,0,0x0004,
1.080886791666667,0,0x032D,
1.081013250000000,0,0x0001,
1.081020916666667,0,0x1D21,
1.081073166666667,0,0x0003,
1.081080875000000,0,0x2425,
1.081180958333333,0,0x0005,
1.081188625000000,0,0x2D29,
1.081338500000000,0,0x0006,
1.081346208333333,0,0x3B2D,
1.081518708333333,0,0x000A,
1.081526375000000,0,0x4121,
1.089378583333333,0,0x1C3F,
1.089386291666667,0,0x0607,
1.089413791666667,0,0x0004,
1.089421500000000,0,0x0319,
1.089548625000000,0,0x0004,
1.089556333333333,0,0x031D,
1.089682958333333,0,0x0004,
1.089690625000000,0,0x0311,
1.089816291666667,0,0x0004,
1.089823958333333,0,0x0315,
1.089950041666667,0,0x0004,
1.089957708333333,0,0x0319,
1.090083666666667,0,0x0001,
1.090091333333333,0,0x1D1D,
1.090143875000000,0,0x0003,
1.090151541666667,0,0x2411,
1.090252291666667,0,0x0005,
1.090259958333333,0,0x2D15,
1.090408833333333,0,0x0006,
1.090416500000000,0,0x3B19,
1.090589625000000,0,0x000A,
1.090597333333333,0,0x411D,
1.090867291666667,0,0x0004,
1.090875000000000,0,0x0321,
1.090999708333333,0,0x0001,
1.091007375000000,0,0x1D25,
1.091060125000000,0,0x0003,
1.091067833333333,0,0x2429,
1.091167666666667,0,0x0005,
1.091175333333333,0,0x2D2D,
1.091323583333333,0,0x0006,
1.091331250000000,0,0x3B21,
1.091503541666667,0,0x000A,
1.091511208333333,0,0x4125,
1.099405458333333,0,0x2C3F,
1.099413166666667,0,0x060B,
1.099440875000000,0,0x0004,
1.099448583333333,0,0x031D,
1.099575291666667,0,0x0004,
1.099583000000000,0,0x0311,
1.099710250000000,0,0x0004,
1.099717958333333,0,0x0315,
1.099844625000000,0,0x0004,
1.099852291666667,0,0x0319,
1.099978708333333,0,0x0004,
1.099986375000000,0,0x031D,
1.100112750000000,0,0x0001,
1.100120416666667,0,0x1D11,
1.100172750000000,0,0x0003,
1.100180416666667,0,0x2415,
1.100281333333333,0,0x0005,
1.100289000000000,0,0x2D19,
1.100437458333333,0,0x0006,
1.100445166666667,0,0x3B1D,
1.100617958333333,0,0x000A,
1.100625625000000,0,0x4111,
1.100897208333333,0,0x0004,
1.100904875000000,0,0x0325,
1.101030500000000,0,0x0001,
1.101038166666667,0,0x1D29,
1.101089916666667,0,0x0003,
1.101097583333333,0,0x242D,
1.101197833333333,0,0x0005,
1.101205541666667,0,0x2D21,
1.101355083333333,0,0x0006,
1.101362750000000,0,0x3B25,
1.101535125000000,0,0x000A,
1.101542791666667,0,0x4129,
1.109374875000000,0,0x3C3F,
1.109382583333333,0,0x060F,
1.109410375000000,0,0x0004,
1.109418041666667,0,0x0311,
1.109544708333333,0,0x0004,
1.109552375000000,0,0x0315,
1.109679166666667,0,0x0004,
1.109686875000000,0,0x0319,
1.109813125000000,0,0x0004,
1.109820791666667,0,0x031D,
1.109946250000000,0,0x0004,
1.109953916666667,0,0x0311,
1.110080500000000,0,0x0001,
1.110088166666667,0,0x1D15,
1.110140250000000,0,0x0003,
1.110147916666667,0,0x2419,
1.110248916666667,0,0x0005,
1.110256583333333,0,0x2D1D,
1.110406375000000,0,0x0006,
1.110414083333333,0,0x3B11,
1.110587250000000,0,0x000A,
1.110594916666667,0,0x4115,
1.110864583333333,0,0x0004,
1.110872250000000,0,0x0329,
1.110997625000000,0,0x0001,
1.111005291666667,0,0x1D2D,
1.111057583333333,0,0x0003,
1.111065291666667,0,0x2421,
1.111165625000000,0,0x0005,
1.111173333333333,0,0x2D25,
1.111321083333333,0,0x0006,
1.111328750000000,0,0x3B29,
1.111500791666667,0,0x000A,
1.111508458333333,0,0x412D,
1.119405583333333,0,0x4C3F,
1.119413291666667,0,0x0603,
1.119440708333333,0,0x0004,
1.119448375000000,0,0x0315,
1.119573833333333,0,0x0004,
1.119581500000000,0,0x0319,
1.119708041666667,0,0x0004,
1.119715708333333,0,0x031D,
1.119842541666667,0,0x0004,
1.119850208333333,0,0x0311,
1.119976666666667,0,0x0004,
1.119984333333333,0,0x0315,
1.120110583333333,0,0x0001,
1.120118250000000,0,0x1D19,
1.120170583333333,0,0x0003,
1.120178291666667,0,0x241D,
1.120278541666667,0,0x0005,
1.120286208333333,0,0x2D11,
1.120435375000000,0,0x0006,
1.120443083333333,0,0x3B15,
1.120615875000000,0,0x000A,
1.120623583333333,0,0x4119,
1.120894416666667,0,0x0004,
1.120902083333333,0,0x032D,
1.121027666666667,0,0x0001,
1.121035333333333,0,0x1D21,
1.121087166666667,0,0x0003,
1.121094875000000,0,0x2425,
1.121195500000000,0,0x0005,
1.121203166666667,0,0x2D29,
1.121352083333333,0,0x0006,
1.121359791666667,0,0x3B2D,
1.121531791666667,0,0x000A,
1.121539500000000,0,0x4121,
1.129386333333333,0,0x5C3F,
1.129394041666667,0,0x0607,
1.129421083333333,0,0x0004,
1.129428750000000,0,0x0319,
1.129555291666667,0,0x0004,
1.129563000000000,0,0x031D,
1.129689541666667,0,0x0004,
1.129697208333333,0,0x0311,
1.129823791666667,0,0x0004,
1.129831458333333,0,0x0315,
1.129958458333333,0,0x0004,
1.129966166666667,0,0x0319,
1.130091541666667,0,0x0001,
1.130099250000000,0,0x1D1D,
1.130151500000000,0,0x0003,
1.130159166666667,0,0x2411,
1.130260166666667,0,0x0005,
1.130267833333333,0,0x2D15,
1.130416500000000,0,0x0006,
1.130424166666667,0,0x3B19,
1.130597791666667,0,0x000A,
1.130605500000000,0,0x411D,
1.130876041666667,0,0x0004,
1.130883750000000,0,0x0321,
1.131009041666667,0,0x0001,
1.131016750000000,0,0x1D25,
1.131068708333333,0,0x0003,
1.131076375000000,0,0x2429,
1.131176375000000,0,0x0005,
1.131184041666667,0,0x2D2D,
1.131334083333333,0,0x0006,
1.131341750000000,0,0x3B21,
1.131513791666667,0,0x000A,
1.131521500000000,0,0x4125,
1.139403583333333,0,0x6C3F,
1.139411250000000,0,0x060B,
1.139438541666667,0,0x0004,
1.139446208333333,0,0x031D,
1.139572166666667,0,0x0004,
1.139579833333333,0,0x0311,
1.139706708333333,0,0x0004,
1.139714416666667,0,0x0315,
1.139840208333333,0,0x0004,
1.139847916666667,0,0x0319,
1.139974333333333,0,0x0004,
1.139982041666667,0,0x031D,
1.140108291666667,0,0x0001,
1.140116000000000,0,0x1D11,
1.140168125000000,0,0x0003,
1.140175791666667,0,0x2415,
1.140276666666667,0,0x0005,
1.140284333333333,0,0x2D19,
1.140434375000000,0,0x0006,
1.140442083333333,0,0x3B1D,
1.140615250000000,0,0x000A,
1.140622916666667,0,0x4111,
1.140894458333333,0,0x0004,
1.140902166666667,0,0x0325,
1.141028166666667,0,0x0001,
1.141035833333333,0,0x1D29,
1.141088166666667,0,0x0003,
1.141095833333333,0,0x242D,
1.141195208333333,0,0x0005,
1.141202875000000,0,0x2D21,
1.141351333333333,0,0x0006,
1.141359000000000,0,0x3B25,
1.141531083333333,0,0x000A,
1.141538750000000,0,0x4129,
1.149392458333333,0,0x7C3F,
1.149400166666667,0,0x060F,
1.149427250000000,0,0x0004,
1.149434958333333,0,0x0311,
1.149561583333333,0,0x0004,
1.149569250000000,0,0x0315,
1.149696000000000,0,0x0004,
1.149703666666667,0,0x0319,
1.149829375000000,0,0x0004,
1.149837083333333,0,0x031D,
1.149963083333333,0,0x0004,
1.149970750000000,0,0x0311,
1.150096833333333,0,0x0001,
1.150104500000000,0,0x1D15,
1.150156500000000,0,0x0003,
1.150164166666667,0,0x2419,
1.150264833333333,0,0x0005,
1.150272500000000,0,0x2D1D,
1.150422583333333,0,0x0006,
1.150430250000000,0,0x3B11,
1.150603500000000,0,0x000A,
1.150611208333333,0,0x4115,
1.150881375000000,0,0x0004,
1.150889041666667,0,0x0329,
1.151014250000000,0,0x0001,
1.151021916666667,0,0x1D2D,
1.151073833333333,0,0x0003,
1.151081541666667,0,0x2421,
1.151181250000000,0,0x0005,
1.151188958333333,0,0x2D25,
1.151338958333333,0,0x0006,
1.151346625000000,0,0x3B29,
1.151519416666667,0,0x000A,
1.151527083333333,0,0x412D,
1.159528166666667,0,0x8C3F,
1.159535833333333,0,0x0603,
1.159563541666667,0,0x0004,
1.159571208333333,0,0x0315,
1.159698708333333,0,0x0004,
1.159706416666667,0,0x0319,
1.159833291666667,0,0x0004,
1.159841000000000,0,0x031D,
1.159967500000000,0,0x0004,
1.159975166666667,0,0x0311,
1.160101125000000,0,0x0004,
1.160108791666667,0,0x0315,
1.160235541666667,0,0x0001,
1.160243208333333,0,0x1D19,
1.160294875000000,0,0x0003,
1.160302541666667,0,0x241D,
1.160403250000000,0,0x0005,
1.160410958333333,0,0x2D11,
1.160561000000000,0,0x0006,
1.160568666666667,0,0x3B15,
1.160741625000000,0,0x000A,
1.160749291666667,0,0x4119,
1.161019833333333,0,0x0004,
1.161027500000000,0,0x032D,
1.161152791666667,0,0x0001,
1.161160458333333,0,0x1D21,
1.161212375000000,0,0x0003,
1.161220041666667,0,0x2425,
1.161320625000000,0,0x0005,
1.161328291666667,0,0x2D29,
1.161476625000000,0,0x0006,
1.161484291666667,0,0x3B2D,
1.161656625000000,0,0x000A,
1.161664333333333,0,0x4121,
1.169415166666667,0,0x9C3F,
1.169422833333333,0,0x0607,
1.169450416666667,0,0x0004,
1.169458083333333,0,0x0319,
1.169583625000000,0,0x0004,
1.169591333333333,0,0x031D,
1.169717583333333,0,0x0004,
1.169725291666667,0,0x0311,
1.169851833333333,0,0x0004,
1.169859500000000,0,0x0315,
1.169985416666667,0,0x0004,
1.169993125000000,0,0x0319,
1.170119416666667,0,0x0001,
1.170127083333333,0,0x1D1D,
1.170179041666667,0,0x0003,
1.170186708333333,0,0x2411,
1.170287416666667,0,0x0005,
1.170295083333333,0,0x2D15,
1.170445125000000,0,0x0006,
1.170452833333333,0,0x3B19,
1.170626166666667,0,0x000A,
1.170633833333333,0,0x411D,
1.170903750000000,0,0x0004,
1.170911458333333,0,0x0321,
1.171037041666667,0,0x0001,
1.171044750000000,0,0x1D25,
1.171096791666667,0,0x0003,
1.171104500000000,0,0x2429,
1.171204833333333,0,0x0005,
1.171212500000000,0,0x2D2D,
1.171360791666667,0,0x0006,
1.171368458333333,0,0x3B21,
1.171540625000000,0,0x000A,
1.171548291666667,0,0x4125,
1.179385083333333,0,0xAC3F,
1.179392750000000,0,0x060B,
1.179419541666667,0,0x0004,
1.179427208333333,0,0x031D,
1.179553208333333,0,0x0004,
1.179560916666667,0,0x0311,
1.179687375000000,0,0x0004,
1.179695041666667,0,0x0315,
1.179820541666667,0,0x0004,
1.179828250000000,0,0x0319,
1.179954041666667,0,0x0004,
1.179961708333333,0,0x031D,
1.180087583333333,0,0x0001,
1.180095291666667,0,0x1D11,
1.180147500000000,0,0x0003,
1.180155166666667,0,0x2415,
1.180256625000000,0,0x0005,
1.180264333333333,0,0x2D19,
1.180413333333333,0,0x0006,
1.180421041666667,0,0x3B1D,
1.180594333333333,0,0x000A,
1.180602041666667,0,0x4111,
1.180872000000000,0,0x0004,
1.180879708333333,0,0x0325,
1.181005208333333,0,0x0001,
1.181012875000000,0,0x1D29,
1.181065375000000,0,0x0003,
1.181073041666667,0,0x242D,
1.181172708333333,0,0x0005,
1.181180375000000,0,0x2D21,
1.181328333333333,0,0x0006,
1.181336000000000,0,0x3B25,
1.181509041666667,0,0x000A,
1.181516708333333,0,0x4129,
1.189401750000000,0,0xBC3F,
1.189409416666667,0,0x060F,
1.189437416666667,0,0x0004,
1.189445125000000,0,0x0311,
1.189571500000000,0,0x0004,
1.189579208333333,0,0x0315,
1.189705208333333,0,0x0004,
1.189712916666667,0,0x0319,
1.189839208333333,0,0x0004,
1.189846875000000,0,0x031D,
1.189972583333333,0,0x0004,
1.189980291666667,0,0x0311,
1.190106125000000,0,0x0001,
1.190113791666667,0,0x1D15,
1.190165916666667,0,0x0003,
1.190173583333333,0,0x2419,
1.190275125000000,0,0x0005,
1.190282833333333,0,0x2D1D,
1.190431500000000,0,0x0006,
1.190439166666667,0,0x3B11,
1.190612916666667,0,0x000A,
1.190620625000000,0,0x4115,
1.190890833333333,0,0x0004,
1.190898500000000,0,0x0329,
1.191023958333333,0,0x0001,
1.191031625000000,0,0x1D2D,
1.191083208333333,0,0x0003,
1.191090916666667,0,0x2421,
1.191191083333333,0,0x0005,
1.191198791666667,0,0x2D25,
1.191349250000000,0,0x0006,
1.191356958333333,0,0x3B29,
1.191529916666667,0,0x000A,
1.191537583333333,0,0x412D,
1.199414708333333,0,0xCC3F,
1.199422375000000,0,0x0603,
1.199450125000000,0,0x0004,
1.199457791666667,0,0x0315,
1.199584291666667,0,0x0004,
1.199592000000000,0,0x0319,
1.199718583333333,0,0x0004,
1.199726250000000,0,0x031D,
1.199853166666667,0,0x0004,
1.199860833333333,0,0x0311,
1.199987375000000,0,0x0004,
1.199995083333333,0,0x0315,
1.200121833333333,0,0x0001,
1.200129500000000,0,0x1D19,
1.200181833333333,0,0x0003,
1.200189541666667,0,0x241D,
1.200290166666667,0,0x0005,
1.200297833333333,0,0x2D11,
1.200446458333333,0,0x0006,
1.200454125000000,0,0x3B15,
1.200627083333333,0,0x000A,
1.200634791666667,0,0x4119,
1.200905583333333,0,0x0004,
1.200913250000000,0,0x032D,
1.201038791666667,0,0x0001,
1.201046458333333,0,0x1D21,
1.201098625000000,0,0x0003,
1.201106291666667,0,0x2425,
1.201206666666667,0,0x0005,
1.201214333333333,0,0x2D29,
1.201362875000000,0,0x0006,
1.201370583333333,0,0x3B2D,
1.201543083333333,0,0x000A,
1.201550791666667,0,0x4121,
1.209400875000000,0,0xDC3F,
1.209408541666667,0,0x0607,
1.209436166666667,0,0x0004,
1.209443833333333,0,0x0319,
1.209571375000000,0,0x0004,
1.209579041666667,0,0x031D,
1.209705625000000,0,0x0004,
1.209713291666667,0,0x0311,
1.209839250000000,0,0x0004,
1.209846916666667,0,0x0315,
1.209972791666667,0,0x0004,
1.209980458333333,0,0x0319,
1.210106458333333,0,0x0001,
1.210114125000000,0,0x1D1D,
1.210166750000000,0,0x0003,
1.210174416666667,0,0x2411,
1.210275375000000,0,0x0005,
1.210283041666667,0,0x2D15,
1.210432666666667,0,0x0006,
1.210440375000000,0,0x3B19,
1.210613333333333,0,0x000A,
1.210621000000000,0,0x411D,
1.210891166666667,0,0x0004,
1.210898833333333,0,0x0321,
1.211024291666667,0,0x0001,
1.211032000000000,0,0x1D25,
1.211083833333333,0,0x0003,
1.211091541666667,0,0x2429,
1.211191208333333,0,0x0005,
1.211198875000000,0,0x2D2D,
1.211347625000000,0,0x0006,
1.211355291666667,0,0x3B21,
1.211528125000000,0,0x000A,
1.211535791666667,0,0x4125,
1.219406291666667,0,0xEC3F,
1.219413958333333,0,0x060B,
1.219441416666667,0,0x0004,
1.219449125000000,0,0x031D,
1.219575791666667,0,0x0004,
1.219583500000000,0,0x0311,
1.219709416666667,0,0x0004,
1.219717125000000,0,0x0315,
1.219843000000000,0,0x0004,
1.219850666666667,0,0x0319,
1.219978000000000,0,0x0004,
1.219985666666667,0,0x031D,
1.220111833333333,0,0x0001,
1.220119541666667,0,0x1D11,
1.220171458333333,0,0x0003,
1.220179166666667,0,0x2415,
1.220279958333333,0,0x0005,
1.220287666666667,0,0x2D19,
1.220436958333333,0,0x0006,
1.220444666666667,0,0x3B1D,
1.220617875000000,0,0x000A,
1.220625583333333,0,0x4111,
1.220896291666667,0,0x0004,
1.220903958333333,0,0x0325,
1.221028708333333,0,0x0001,
1.221036416666667,0,0x1D29,
1.221088458333333,0,0x0003,
1.221096125000000,0,0x242D,
1.221196583333333,0,0x0005,
1.221204291666667,0,0x2D21,
1.221354333333333,0,0x0006,
1.221362000000000,0,0x3B25,
1.221534458333333,0,0x000A,
1.221542125000000,0,0x4129,
1.229394416666667,0,0xFC3F,
1.229402125000000,0,0x060F,
1.229429500000000,0,0x0004,
1.229437208333333,0,0x0311,
1.229564166666667,0,0x0004,
1.229571833333333,0,0x0315,
1.229698583333333,0,0x0004,
1.229706291666667,0,0x0319,
1.229832333333333,0,0x0004,
1.229840000000000,0,0x031D,
1.229966875000000,0,0x0004,
1.229974541666667,0,0x0311,
1.230100125000000,0,0x0001,
1.230107791666667,0,0x1D15,
1.230159791666667,0,0x0003,
1.230167500000000,0,0x2419,
1.230268583333333,0,0x0005,
1.230276250000000,0,0x2D1D,
1.230425875000000,0,0x0006,
1.230433583333333,0,0x3B11,
1.230607208333333,0,0x000A,
1.230614916666667,0,0x4115,
1.230885166666667,0,0x0004,
1.230892833333333,0,0x0329,
1.231018583333333,0,0x0001,
1.231026250000000,0,0x1D2D,
1.231078750000000,0,0x0003,
1.231086416666667,0,0x2421,
1.231186333333333,0,0x0005,
1.231194041666667,0,0x2D25,
1.231343416666667,0,0x0006,
1.231351083333333,0,0x3B29,
1.231523500000000,0,0x000A,
1.231531166666667,0,0x412D,
1.239405291666667,0,0x0C3F,
1.239412958333333,0,0x0603,
1.239440166666667,0,0x0004,
1.239447833333333,0,0x0315,
1.239574791666667,0,0x0004,
1.239582458333333,0,0x0319,
1.239708958333333,0,0x0004,
1.239716666666667,0,0x031D,
1.239842416666667,0,0x0004,
1.239850083333333,0,0x0311,
1.239976583333333,0,0x0004,
1.239984250000000,0,0x0315,
1.240111208333333,0,0x0001,
1.240118875000000,0,0x1D19,
1.240170958333333,0,0x0003,
1.240178625000000,0,0x241D,
1.240278875000000,0,0x0005,
1.240286583333333,0,0x2D11,
1.240435625000000,0,0x0006,
1.240443291666667,0,0x3B15,
1.240616458333333,0,0x000A,
1.240624125000000,0,0x4119,
1.240895000000000,0,0x0004,
1.240902666666667,0,0x032D,
1.241028708333333,0,0x0001,
1.241036375000000,0,0x1D21,
1.241088750000000,0,0x0003,
1.241096416666667,0,0x2425,
1.241196875000000,0,0x0005,
1.241204541666667,0,0x2D29,
1.241353916666667,0,0x0006,
1.241361583333333,0,0x3B2D,
1.241534083333333,0,0x000A,
1.241541791666667,0,0x4121,
1.249400958333333,0,0x1C3F,
1.249408625000000,0,0x0607,
1.249436250000000,0,0x0004,
1.249443916666667,0,0x0319,
1.249570791666667,0,0x0004,
1.249578458333333,0,0x031D,
1.249705208333333,0,0x0004,
1.249712875000000,0,0x0311,
1.249838750000000,0,0x0004,
1.249846458333333,0,0x0315,
1.249973125000000,0,0x0004,
1.249980791666667,0,0x0319,
1.250106291666667,0,0x0001,
1.250114000000000,0,0x1D1D,
1.250166083333333,0,0x0003,
1.250173750000000,0,0x2411,
1.250274750000000,0,0x0005,
1.250282458333333,0,0x2D15,
1.250431833333333,0,0x0006,
1.250439541666667,0,0x3B19,
1.250612875000000,0,0x000A,
1.250620583333333,0,0x411D,
1.250891125000000,0,0x0004,
1.250898791666667,0,0x0321,
1.251024375000000,0,0x0001,
1.251032083333333,0,0x1D25,
1.251083666666667,0,0x0003,
1.251091333333333,0,0x2429,
1.251190791666667,0,0x0005,
1.251198458333333,0,0x2D2D,
1.251348416666667,0,0x0006,
1.251356083333333,0,0x3B21,
1.251528958333333,0,0x000A,
1.251536625000000,0,0x4125,
1.259542708333333,0,0x2C3F,
1.259550375000000,0,0x060B,
1.259577583333333,0,0x0004,
1.259585250000000,0,0x031D,
1.259712166666667,0,0x0004,
1.259719833333333,0,0x0311,
1.259846541666667,0,0x0004,
1.259854250000000,0,0x0315,
1.259979708333333,0,0x0004,
1.259987416666667,0,0x0319,
1.260113333333333,0,0x0004,
1.260121041666667,0,0x031D,
1.260247500000000,0,0x0001,
1.260255166666667,0,0x1D11,
1.260307458333333,0,0x0003,
1.260315166666667,0,0x2415,
1.260415708333333,0,0x0005,
1.260423375000000,0,0x2D19,
1.260572666666667,0,0x0006,
1.260580333333333,0,0x3B1D,
1.260753291666667,0,0x000A,
1.260760958333333,0,0x4111,
1.261032000000000,0,0x0004,
1.261039666666667,0,0x0325,
1.261165291666667,0,0x0001,
1.261172958333333,0,0x1D29,
1.261225375000000,0,0x0003,
1.261233041666667,0,0x242D,
1.261333333333333,0,0x0005,
1.261341041666667,0,0x2D21,
1.261488875000000,0,0x0006,
1.261496541666667,0,0x3B25,
1.261668750000000,0,0x000A,
1.261676416666667,0,0x4129,
1.269413833333333,0,0x3C3F,
1.269421541666667,0,0x060F,
1.269448500000000,0,0x0004,
1.269456208333333,0,0x0311,
1.269583125000000,0,0x0004,
1.269590791666667,0,0x0315,
1.269718041666667,0,0x0004,
1.269725708333333,0,0x0319,
1.269852000000000,0,0x0004,
1.269859666666667,0,0x031D,
1.269986000000000,0,0x0004,
1.269993666666667,0,0x0311,
1.270120666666667,0,0x0001,
1.270128333333333,0,0x1D15,
1.270180666666667,0,0x0003,
1.270188333333333,0,0x2419,
1.270289166666667,0,0x0005,
1.270296833333333,0,0x2D1D,
1.270447166666667,0,0x0006,
1.270454833333333,0,0x3B11,
1.270628333333333,0,0x000A,
1.270636000000000,0,0x4115,
1.270906333333333,0,0x0004,
1.270914000000000,0,0x0329,
1.271039000000000,0,0x0001,
1.271046666666667,0,0x1D2D,
1.271098416666667,0,0x0003,
1.271106083333333,0,0x2421,
1.271205541666667,0,0x0005,
1.271213208333333,0,0x2D25,
1.271361250000000,0,0x0006,
1.271368916666667,0,0x3B29,
1.271541250000000,0,0x000A,
1.271548916666667,0,0x412D,
1.279451083333333,0,0x4C3F,
1.279458750000000,0,0x0603,
1.279486666666667,0,0x0004,
1.279494375000000,0,0x0315,
1.279620416666667,0,0x0004,
1.279628083333333,0,0x0319,
1.279754291666667,0,0x0004,
1.279761958333333,0,0x031D,
1.279889041666667,0,0x0004,
1.279896708333333,0,0x0311,
1.280022291666667,0,0x0004,
1.280029958333333,0,0x0315,
1.280155916666667,0,0x0001,
1.280163583333333,0,0x1D19,
1.280215791666667,0,0x0003,
1.280223500000000,0,0x241D,
1.280324375000000,0,0x0005,
1.280332041666667,0,0x2D11,
1.280481916666667,0,0x0006,
1.280489583333333,0,0x3B15,
1.280663250000000,0,0x000A,
1.280670916666667,0,0x4119,
1.280941375000000,0,0x0004,
1.280949041666667,0,0x032D,
1.281074166666667,0,0x0001,
1.281081833333333,0,0x1D21,
1.281133833333333,0,0x0003,
1.281141500000000,0,0x2425,
1.281241708333333,0,0x0005,
1.281249375000000,0,0x2D29,
1.281397666666667,0,0x0006,
1.281405375000000,0,0x3B2D,
1.281577208333333,0,0x000A,
1.281584875000000,0,0x4121,
1.289417291666667,0,0x5C3F,
1.289424958333333,0,0x0607,
1.289452791666667,0,0x0004,
1.289460458333333,0,0x0319,
1.289586875000000,0,0x0004,
1.289594541666667,0,0x031D,
1.289721416666667,0,0x0004,
1.289729083333333,0,0x0311,
1.289855375000000,0,0x0004,
1.289863041666667,0,0x0315,
1.289989291666667,0,0x0004,
1.289996958333333,0,0x0319,
1.290123541666667,0,0x0001,
1.290131208333333,0,0x1D1D,
1.290183666666667,0,0x0003,
1.290191333333333,0,0x2411,
1.290292166666667,0,0x0005,
1.290299833333333,0,0x2D15,
1.290449791666667,0,0x0006,
1.290457500000000,0,0x3B19,
1.290631583333333,0,0x000A,
1.290639291666667,0,0x411D,
1.290910458333333,0,0x0004,
1.290918125000000,0,0x0321,
1.291043916666667,0,0x0001,
1.291051583333333,0,0x1D25,
1.291103541666667,0,0x0003,
1.291111208333333,0,0x2429,
1.291210875000000,0,0x0005,
1.291218541666667,0,0x2D2D,
1.291368041666667,0,0x0006,
1.291375708333333,0,0x3B21,
1.291547791666667,0,0x000A,
1.291555458333333,0,0x4125,
1.299423791666667,0,0x6C3F,
1.299431458333333,0,0x060B,
1.299458833333333,0,0x0004,
1.299466500000000,0,0x031D,
1.299592208333333,0,0x0004,
1.299599875000000,0,0x0311,
1.299726666666667,0,0x0004,
1.299734333333333,0,0x0315,
1.299860458333333,0,0x0004,
1.299868166666667,0,0x0319,
1.299994500000000,0,0x0004,
1.300002166666667,0,0x031D,
1.300128208333333,0,0x0001,
1.300135875000000,0,0x1D11,
1.300188166666667,0,0x0003,
1.300195833333333,0,0x2415,
1.300296500000000,0,0x0005,
1.300304208333333,0,0x2D19,
1.300453083333333,0,0x0006,
1.300460750000000,0,0x3B1D,
1.300633083333333,0,0x000A,
1.300640791666667,0,0x4111,
1.300911791666667,0,0x0004,
1.300919458333333,0,0x0325,
1.301044833333333,0,0x0001,
1.301052541666667,0,0x1D29,
1.301103875000000,0,0x0003,
1.301111541666667,0,0x242D,
1.301212500000000,0,0x0005,
1.301220166666667,0,0x2D21,
1.301370083333333,0,0x0006,
1.301377750000000,0,0x3B25,
1.301549833333333,0,0x000A,
1.301557500000000,0,0x4129,
1.309451416666667,0,0x7C3F,
1.309459083333333,0,0x060F,
1.309486583333333,0,0x0004,
1.309494250000000,0,0x0311,
1.309620541666667,0,0x0004,
1.309628208333333,0,0x0315,
1.309754250000000,0,0x0004,
1.309761958333333,0,0x0319,
1.309888666666667,0,0x0004,
1.309896375000000,0,0x031D,
1.310022041666667,0,0x0004,
1.310029708333333,0,0x0311,
1.310155625000000,0,0x0001,
1.310163333333333,0,0x1D15,
1.310216125000000,0,0x0003,
1.310223791666667,0,0x2419,
1.310325125000000,0,0x0005,
1.310332791666667,0,0x2D1D,
1.310482416666667,0,0x0006,
1.310490083333333,0,0x3B11,
1.310663791666667,0,0x000A,
1.310671458333333,0,0x4115,
1.310941541666667,0,0x0004,
1.310949208333333,0,0x0329,
1.311074458333333,0,0x0001,
1.311082125000000,0,0x1D2D,
1.311133708333333,0,0x0003,
1.311141375000000,0,0x2421,
1.311241250000000,0,0x0005,
1.311248916666667,0,0x2D25,
1.311396958333333,0,0x0006,
1.311404625000000,0,0x3B29,
1.311576708333333,0,0x000A,
1.311584375000000,0,0x412D,
1.319411708333333,0,0x8C3F,
1.319419416666667,0,0x0603,
1.319446833333333,0,0x0004,
1.319454500000000,0,0x0315,
1.319581166666667,0,0x0004,
1.319588833333333,0,0x0319,
1.319715625000000,0,0x0004,
1.319723333333333,0,0x031D,
1.319849291666667,0,0x0004,
1.319856958333333,0,0x0311,
1.319983583333333,0,0x0004,
1.319991250000000,0,0x0315,
1.320117625000000,0,0x0001,
1.320125291666667,0,0x1D19,
1.320177458333333,0,0x0003,
1.320185125000000,0,0x241D,
1.320286041666667,0,0x0005,
1.320293708333333,0,0x2D11,
1.320442708333333,0,0x0006,
1.320450416666667,0,0x3B15,
1.320623458333333,0,0x000A,
1.320631125000000,0,0x4119,
1.320901916666667,0,0x0004,
1.320909583333333,0,0x032D,
1.321035833333333,0,0x0001,
1.321043500000000,0,0x1D21,
1.321095333333333,0,0x0003,
1.321103041666667,0,0x2425,
1.321203041666667,0,0x0005,
1.321210708333333,0,0x2D29,
1.321360041666667,0,0x0006,
1.321367750000000,0,0x3B2D,
1.321539833333333,0,0x000A,
1.321547500000000,0,0x4121,
1.329406125000000,0,0x9C3F,
1.329413791666667,0,0x0607,
1.329441125000000,0,0x0004,
1.329448791666667,0,0x0319,
1.329575583333333,0,0x0004,
1.329583291666667,0,0x031D,
1.329709375000000,0,0x0004,
1.329717083333333,0,0x0311,
1.329842666666667,0,0x0004,
1.329850333333333,0,0x0315,
1.329975708333333,0,0x0004,
1.329983375000000,0,0x0319,
1.330108833333333,0,0x0001,
1.330116500000000,0,0x1D1D,
1.330169541666667,0,0x0003,
1.330177208333333,0,0x2411,
1.330278083333333,0,0x0005,
1.330285750000000,0,0x2D15,
1.330435250000000,0,0x0006,
1.330442958333333,0,0x3B19,
1.330616791666667,0,0x000A,
1.330624458333333,0,0x411D,
1.330894500000000,0,0x0004,
1.330902166666667,0,0x0321,
1.331027583333333,0,0x0001,
1.331035250000000,0,0x1D25,
1.331086916666667,0,0x0003,
1.331094583333333,0,0x2429,
1.331194000000000,0,0x0005,
1.331201708333333,0,0x2D2D,
1.331350791666667,0,0x0006,
1.331358500000000,0,0x3B21,
1.331530541666667,0,0x000A,
1.331538250000000,0,0x4125,
1.339421375000000,0,0xAC3F,
1.339429041666667,0,0x060B,
1.339456708333333,0,0x0004,
1.339464375000000,0,0x031D,
1.339590750000000,0,0x0004,
1.339598458333333,0,0x0311,
1.339724541666667,0,0x0004,
1.339732208333333,0,0x0315,
1.339859041666667,0,0x0004,
1.339866708333333,0,0x0319,
1.339993708333333,0,0x0004,
1.340001416666667,0,0x031D,
1.340128083333333,0,0x0001,
1.340135791666667,0,0x1D11,
1.340188000000000,0,0x0003,
1.340195666666667,0,0x2415,
1.340297291666667,0,0x0005,
1.340305000000000,0,0x2D19,
1.340454791666667,0,0x0006,
1.340462500000000,0,0x3B1D,
1.340635916666667,0,0x000A,
1.340643583333333,0,0x4111,
1.340914458333333,0,0x0004,
1.340922125000000,0,0x0325,
1.341047791666667,0,0x0001,
1.341055458333333,0,0x1D29,
1.341108041666667,0,0x0003,
1.341115750000000,0,0x242D,
1.341215666666667,0,0x0005,
1.341223333333333,0,0x2D21,
1.341371625000000,0,0x0006,
1.341379291666667,0,0x3B25,
1.341551708333333,0,0x000A,
1.341559375000000,0,0x4129,
1.349413166666667,0,0xBC3F,
1.349420833333333,0,0x060F,
1.349447666666667,0,0x0004,
1.349455375000000,0,0x0311,
1.349582208333333,0,0x0004,
1.349589875000000,0,0x0315,
1.349716125000000,0,0x0004,
1.349723833333333,0,0x0319,
1.349849833333333,0,0x0004,
1.349857500000000,0,0x031D,
1.349984500000000,0,0x0004,
1.349992208333333,0,0x0311,
1.350118083333333,0,0x0001,
1.350125750000000,0,0x1D15,
1.350178000000000,0,0x0003,
1.350185666666667,0,0x2419,
1.350286791666667,0,0x0005,
1.350294500000000,0,0x2D1D,
1.350443375000000,0,0x0006,
1.350451083333333,0,0x3B11,
1.350624416666667,0,0x000A,
1.350632083333333,0,0x4115,
1.350902166666667,0,0x0004,
1.350909875000000,0,0x0329,
1.351035833333333,0,0x0001,
1.351043500000000,0,0x1D2D,
1.351095875000000,0,0x0003,
1.351103583333333,0,0x2421,
1.351203625000000,0,0x0005,
1.351211333333333,0,0x2D25,
1.351361083333333,0,0x0006,
1.351368791666667,0,0x3B29,
1.351541583333333,0,0x000A,
1.351549291666667,0,0x412D,
1.359551625000000,0,0xCC3F,
1.359559291666667,0,0x0603,
1.359587458333333,0,0x0004,
1.359595125000000,0,0x0315,
1.359721541666667,0,0x0004,
1.359729208333333,0,0x0319,
1.359856375000000,0,0x0004,
1.359864041666667,0,0x031D,
1.359990458333333,0,0x0004,
1.359998125000000,0,0x0311,
1.360124458333333,0,0x0004,
1.360132166666667,0,0x0315,
1.360258708333333,0,0x0001,
1.360266375000000,0,0x1D19,
1.360318333333333,0,0x0003,
1.360326000000000,0,0x241D,
1.360426916666667,0,0x0005,
1.360434625000000,0,0x2D11,
1.360584541666667,0,0x0006,
1.360592250000000,0,0x3B15,
1.360766250000000,0,0x000A,
1.360773916666667,0,0x4119,
1.361044625000000,0,0x0004,
1.361052291666667,0,0x032D,
1.361177375000000,0,0x0001,
1.361185041666667,0,0x1D21,
1.361237166666667,0,0x0003,
1.361244833333333,0,0x2425,
1.361344708333333,0,0x0005,
1.361352375000000,0,0x2D29,
1.361499833333333,0,0x0006,
1.361507500000000,0,0x3B2D,
1.361679708333333,0,0x000A,
1.361687375000000,0,0x4121,
1.369418583333333,0,0xDC3F,
1.369426291666667,0,0x0607,
1.369454166666667,0,0x0004,
1.369461833333333,0,0x0319,
1.369588625000000,0,0x0004,
1.369596333333333,0,0x031D,
1.369722875000000,0,0x0004,
1.369730541666667,0,0x0311,
1.369856500000000,0,0x0004,
1.369864166666667,0,0x0315,
1.369991125000000,0,0x0004,
1.369998833333333,0,0x0319,
1.370125416666667,0,0x0001,
1.370133083333333,0,0x1D1D,
1.370185208333333,0,0x0003,
1.370192916666667,0,0x2411,
1.370293458333333,0,0x0005,
1.370301166666667,0,0x2D15,
1.370450000000000,0,0x0006,
1.370457708333333,0,0x3B19,
1.370630583333333,0,0x000A,
1.370638250000000,0,0x411D,
1.370908916666667,0,0x0004,
1.370916583333333,0,0x0321,
1.371041625000000,0,0x0001,
1.371049333333333,0,0x1D25,
1.371101500000000,0,0x0003,
1.371109166666667,0,0x2429,
1.371209541666667,0,0x0005,
1.371217208333333,0,0x2D2D,
1.371366083333333,0,0x0006,
1.371373791666667,0,0x3B21,
1.371546208333333,0,0x000A,
1.371553875000000,0,0x4125,
1.379457041666667,0,0xEC3F,
1.379464708333333,0,0x060B,
1.379491958333333,0,0x0004,
1.379499666666667,0,0x031D,
1.379626541666667,0,0x0004,
1.379634250000000,0,0x0311,
1.379760250000000,0,0x0004,
1.379767958333333,0,0x0315,
1.379893791666667,0,0x0004,
1.379901500000000,0,0x0319,
1.380027666666667,0,0x0004,
1.380035333333333,0,0x031D,
1.380161333333333,0,0x0001,
1.380169000000000,0,0x1D11,
1.380221125000000,0,0x0003,
1.380228791666667,0,0x2415,
1.380329250000000,0,0x0005,
1.380336958333333,0,0x2D19,
1.380485500000000,0,0x0006,
1.380493166666667,0,0x3B1D,
1.380667041666667,0,0x000A,
1.380674750000000,0,0x4111,
1.380945000000000,0,0x0004,
1.380952666666667,0,0x0325,
1.381078708333333,0,0x0001,
1.381086375000000,0,0x1D29,
1.381139083333333,0,0x0003,
1.381146750000000,0,0x242D,
1.381246791666667,0,0x0005,
1.381254458333333,0,0x2D21,
1.381403208333333,0,0x0006,
1.381410875000000,0,0x3B25,
1.381582916666667,0,0x000A,
1.381590625000000,0,0x4129,
1.389417916666667,0,0xFC3F,
1.389425583333333,0,0x060F,
1.389453166666667,0,0x0004,
1.389460875000000,0,0x0311,
1.389586958333333,0,0x0004,
1.389594625000000,0,0x0315,
1.389721333333333,0,0x0004,
1.389729041666667,0,0x0319,
1.389854833333333,0,0x0004,
1.389862500000000,0,0x031D,
1.389987541666667,0,0x0004,
1.389995208333333,0,0x0311,
1.390121041666667,0,0x0001,
1.390128708333333,0,0x1D15,
1.390181125000000,0,0x0003,
1.390188833333333,0,0x2419,
1.390289500000000,0,0x0005,
1.390297208333333,0,0x2D1D,
1.390446375000000,0,0x0006,
1.390454083333333,0,0x3B11,
1.390627208333333,0,0x000A,
1.390634916666667,0,0x4115,
1.390904833333333,0,0x0004,
1.390912500000000,0,0x0329,
1.391037625000000,0,0x0001,
1.391045333333333,0,0x1D2D,
1.391097583333333,0,0x0003,
1.391105250000000,0,0x2421,
1.391205583333333,0,0x0005,
1.391213250000000,0,0x2D25,
1.391362458333333,0,0x0006,
1.391370125000000,0,0x3B29,
1.391543166666667,0,0x000A,
1.391550833333333,0,0x412D,
1.399426916666667,0,0x0C3F,
1.399434625000000,0,0x0603,
1.399462041666667,0,0x0004,
1.399469708333333,0,0x0315,
1.399595916666667,0,0x0004,
1.399603583333333,0,0x0319,
1.399729916666667,0,0x0004,
1.399737625000000,0,0x031D,
1.399864416666667,0,0x0004,
1.399872083333333,0,0x0311,
1.399998083333333,0,0x0004,
1.400005750000000,0,0x0315,
1.400131791666667,0,0x0001,
1.400139458333333,0,0x1D19,
1.400192041666667,0,0x0003,
1.400199750000000,0,0x241D,
1.400301583333333,0,0x0005,
1.400309250000000,0,0x2D11,
1.400458916666667,0,0x0006,
1.400466625000000,0,0x3B15,
1.400640416666667,0,0x000A,
1.400648083333333,0,0x4119,
1.400919166666667,0,0x0004,
1.400926833333333,0,0x032D,
1.401052916666667,0,0x0001,
1.401060625000000,0,0x1D21,
1.401112541666667,0,0x0003,
1.401120250000000,0,0x2425,
1.401220041666667,0,0x0005,
1.401227708333333,0,0x2D29,
1.401377416666667,0,0x0006,
1.401385083333333,0,0x3B2D,
1.401557708333333,0,0x000A,
1.401565416666667,0,0x4121,
1.409409583333333,0,0x1C3F,
1.409417250000000,0,0x0607,
1.409445041666667,0,0x0004,
1.409452750000000,0,0x0319,
1.409578916666667,0,0x0004,
1.409586625000000,0,0x031D,
1.409713208333333,0,0x0004,
1.409720875000000,0,0x0311,
1.409846750000000,0,0x0004,
1.409854458333333,0,0x0315,
1.409980000000000,0,0x0004,
1.409987666666667,0,0x0319,
1.410113666666667,0,0x0001,
1.410121375000000,0,0x1D1D,
1.410173625000000,0,0x0003,
1.410181291666667,0,0x2411,
1.410281833333333,0,0x0005,
1.410289541666667,0,0x2D15,
1.410438916666667,0,0x0006,
1.410446583333333,0,0x3B19,
1.410619708333333,0,0x000A,
1.410627416666667,0,0x411D,
1.410897583333333,0,0x0004,
1.410905291666667,0,0x0321,
1.411031083333333,0,0x0001,
1.411038750000000,0,0x1D25,
1.411091166666667,0,0x0003,
1.411098833333333,0,0x2429,
1.411198500000000,0,0x0005,
1.411206166666667,0,0x2D2D,
1.411354083333333,0,0x0006,
1.411361750000000,0,0x3B21,
1.411534125000000,0,0x000A,
1.411541791666667,0,0x4125,
1.419438875000000,0,0x2C3F,
1.419446541666667,0,0x060B,
1.419473291666667,0,0x0004,
1.419480958333333,0,0x031D,
1.419607458333333,0,0x0004,
1.419615125000000,0,0x0311,
1.419741458333333,0,0x0004,
1.419749166666667,0,0x0315,
1.419875750000000,0,0x0004,
1.419883416666667,0,0x0319,
1.420009958333333,0,0x0004,
1.420017625000000,0,0x031D,
1.420143416666667,0,0x0001,
1.420151083333333,0,0x1D11,
1.420204083333333,0,0x0003,
1.420211750000000,0,0x2415,
1.420312875000000,0,0x0005,
1.420320541666667,0,0x2D19,
1.420470125000000,0,0x0006,
1.420477833333333,0,0x3B1D,
1.420650416666667,0,0x000A,
1.420658083333333,0,0x4111,
1.420929166666667,0,0x0004,
1.420936875000000,0,0x0325,
1.421062041666667,0,0x0001,
1.421069708333333,0,0x1D29,
1.421121541666667,0,0x0003,
1.421129208333333,0,0x242D,
1.421228791666667,0,0x0005,
1.421236458333333,0,0x2D21,
1.421385166666667,0,0x0006,
1.421392875000000,0,0x3B25,
1.421564791666667,0,0x000A,
1.421572458333333,0,0x4129,
1.429411166666667,0,0x3C3F,
1.429418833333333,0,0x060F,
1.429446333333333,0,0x0004,
1.429454000000000,0,0x0311,
1.429579916666667,0,0x0004,
1.429587583333333,0,0x0315,
1.429714333333333,0,0x0004,
1.429722000000000,0,0x0319,
1.429847625000000,0,0x0004,
1.429855333333333,0,0x031D,
1.429980416666667,0,0x0004,
1.429988083333333,0,0x0311,
1.430113875000000,0,0x0001,
1.430121541666667,0,0x1D15,
1.430174250000000,0,0x0003,
1.430181916666667,0,0x2419,
1.430282583333333,0,0x0005,
1.430290291666667,0,0x2D1D,
1.430438750000000,0,0x0006,
1.430446416666667,0,0x3B11,
1.430619583333333,0,0x000A,
1.430627250000000,0,0x4115,
1.430897958333333,0,0x0004,
1.430905625000000,0,0x0329,
1.431030625000000,0,0x0001,
1.431038291666667,0,0x1D2D,
1.431090750000000,0,0x0003,
1.431098416666667,0,0x2421,
1.431197875000000,0,0x0005,
1.431205583333333,0,0x2D25,
1.431355041666667,0,0x0006,
1.431362708333333,0,0x3B29,
1.431535458333333,0,0x000A,
1.431543125000000,0,0x412D,
1.439421833333333,0,0x4C3F,
1.439429541666667,0,0x0603,
1.439456625000000,0,0x0004,
1.439464333333333,0,0x0315,
1.439590583333333,0,0x0004,
1.439598250000000,0,0x0319,
1.439724875000000,0,0x0004,
1.439732541666667,0,0x031D,
1.439858500000000,0,0x0004,
1.439866166666667,0,0x0311,
1.439992833333333,0,0x0004,
1.440000500000000,0,0x0315,
1.440126708333333,0,0x0001,
1.440134416666667,0,0x1D19,
1.440186416666667,0,0x0003,
1.440194083333333,0,0x241D,
1.440295250000000,0,0x0005,
1.440302958333333,0,0x2D11,
1.440452416666667,0,0x0006,
1.440460083333333,0,0x3B15,
1.440633375000000,0,0x000A,
1.440641083333333,0,0x4119,
1.440912375000000,0,0x0004,
1.440920083333333,0,0x032D,
1.441045875000000,0,0x0001,
1.441053583333333,0,0x1D21,
1.441105541666667,0,0x0003,
1.441113208333333,0,0x2425,
1.441212875000000,0,0x0005,
1.441220541666667,0,0x2D29,
1.441369916666667,0,0x0006,
1.441377583333333,0,0x3B2D,
1.441550041666667,0,0x000A,
1.441557708333333,0,0x4121,
1.449418833333333,0,0x5C3F,
1.449426500000000,0,0x0607,
1.449453458333333,0,0x0004,
1.449461125000000,0,0x0319,
1.449587958333333,0,0x0004,
1.449595625000000,0,0x031D,
1.449722166666667,0,0x0004,
1.449729833333333,0,0x0311,
1.449855875000000,0,0x0004,
1.449863541666667,0,0x0315,
1.449990250000000,0,0x0004,
1.449997916666667,0,0x0319,
1.450123916666667,0,0x0001,
1.450131583333333,0,0x1D1D,
1.450183750000000,0,0x0003,
1.450191416666667,0,0x2411,
1.450292541666667,0,0x0005,
1.450300208333333,0,0x2D15,
1.450449333333333,0,0x0006,
1.450457000000000,0,0x3B19,
1.450630291666667,0,0x000A,
1.450637958333333,0,0x411D,
1.450908666666667,0,0x0004,
1.450916375000000,0,0x0321,
1.451041458333333,0,0x0001,
1.451049125000000,0,0x1D25,
1.451101291666667,0,0x0003,
1.451108958333333,0,0x2429,
1.451208583333333,0,0x0005,
1.451216291666667,0,0x2D2D,
1.451366083333333,0,0x0006,
1.451373750000000,0,0x3B21,
1.451546375000000,0,0x000A,
1.451554041666667,0,0x4125,
1.459604833333333,0,0x6C3F,
1.459612500000000,0,0x060B,
1.459639833333333,0,0x0004,
1.459647541666667,0,0x031D,
1.459773833333333,0,0x0004,
1.459781500000000,0,0x0311,
1.459907458333333,0,0x0004,
1.459915166666667,0,0x0315,
1.460041208333333,0,0x0004,
1.460048916666667,0,0x0319,
1.460174500000000,0,0x0004,
1.460182166666667,0,0x031D,
1.460308625000000,0,0x0001,
1.460316291666667,0,0x1D11,
1.460368916666667,0,0x0003,
1.460376625000000,0,0x2415,
1.460477958333333,0,0x0005,
1.460485625000000,0,0x2D19,
1.460635291666667,0,0x0006,
1.460643000000000,0,0x3B1D,
1.460816750000000,0,0x000A,
1.460824416666667,0,0x4111,
1.461094000000000,0,0x0004,
1.461101708333333,0,0x0325,
1.461227041666667,0,0x0001,
1.461234708333333,0,0x1D29,
1.461286583333333,0,0x0003,
1.461294250000000,0,0x242D,
1.461393875000000,0,0x0005,
1.461401583333333,0,0x2D21,
1.461549708333333,0,0x0006,
1.461557375000000,0,0x3B25,
1.461729250000000,0,0x000A,
1.461736916666667,0,0x4129,
1.469437208333333,0,0x7C3F,
1.469444916666667,0,0x060F,
1.469471833333333,0,0x0004,
1.469479500000000,0,0x0311,
1.469605708333333,0,0x0004,
1.469613416666667,0,0x0315,
1.469740041666667,0,0x0004,
1.469747708333333,0,0x0319,
1.469874166666667,0,0x0004,
1.469881875000000,0,0x031D,
1.470008333333333,0,0x0004,
1.470016041666667,0,0x0311,
1.470142333333333,0,0x0001,
1.470150041666667,0,0x1D15,
1.470202291666667,0,0x0003,
1.470209958333333,0,0x2419,
1.470310333333333,0,0x0005,
1.470318041666667,0,0x2D1D,
1.470467000000000,0,0x0006,
1.470474666666667,0,0x3B11,
1.470648125000000,0,0x000A,
1.470655791666667,0,0x4115,
1.470926583333333,0,0x0004,
1.470934250000000,0,0x0329,
1.471059250000000,0,0x0001,
1.471066958333333,0,0x1D2D,
1.471119291666667,0,0x0003,
1.471127000000000,0,0x2421,
1.471227500000000,0,0x0005,
1.471235166666667,0,0x2D25,
1.471385125000000,0,0x0006,
1.471392833333333,0,0x3B29,
1.471565208333333,0,0x000A,
1.471572875000000,0,0x412D,
1.479471916666667,0,0x8C3F,
1.479479583333333,0,0x0603,
1.479507791666667,0,0x0004,
1.479515458333333,0,0x0315,
1.479642166666667,0,0x0004,
1.479649875000000,0,0x0319,
1.479776666666667,0,0x0004,
1.479784333333333,0,0x031D,
1.479911041666667,0,0x0004,
1.479918750000000,0,0x0311,
1.480045208333333,0,0x0004,
1.480052875000000,0,0x0315,
1.480179083333333,0,0x0001,
1.480186750000000,0,0x1D19,
1.480239708333333,0,0x0003,
1.480247375000000,0,0x241D,
1.480348250000000,0,0x0005,
1.480355958333333,0,0x2D11,
1.480505291666667,0,0x0006,
1.480513000000000,0,0x3B15,
1.480686458333333,0,0x000A,
1.480694166666667,0,0x4119,
1.480963916666667,0,0x0004,
1.480971583333333,0,0x032D,
1.481097583333333,0,0x0001,
1.481105250000000,0,0x1D21,
1.481157291666667,0,0x0003,
1.481165000000000,0,0x2425,
1.481264875000000,0,0x0005,
1.481272541666667,0,0x2D29,
1.481421333333333,0,0x0006,
1.481429041666667,0,0x3B2D,
1.481600791666667,0,0x000A,
1.481608500000000,0,0x4121,
1.489428083333333,0,0x9C3F,
1.489435791666667,0,0x0607,
1.489463458333333,0,0x0004,
1.489471125000000,0,0x0319,
1.489598291666667,0,0x0004,
1.489606000000000,0,0x031D,
1.489732208333333,0,0x0004,
1.489739875000000,0,0x0311,
1.489865875000000,0,0x0004,
1.489873583333333,0,0x0315,
1.489999541666667,0,0x0004,
1.490007208333333,0,0x0319,
1.490132666666667,0,0x0001,
1.490140375000000,0,0x1D1D,
1.490192708333333,0,0x0003,
1.490200375000000,0,0x2411,
1.490300625000000,0,0x0005,
1.490308291666667,0,0x2D15,
1.490457708333333,0,0x0006,
1.490465416666667,0,0x3B19,
1.490638791666667,0,0x000A,
1.490646500000000,0,0x411D,
1.490916166666667,0,0x0004,
1.490923875000000,0,0x0321,
1.491048791666667,0,0x0001,
1.491056458333333,0,0x1D25,
1.491108041666667,0,0x0003,
1.491115750000000,0,0x2429,
1.491215625000000,0,0x0005,
1.491223291666667,0,0x2D2D,
1.491371416666667,0,0x0006,
1.491379125000000,0,0x3B21,
1.491551291666667,0,0x000A,
1.491558958333333,0,0x4125,
1.499436291666667,0,0xAC3F,
1.499443958333333,0,0x060B,
1.499471166666667,0,0x0004,
1.499478875000000,0,0x031D,
1.499606083333333,0,0x0004,
1.499613750000000,0,0x0311,
1.499740333333333,0,0x0004,
1.499748000000000,0,0x0315,
1.499874250000000,0,0x0004,
1.499881916666667,0,0x0319,
1.500008166666667,0,0x0004,
1.500015875000000,0,0x031D,
1.500142625000000,0,0x0001,
1.500150333333333,0,0x1D11,
1.500202791666667,0,0x0003,
1.500210458333333,0,0x2415,
1.500312000000000,0,0x0005,
1.500319708333333,0,0x2D19,
1.500468166666667,0,0x0006,
1.500475875000000,0,0x3B1D,
1.500648458333333,0,0x000A,
1.500656166666667,0,0x4111,
1.500926625000000,0,0x0004,
1.500934291666667,0,0x0325,
1.501059875000000,0,0x0001,
1.501067541666667,0,0x1D29,
1.501119541666667,0,0x0003,
1.501127208333333,0,0x242D,
1.501227750000000,0,0x0005,
1.501235416666667,0,0x2D21,
1.501384875000000,0,0x0006,
1.501392541666667,0,0x3B25,
1.501565208333333,0,0x000A,
1.501572875000000,0,0x4129,
1.509434500000000,0,0xBC3F,
1.509442166666667,0,0x060F,
1.509470250000000,0,0x0004,
1.509477916666667,0,0x0311,
1.509604791666667,0,0x0004,
1.509612500000000,0,0x0315,
1.509739916666667,0,0x0004,
1.509747583333333,0,0x0319,
1.509873958333333,0,0x0004,
1.509881666666667,0,0x031D,
1.510007916666667,0,0x0004,
1.510015625000000,0,0x0311,
1.510141708333333,0,0x0001,
1.510149375000000,0,0x1D15,
1.510201666666667,0,0x0003,
1.510209333333333,0,0x2419,
1.510311083333333,0,0x0005,
1.510318750000000,0,0x2D1D,
1.510467791666667,0,0x0006,
1.510475458333333,0,0x3B11,
1.510648875000000,0,0x000A,
1.510656541666667,0,0x4115,
1.510927291666667,0,0x0004,
1.510935000000000,0,0x0329,
1.511060458333333,0,0x0001,
1.511068125000000,0,0x1D2D,
1.511119791666667,0,0x0003,
1.511127458333333,0,0x2421,
1.511226958333333,0,0x0005,
1.511234625000000,0,0x2D25,
1.511384291666667,0,0x0006,
1.511391958333333,0,0x3B29,
1.511563750000000,0,0x000A,
1.511571416666667,0,0x412D,
1.519447875000000,0,0xCC3F,
1.519455583333333,0,0x0603,
1.519482833333333,0,0x0004,
1.519490500000000,0,0x0315,
1.519616041666667,0,0x0004,
1.519623708333333,0,0x0319,
1.519750333333333,0,0x0004,
1.519758041666667,0,0x031D,
1.519885125000000,0,0x0004,
1.519892791666667,0,0x0311,
1.520019708333333,0,0x0004,
1.520027416666667,0,0x0315,
1.520152750000000,0,0x0001,
1.520160458333333,0,0x1D19,
1.520213583333333,0,0x0003,
1.520221291666667,0,0x241D,
1.520322375000000,0,0x0005,
1.520330041666667,0,0x2D11,
1.520479750000000,0,0x0006,
1.520487458333333,0,0x3B15,
1.520660875000000,0,0x000A,
1.520668541666667,0,0x4119,
1.520939916666667,0,0x0004,
1.520947583333333,0,0x032D,
1.521072791666667,0,0x0001,
1.521080458333333,0,0x1D21,
1.521132625000000,0,0x0003,
1.521140291666667,0,0x2425,
1.521240583333333,0,0x0005,
1.521248250000000,0,0x2D29,
1.521396541666667,0,0x0006,
1.521404208333333,0,0x3B2D,
1.521575791666667,0,0x000A,
1.521583458333333,0,0x4121,
1.529419333333333,0,0xDC3F,
1.529427000000000,0,0x0607,
1.529454166666667,0,0x0004,
1.529461875000000,0,0x0319,
1.529588125000000,0,0x0004,
1.529595833333333,0,0x031D,
1.529722625000000,0,0x0004,
1.529730291666667,0,0x0311,
1.529855666666667,0,0x0004,
1.529863333333333,0,0x0315,
1.529989500000000,0,0x0004,
1.529997166666667,0,0x0319,
1.530124208333333,0,0x0001,
1.530131916666667,0,0x1D1D,
1.530184000000000,0,0x0003,
1.530191708333333,0,0x2411,
1.530291583333333,0,0x0005,
1.530299250000000,0,0x2D15,
1.530448041666667,0,0x0006,
1.530455750000000,0,0x3B19,
1.530628833333333,0,0x000A,
1.530636541666667,0,0x411D,
1.530906958333333,0,0x0004,
1.530914625000000,0,0x0321,
1.531040041666667,0,0x0001,
1.531047750000000,0,0x1D25,
1.531099708333333,0,0x0003,
1.531107375000000,0,0x2429,
1.531207583333333,0,0x0005,
1.531215250000000,0,0x2D2D,
1.531363125000000,0,0x0006,
1.531370833333333,0,0x3B21,
1.531544208333333,0,0x000A,
1.531551875000000,0,0x4125,
1.539439666666667,0,0xEC3F,
1.539447333333333,0,0x060B,
1.539474833333333,0,0x0004,
1.539482541666667,0,0x031D,
1.539609083333333,0,0x0004,
1.539616750000000,0,0x0311,
1.539743291666667,0,0x0004,
1.539750958333333,0,0x0315,
1.539877500000000,0,0x0004,
1.539885166666667,0,0x0319,
1.540012250000000,0,0x0004,
1.540019916666667,0,0x031D,
1.540146541666667,0,0x0001,
1.540154208333333,0,0x1D11,
1.540206083333333,0,0x0003,
1.540213750000000,0,0x2415,
1.540314791666667,0,0x0005,
1.540322458333333,0,0x2D19,
1.540471958333333,0,0x0006,
1.540479625000000,0,0x3B1D,
1.540652625000000,0,0x000A,
1.540660333333333,0,0x4111,
1.540931541666667,0,0x0004,
1.540939208333333,0,0x0325,
1.541064333333333,0,0x0001,
1.541072000000000,0,0x1D29,
1.541124375000000,0,0x0003,
1.541132041666667,0,0x242D,
1.541232166666667,0,0x0005,
1.541239833333333,0,0x2D21,
1.541389708333333,0,0x0006,
1.541397375000000,0,0x3B25,
1.541569125000000,0,0x000A,
1.541576791666667,0,0x4129,
1.549423291666667,0,0xFC3F,
1.549430958333333,0,0x060F,
1.549458333333333,0,0x0004,
1.549466000000000,0,0x0311,
1.549593000000000,0,0x0004,
1.549600666666667,0,0x0315,
1.549726708333333,0,0x0004,
1.549734416666667,0,0x0319,
1.549860416666667,0,0x0004,
1.549868125000000,0,0x031D,
1.549994000000000,0,0x0004,
1.550001708333333,0,0x0311,
1.550126791666667,0,0x0001,
1.550134458333333,0,0x1D15,
1.550186666666667,0,0x0003,
1.550194333333333,0,0x2419,
1.550295208333333,0,0x0005,
1.550302875000000,0,0x2D1D,
1.550452125000000,0,0x0006,
1.550459791666667,0,0x3B11,
1.550633500000000,0,0x000A,
1.550641208333333,0,0x4115,
1.550910916666667,0,0x0004,
1.550918583333333,0,0x0329,
1.551043416666667,0,0x0001,
1.551051083333333,0,0x1D2D,
1.551102916666667,0,0x0003,
1.551110625000000,0,0x2421,
1.551210416666667,0,0x0005,
1.551218083333333,0,0x2D25,
1.551365875000000,0,0x0006,
1.551373541666667,0,0x3B29,
1.551546166666667,0,0x000A,
1.551553875000000,0,0x412D,
1.559565583333333,0,0x0C3F,
1.559573250000000,0,0x0603,
1.559600958333333,0,0x0004,
1.559608625000000,0,0x0315,
1.559735666666667,0,0x0004,
1.559743333333333,0,0x0319,
1.559869458333333,0,0x0004,
1.559877125000000,0,0x031D,
1.560002833333333,0,0x0004,
1.560010500000000,0,0x0311,
1.560135916666667,0,0x0004,
1.560143583333333,0,0x0315,
1.560269750000000,0,0x0001,
1.560277416666667,0,0x1D19,
1.560329583333333,0,0x0003,
1.560337291666667,0,0x241D,
1.560438291666667,0,0x0005,
1.560446000000000,0,0x2D11,
1.560595083333333,0,0x0006,
1.560602791666667,0,0x3B15,
1.560776416666667,0,0x000A,
1.560784083333333,0,0x4119,
1.561055750000000,0,0x0004,
1.561063416666667,0,0x032D,
1.561188958333333,0,0x0001,
1.561196666666667,0,0x1D21,
1.561249625000000,0,0x0003,
1.561257291666667,0,0x2425,
1.561356916666667,0,0x0005,
1.561364583333333,0,0x2D29,
1.561513041666667,0,0x0006,
1.561520708333333,0,0x3B2D,
1.561693625000000,0,0x000A,
1.561701291666667,0,0x4121,
1.569504916666667,0,0x1C3F,
1.569512625000000,0,0x0607,
1.569540083333333,0,0x0004,
1.569547791666667,0,0x0319,
1.569673583333333,0,0x0004,
1.569681250000000,0,0x031D,
1.569807375000000,0,0x0004,
1.569815041666667,0,0x0311,
1.569940583333333,0,0x0004,
1.569948291666667,0,0x0315,
1.570074250000000,0,0x0004,
1.570081958333333,0,0x0319,
1.570208041666667,0,0x0001,
1.570215708333333,0,0x1D1D,
1.570268583333333,0,0x0003,
1.570276291666667,0,0x2411,
1.570377041666667,0,0x0005,
1.570384708333333,0,0x2D15,
1.570534416666667,0,0x0006,
1.570542083333333,0,0x3B19,
1.570715708333333,0,0x000A,
1.570723416666667,0,0x411D,
1.570993916666667,0,0x0004,
1.571001625000000,0,0x0321,
1.571126916666667,0,0x0001,
1.571134583333333,0,0x1D25,
1.571186208333333,0,0x0003,
1.571193916666667,0,0x2429,
1.571293625000000,0,0x0005,
1.571301291666667,0,0x2D2D,
1.571449875000000,0,0x0006,
1.571457583333333,0,0x3B21,
1.571630333333333,0,0x000A,
1.571638000000000,0,0x4125,
1.580420583333333,0,0x2C3F,
1.580428250000000,0,0x060B,
1.580456041666667,0,0x0004,
1.580463708333333,0,0x031D,
1.580589250000000,0,0x0004,
1.580596958333333,0,0x0311,
1.580722791666667,0,0x0004,
1.580730500000000,0,0x0315,
1.580856166666667,0,0x0004,
1.580863875000000,0,0x0319,
1.580989958333333,0,0x0004,
1.580997625000000,0,0x031D,
1.581123625000000,0,0x0001,
1.581131291666667,0,0x1D11,
1.581184458333333,0,0x0003,
1.581192125000000,0,0x2415,
1.581292791666667,0,0x0005,
1.581300458333333,0,0x2D19,
1.581450541666667,0,0x0006,
1.581458250000000,0,0x3B1D,
1.581632833333333,0,0x000A,
1.581640541666667,0,0x4111,
1.581909750000000,0,0x0004,
1.581917416666667,0,0x0325,
1.582042875000000,0,0x0001,
1.582050583333333,0,0x1D29,
1.582102791666667,0,0x0003,
1.582110458333333,0,0x242D,
1.582210333333333,0,0x0005,
1.582218000000000,0,0x2D21,
1.582365916666667,0,0x0006,
1.582373583333333,0,0x3B25,
1.582545791666667,0,0x000A,
1.582553500000000,0,0x4129,
1.589513041666667,0,0x3C3F,
1.589520708333333,0,0x060F,
1.589548750000000,0,0x0004,
1.589556458333333,0,0x0311,
1.589683083333333,0,0x0004,
1.589690791666667,0,0x0315,
1.589816666666667,0,0x0004,
1.589824333333333,0,0x0319,
1.589949791666667,0,0x0004,
1.589957458333333,0,0x031D,
1.590083250000000,0,0x0004,
1.590090958333333,0,0x0311,
1.590217333333333,0,0x0001,
1.590225000000000,0,0x1D15,
1.590277833333333,0,0x0003,
1.590285500000000,0,0x2419,
1.590386500000000,0,0x0005,
1.590394166666667,0,0x2D1D,
1.590543625000000,0,0x0006,
1.590551291666667,0,0x3B11,
1.590723958333333,0,0x000A,
1.590731666666667,0,0x4115,
1.591002166666667,0,0x0004,
1.591009875000000,0,0x0329,
1.591134458333333,0,0x0001,
1.591142166666667,0,0x1D2D,
1.591194083333333,0,0x0003,
1.591201750000000,0,0x2421,
1.591302333333333,0,0x0005,
1.591310000000000,0,0x2D25,
1.591457916666667,0,0x0006,
1.591465583333333,0,0x3B29,
1.591638291666667,0,0x000A,
1.591646000000000,0,0x412D,
1.599457333333333,0,0x4C3F,
1.599465000000000,0,0x0603,
1.599492333333333,0,0x0004,
1.599500000000000,0,0x0315,
1.599626333333333,0,0x0004,
1.599634000000000,0,0x0319,
1.599759666666667,0,0x0004,
1.599767333333333,0,0x031D,
1.599893625000000,0,0x0004,
1.599901333333333,0,0x0311,
1.600027416666667,0,0x0004,
1.600035125000000,0,0x0315,
1.600161125000000,0,0x0001,
1.600168791666667,0,0x1D19,
1.600221125000000,0,0x0003,
1.600228791666667,0,0x241D,
1.600329583333333,0,0x0005,
1.600337250000000,0,0x2D11,
1.600486500000000,0,0x0006,
1.600494166666667,0,0x3B15,
1.600667833333333,0,0x000A,
1.600675541666667,0,0x4119,
1.600947000000000,0,0x0004,
1.600954708333333,0,0x032D,
1.601080125000000,0,0x0001,
1.601087791666667,0,0x1D21,
1.601139708333333,0,0x0003,
1.601147375000000,0,0x2425,
1.601247208333333,0,0x0005,
1.601254875000000,0,0x2D29,
1.601403083333333,0,0x0006,
1.601410750000000,0,0x3B2D,
1.601582125000000,0,0x000A,
1.601589833333333,0,0x4121,
1.609422916666667,0,0x5C3F,
1.609430625000000,0,0x0607,
1.609457875000000,0,0x0004,
1.609465583333333,0,0x0319,
1.609592041666667,0,0x0004,
1.609599750000000,0,0x031D,
1.609725791666667,0,0x0004,
1.609733500000000,0,0x0311,
1.609859625000000,0,0x0004,
1.609867291666667,0,0x0315,
1.609993125000000,0,0x0004,
1.610000791666667,0,0x0319,
1.610126500000000,0,0x0001,
1.610134166666667,0,0x1D1D,
1.610186875000000,0,0x0003,
1.610194541666667,0,0x2411,
1.610295166666667,0,0x0005,
1.610302875000000,0,0x2D15,
1.610451750000000,0,0x0006,
1.610459416666667,0,0x3B19,
1.610633083333333,0,0x000A,
1.610640791666667,0,0x411D,
1.610910750000000,0,0x0004,
1.610918416666667,0,0x0321,
1.611043583333333,0,0x0001,
1.611051291666667,0,0x1D25,
1.611103250000000,0,0x0003,
1.611110958333333,0,0x2429,
1.611210750000000,0,0x0005,
1.611218416666667,0,0x2D2D,
1.611367041666667,0,0x0006,
1.611374708333333,0,0x3B21,
1.611546666666667,0,0x000A,
1.611554333333333,0,0x4125,
1.619444666666667,0,0x6C3F,
1.619452333333333,0,0x060B,
1.619479958333333,0,0x0004,
1.619487625000000,0,0x031D,
1.619614500000000,0,0x0004,
1.619622166666667,0,0x0311,
1.619749250000000,0,0x0004,
1.619756958333333,0,0x0315,
1.619884166666667,0,0x0004,
1.619891833333333,0,0x0319,
1.620019208333333,0,0x0004,
1.620026916666667,0,0x031D,
1.620154125000000,0,0x0001,
1.620161791666667,0,0x1D11,
1.620213708333333,0,0x0003,
1.620221375000000,0,0x2415,
1.620322166666667,0,0x0005,
1.620329875000000,0,0x2D19,
1.620479291666667,0,0x0006,
1.620486958333333,0,0x3B1D,
1.620659083333333,0,0x000A,
1.620666750000000,0,0x4111,
1.620937958333333,0,0x0004,
1.620945625000000,0,0x0325,
1.621070875000000,0,0x0001,
1.621078541666667,0,0x1D29,
1.621130375000000,0,0x0003,
1.621138083333333,0,0x242D,
1.621238541666667,0,0x0005,
1.621246208333333,0,0x2D21,
1.621395541666667,0,0x0006,
1.621403250000000,0,0x3B25,
1.621575291666667,0,0x000A,
1.621582958333333,0,0x4129,
1.629425208333333,0,0x7C3F,
1.629432875000000,0,0x060F,
1.629459958333333,0,0x0004,
1.629467625000000,0,0x0311,
1.629594000000000,0,0x0004,
1.629601666666667,0,0x0315,
1.629727791666667,0,0x0004,
1.629735500000000,0,0x0319,
1.629861333333333,0,0x0004,
1.629869000000000,0,0x031D,
1.629994291666667,0,0x0004,
1.630001958333333,0,0x0311,
1.630127541666667,0,0x0001,
1.630135208333333,0,0x1D15,
1.630187458333333,0,0x0003,
1.630195125000000,0,0x2419,
1.630295708333333,0,0x0005,
1.630303375000000,0,0x2D1D,
1.630452583333333,0,0x0006,
1.630460291666667,0,0x3B11,
1.630633750000000,0,0x000A,
1.630641416666667,0,0x4115,
1.630911291666667,0,0x0004,
1.630919000000000,0,0x0329,
1.631043875000000,0,0x0001,
1.631051541666667,0,0x1D2D,
1.631103833333333,0,0x0003,
1.631111541666667,0,0x2421,
1.631211375000000,0,0x0005,
1.631219083333333,0,0x2D25,
1.631366791666667,0,0x0006,
1.631374500000000,0,0x3B29,
1.631547708333333,0,0x000A,
1.631555375000000,0,0x412D,
1.639449416666667,0,0x8C3F,
1.639457125000000,0,0x0603,
1.639484416666667,0,0x0004,
1.639492125000000,0,0x0315,
1.639618291666667,0,0x0004,
1.639626000000000,0,0x0319,
1.639751916666667,0,0x0004,
1.639759625000000,0,0x031D,
1.639886541666667,0,0x0004,
1.639894208333333,0,0x0311,
1.640021666666667,0,0x0004,
1.640029375000000,0,0x0315,
1.640155541666667,0,0x0001,
1.640163208333333,0,0x1D19,
1.640215625000000,0,0x0003,
1.640223291666667,0,0x241D,
1.640324500000000,0,0x0005,
1.640332166666667,0,0x2D11,
1.640482166666667,0,0x0006,
1.640489833333333,0,0x3B15,
1.640663041666667,0,0x000A,
1.640670750000000,0,0x4119,
1.640941750000000,0,0x0004,
1.640949458333333,0,0x032D,
1.641074541666667,0,0x0001,
1.641082208333333,0,0x1D21,
1.641134291666667,0,0x0003,
1.641141958333333,0,0x2425,
1.641242416666667,0,0x0005,
1.641250083333333,0,0x2D29,
1.641398708333333,0,0x0006,
1.641406416666667,0,0x3B2D,
1.641577916666667,0,0x000A,
1.641585583333333,0,0x4121,
1.649437958333333,0,0x9C3F,
1.649445625000000,0,0x0607,
1.649473125000000,0,0x0004,
1.649480833333333,0,0x0319,
1.649608000000000,0,0x0004,
1.649615708333333,0,0x031D,
1.649742333333333,0,0x0004,
1.649750041666667,0,0x0311,
1.649875791666667,0,0x0004,
1.649883458333333,0,0x0315,
1.650009166666667,0,0x0004,
1.650016833333333,0,0x0319,
1.650144166666667,0,0x0001,
1.650151833333333,0,0x1D1D,
1.650203833333333,0,0x0003,
1.650211541666667,0,0x2411,
1.650311625000000,0,0x0005,
1.650319333333333,0,0x2D15,
1.650468666666667,0,0x0006,
1.650476375000000,0,0x3B19,
1.650649833333333,0,0x000A,
1.650657541666667,0,0x411D,
1.650927916666667,0,0x0004,
1.650935583333333,0,0x0321,
1.651062333333333,0,0x0001,
1.651070041666667,0,0x1D25,
1.651122666666667,0,0x0003,
1.651130333333333,0,0x2429,
1.651229875000000,0,0x0005,
1.651237541666667,0,0x2D2D,
1.651386750000000,0,0x0006,
1.651394416666667,0,0x3B21,
1.651566625000000,0,0x000A,
1.651574333333333,0,0x4125,
1.659572291666667,0,0xAC3F,
1.659580000000000,0,0x060B,
1.659607375000000,0,0x0004,
1.659615041666667,0,0x031D,
1.659742000000000,0,0x0004,
1.659749666666667,0,0x0311,
1.659875125000000,0,0x0004,
1.659882791666667,0,0x0315,
1.660009541666667,0,0x0004,
1.660017208333333,0,0x0319,
1.660142916666667,0,0x0004,
1.660150583333333,0,0x031D,
1.660276583333333,0,0x0001,
1.660284250000000,0,0x1D11,
1.660336583333333,0,0x0003,
1.660344291666667,0,0x2415,
1.660444958333333,0,0x0005,
1.660452666666667,0,0x2D19,
1.660602250000000,0,0x0006,
1.660609916666667,0,0x3B1D,
1.660783875000000,0,0x000A,
1.660791541666667,0,0x4111,
1.661062500000000,0,0x0004,
1.661070166666667,0,0x0325,
1.661195375000000,0,0x0001,
1.661203041666667,0,0x1D29,
1.661255083333333,0,0x0003,
1.661262791666667,0,0x242D,
1.661363333333333,0,0x0005,
1.661371000000000,0,0x2D21,
1.661519708333333,0,0x0006,
1.661527375000000,0,0x3B25,
1.661699250000000,0,0x000A,
1.661706958333333,0,0x4129,
1.669450041666667,0,0xBC3F,
1.669457708333333,0,0x060F,
1.669485541666667,0,0x0004,
1.669493250000000,0,0x0311,
1.669619541666667,0,0x0004,
1.669627208333333,0,0x0315,
1.669753041666667,0,0x0004,
1.669760708333333,0,0x0319,
1.669887166666667,0,0x0004,
1.669894833333333,0,0x031D,
1.670021458333333,0,0x0004,
1.670029125000000,0,0x0311,
1.670155833333333,0,0x0001,
1.670163500000000,0,0x1D15,
1.670215833333333,0,0x0003,
1.670223541666667,0,0x2419,
1.670324333333333,0,0x0005,
1.670332000000000,0,0x2D1D,
1.670481333333333,0,0x0006,
1.670489000000000,0,0x3B11,
1.670662250000000,0,0x000A,
1.670669958333333,0,0x4115,
1.670940541666667,0,0x0004,
1.670948208333333,0,0x0329,
1.671073500000000,0,0x0001,
1.671081208333333,0,0x1D2D,
1.671132666666667,0,0x0003,
1.671140375000000,0,0x2421,
1.671239958333333,0,0x0005,
1.671247666666667,0,0x2D25,
1.671397333333333,0,0x0006,
1.671405041666667,0,0x3B29,
1.671577416666667,0,0x000A,
1.671585083333333,0,0x412D,
1.679450500000000,0,0xCC3F,
1.679458166666667,0,0x0603,
1.679485750000000,0,0x0004,
1.679493416666667,0,0x0315,
1.679619875000000,0,0x0004,
1.679627541666667,0,0x0319,
1.679753916666667,0,0x0004,
1.679761583333333,0,0x031D,
1.679887708333333,0,0x0004,
1.679895375000000,0,0x0311,
1.680021375000000,0,0x0004,
1.680029083333333,0,0x0315,
1.680155041666667,0,0x0001,
1.680162750000000,0,0x1D19,
1.680214791666667,0,0x0003,
1.680222500000000,0,0x241D,
1.680323708333333,0,0x0005,
1.680331375000000,0,0x2D11,
1.680481041666667,0,0x0006,
1.680488708333333,0,0x3B15,
1.680661625000000,0,0x000A,
1.680669291666667,0,0x4119,
1.680939541666667,0,0x0004,
1.680947250000000,0,0x032D,
1.681073083333333,0,0x0001,
1.681080750000000,0,0x1D21,
1.681132416666667,0,0x0003,
1.681140125000000,0,0x2425,
1.681240541666667,0,0x0005,
1.681248208333333,0,0x2D29,
1.681398125000000,0,0x0006,
1.681405833333333,0,0x3B2D,
1.681578291666667,0,0x000A,
1.681585958333333,0,0x4121,
1.689440333333333,0,0xDC3F,
1.689448000000000,0,0x0607,
1.689475250000000,0,0x0004,
1.689482916666667,0,0x0319,
1.689609166666667,0,0x0004,
1.689616833333333,0,0x031D,
1.689742333333333,0,0x0004,
1.689750000000000,0,0x0311,
1.689875375000000,0,0x0004,
1.689883083333333,0,0x0315,
1.690008625000000,0,0x0004,
1.690016291666667,0,0x0319,
1.690142250000000,0,0x0001,
1.690149916666667,0,0x1D1D,
1.690202083333333,0,0x0003,
1.690209791666667,0,0x2411,
1.690310875000000,0,0x0005,
1.690318541666667,0,0x2D15,
1.690467875000000,0,0x0006,
1.690475541666667,0,0x3B19,
1.690648750000000,0,0x000A,
1.690656458333333,0,0x411D,
1.690926541666667,0,0x0004,
1.690934208333333,0,0x0321,
1.691058750000000,0,0x0001,
1.691066416666667,0,0x1D25,
1.691118791666667,0,0x0003,
1.691126500000000,0,0x2429,
1.691226250000000,0,0x0005,
1.691233916666667,0,0x2D2D,
1.691382125000000,0,0x0006,
1.691389791666667,0,0x3B21,
1.691562250000000,0,0x000A,
1.691569958333333,0,0x4125,
1.699444750000000,0,0xEC3F,
1.699452416666667,0,0x060B,
1.699480041666667,0,0x0004,
1.699487708333333,0,0x031D,
1.699614166666667,0,0x0004,
1.699621875000000,0,0x0311,
1.699747041666667,0,0x0004,
1.699754708333333,0,0x0315,
1.699881291666667,0,0x0004,
1.699888958333333,0,0x0319,
1.700014708333333,0,0x0004,
1.700022375000000,0,0x031D,
1.700147875000000,0,0x0001,
1.700155541666667,0,0x1D11,
1.700208541666667,0,0x0003,
1.700216208333333,0,0x2415,
1.700316833333333,0,0x0005,
1.700324541666667,0,0x2D19,
1.700473791666667,0,0x0006,
1.700481500000000,0,0x3B1D,
1.700655083333333,0,0x000A,
1.700662791666667,0,0x4111,
1.700933583333333,0,0x0004,
1.700941291666667,0,0x0325,
1.701066583333333,0,0x0001,
1.701074291666667,0,0x1D29,
1.701126708333333,0,0x0003,
1.701134375000000,0,0x242D,
1.701234000000000,0,0x0005,
1.701241666666667,0,0x2D21,
1.701390958333333,0,0x0006,
1.701398666666667,0,0x3B25,
1.701571541666667,0,0x000A,
1.701579208333333,0,0x4129,
1.709439375000000,0,0xFC3F,
1.709447083333333,0,0x060F,
1.709474666666667,0,0x0004,
1.709482375000000,0,0x0311,
1.709608541666667,0,0x0004,
1.709616208333333,0,0x0315,
1.709742833333333,0,0x0004,
1.709750541666667,0,0x0319,
1.709876208333333,0,0x0004,
1.709883916666667,0,0x031D,
1.710010000000000,0,0x0004,
1.710017708333333,0,0x0311,
1.710144208333333,0,0x0001,
1.710151916666667,0,0x1D15,
1.710204000000000,0,0x0003,
1.710211666666667,0,0x2419,
1.710311958333333,0,0x0005,
1.710319625000000,0,0x2D1D,
1.710468666666667,0,0x0006,
1.710476333333333,0,0x3B11,
1.710649250000000,0,0x000A,
1.710656916666667,0,0x4115,
1.710927541666667,0,0x0004,
1.710935208333333,0,0x0329,
1.711060958333333,0,0x0001,
1.711068625000000,0,0x1D2D,
1.711121083333333,0,0x0003,
1.711128791666667,0,0x2421,
1.711228625000000,0,0x0005,
1.711236333333333,0,0x2D25,
1.711384458333333,0,0x0006,
1.711392125000000,0,0x3B29,
1.711564625000000,0,0x000A,
1.711572333333333,0,0x412D,
1.719440916666667,0,0x0C3F,
1.719448625000000,0,0x0603,
1.719476166666667,0,0x0004,
1.719483875000000,0,0x0315,
1.719610958333333,0,0x0004,
1.719618666666667,0,0x0319,
1.719745500000000,0,0x0004,
1.719753208333333,0,0x031D,
1.719879166666667,0,0x0004,
1.719886875000000,0,0x0311,
1.720013041666667,0,0x0004,
1.720020750000000,0,0x0315,
1.720147166666667,0,0x0001,
1.720154875000000,0,0x1D19,
1.720206916666667,0,0x0003,
1.720214625000000,0,0x241D,
1.720314875000000,0,0x0005,
1.720322583333333,0,0x2D11,
1.720471458333333,0,0x0006,
1.720479125000000,0,0x3B15,
1.720652333333333,0,0x000A,
1.720660000000000,0,0x4119,
1.720931166666667,0,0x0004,
1.720938875000000,0,0x032D,
1.721065083333333,0,0x0001,
1.721072750000000,0,0x1D21,
1.721124833333333,0,0x0003,
1.721132500000000,0,0x2425,
1.721232500000000,0,0x0005,
1.721240166666667,0,0x2D29,
1.721388916666667,0,0x0006,
1.721396625000000,0,0x3B2D,
1.721569125000000,0,0x000A,
1.721576791666667,0,0x4121,
1.729459000000000,0,0x1C3F,
1.729466708333333,0,0x0607,
1.729494250000000,0,0x0004,
1.729501958333333,0,0x0319,
1.729628041666667,0,0x0004,
1.729635708333333,0,0x031D,
1.729763166666667,0,0x0004,
1.729770833333333,0,0x0311,
1.729898125000000,0,0x0004,
1.729905833333333,0,0x0315,
1.730032041666667,0,0x0004,
1.730039708333333,0,0x0319,
1.730165958333333,0,0x0001,
1.730173625000000,0,0x1D1D,
1.730226083333333,0,0x0003,
1.730233750000000,0,0x2411,
1.730335000000000,0,0x0005,
1.730342708333333,0,0x2D15,
1.730491833333333,0,0x0006,
1.730499500000000,0,0x3B19,
1.730673416666667,0,0x000A,
1.730681083333333,0,0x411D,
1.730951666666667,0,0x0004,
1.730959333333333,0,0x0321,
1.731083708333333,0,0x0001,
1.731091375000000,0,0x1D25,
1.731143708333333,0,0x0003,
1.731151416666667,0,0x2429,
1.731251916666667,0,0x0005,
1.731259625000000,0,0x2D2D,
1.731409375000000,0,0x0006,
1.731417041666667,0,0x3B21,
1.731589541666667,0,0x000A,
1.731597208333333,0,0x4125,
1.739459125000000,0,0x2C3F,
1.739466833333333,0,0x060B,
1.739494625000000,0,0x0004,
1.739502291666667,0,0x031D,
1.739628208333333,0,0x0004,
1.739635875000000,0,0x0311,
1.739762000000000,0,0x0004,
1.739769708333333,0,0x0315,
1.739896291666667,0,0x0004,
1.739903958333333,0,0x0319,
1.740030750000000,0,0x0004,
1.740038458333333,0,0x031D,
1.740165333333333,0,0x0001,
1.740173000000000,0,0x1D11,
1.740225375000000,0,0x0003,
1.740233041666667,0,0x2415,
1.740333666666667,0,0x0005,
1.740341375000000,0,0x2D19,
1.740490375000000,0,0x0006,
1.740498083333333,0,0x3B1D,
1.740671541666667,0,0x000A,
1.740679208333333,0,0x4111,
1.740950916666667,0,0x0004,
1.740958583333333,0,0x0325,
1.741084291666667,0,0x0001,
1.741091958333333,0,0x1D29,
1.741144208333333,0,0x0003,
1.741151875000000,0,0x242D,
1.741252083333333,0,0x0005,
1.741259750000000,0,0x2D21,
1.741408125000000,0,0x0006,
1.741415833333333,0,0x3B25,
1.741587166666667,0,0x000A,
1.741594875000000,0,0x4129,
1.749448916666667,0,0x3C3F,
1.749456583333333,0,0x060F,
1.749483833333333,0,0x0004,
1.749491541666667,0,0x0311,
1.749618125000000,0,0x0004,
1.749625791666667,0,0x0315,
1.749751833333333,0,0x0004,
1.749759500000000,0,0x0319,
1.749885666666667,0,0x0004,
1.749893333333333,0,0x031D,
1.750020625000000,0,0x0004,
1.750028291666667,0,0x0311,
1.750154125000000,0,0x0001,
1.750161833333333,0,0x1D15,
1.750214416666667,0,0x0003,
1.750222083333333,0,0x2419,
1.750323041666667,0,0x0005,
1.750330750000000,0,0x2D1D,
1.750479666666667,0,0x0006,
1.750487375000000,0,0x3B11,
1.750660458333333,0,0x000A,
1.750668125000000,0,0x4115,
1.750939791666667,0,0x0004,
1.750947500000000,0,0x0329,
1.751073041666667,0,0x0001,
1.751080708333333,0,0x1D2D,
1.751132791666667,0,0x0003,
1.751140500000000,0,0x2421,
1.751239916666667,0,0x0005,
1.751247583333333,0,0x2D25,
1.751397416666667,0,0x0006,
1.751405125000000,0,0x3B29,
1.751577375000000,0,0x000A,
1.751585083333333,0,0x412D,
1.759589291666667,0,0x4C3F,
1.759597000000000,0,0x0603,
1.759625000000000,0,0x0004,
1.759632666666667,0,0x0315,
1.759759666666667,0,0x0004,
1.759767375000000,0,0x0319,
1.759894208333333,0,0x0004,
1.759901875000000,0,0x031D,
1.760028875000000,0,0x0004,
1.760036583333333,0,0x0311,
1.760162166666667,0,0x0004,
1.760169833333333,0,0x0315,
1.760296291666667,0,0x0001,
1.760304000000000,0,0x1D19,
1.760356083333333,0,0x0003,
1.760363750000000,0,0x241D,
1.760465041666667,0,0x0005,
1.760472708333333,0,0x2D11,
1.760622916666667,0,0x0006,
1.760630625000000,0,0x3B15,
1.760803875000000,0,0x000A,
1.760811541666667,0,0x4119,
1.761082166666667,0,0x0004,
1.761089833333333,0,0x032D,
1.761214791666667,0,0x0001,
1.761222458333333,0,0x1D21,
1.761274875000000,0,0x0003,
1.761282541666667,0,0x2425,
1.761382083333333,0,0x0005,
1.761389750000000,0,0x2D29,
1.761537375000000,0,0x0006,
1.761545083333333,0,0x3B2D,
1.761717416666667,0,0x000A,
1.761725125000000,0,0x4121,
1.769499250000000,0,0x5C3F,
1.769506916666667,0,0x0607,
1.769534750000000,0,0x0004,
1.769542416666667,0,0x0319,
1.769668750000000,0,0x0004,
1.769676416666667,0,0x031D,
1.769802666666667,0,0x0004,
1.769810333333333,0,0x0311,
1.769936666666667,0,0x0004,
1.769944333333333,0,0x0315,
1.770070125000000,0,0x0004,
1.770077791666667,0,0x0319,
1.770203708333333,0,0x0001,
1.770211375000000,0,0x1D1D,
1.770263583333333,0,0x0003,
1.770271250000000,0,0x2411,
1.770373041666667,0,0x0005,
1.770380708333333,0,0x2D15,
1.770530541666667,0,0x0006,
1.770538208333333,0,0x3B19,
1.770712125000000,0,0x000A,
1.770719833333333,0,0x411D,
1.770989875000000,0,0x0004,
1.770997541666667,0,0x0321,
1.771122791666667,0,0x0001,
1.771130500000000,0,0x1D25,
1.771182666666667,0,0x0003,
1.771190333333333,0,0x2429,
1.771289750000000,0,0x0005,
1.771297416666667,0,0x2D2D,
1.771445583333333,0,0x0006,
1.771453250000000,0,0x3B21,
1.771624791666667,0,0x000A,
1.771632458333333,0,0x4125,
1.779475583333333,0,0x6C3F,
1.779483250000000,0,0x060B,
1.779510416666667,0,0x0004,
1.779518083333333,0,0x031D,
1.779643916666667,0,0x0004,
1.779651583333333,0,0x0311,
1.779777083333333,0,0x0004,
1.779784791666667,0,0x0315,
1.779910416666667,0,0x0004,
1.779918083333333,0,0x0319,
1.780044125000000,0,0x0004,
1.780051791666667,0,0x031D,
1.780178000000000,0,0x0001,
1.780185666666667,0,0x1D11,
1.780238250000000,0,0x0003,
1.780245916666667,0,0x2415,
1.780346083333333,0,0x0005,
1.780353750000000,0,0x2D19,
1.780503125000000,0,0x0006,
1.780510833333333,0,0x3B1D,
1.780683208333333,0,0x000A,
1.780690916666667,0,0x4111,
1.780961416666667,0,0x0004,
1.780969125000000,0,0x0325,
1.781094125000000,0,0x0001,
1.781101791666667,0,0x1D29,
1.781153208333333,0,0x0003,
1.781160916666667,0,0x242D,
1.781261750000000,0,0x0005,
1.781269458333333,0,0x2D21,
1.781417875000000,0,0x0006,
1.781425541666667,0,0x3B25,
1.781597708333333,0,0x000A,
1.781605375000000,0,0x4129,
1.789466708333333,0,0x7C3F,
1.789474375000000,0,0x060F,
1.789502208333333,0,0x0004,
1.789509875000000,0,0x0311,
1.789636166666667,0,0x0004,
1.789643833333333,0,0x0315,
1.789770500000000,0,0x0004,
1.789778166666667,0,0x0319,
1.789904458333333,0,0x0004,
1.789912125000000,0,0x031D,
1.790037791666667,0,0x0004,
1.790045500000000,0,0x0311,
1.790172083333333,0,0x0001,
1.790179791666667,0,0x1D15,
1.790232458333333,0,0x0003,
1.790240125000000,0,0x2419,
1.790341541666667,0,0x0005,
1.790349208333333,0,0x2D1D,
1.790497916666667,0,0x0006,
1.790505583333333,0,0x3B11,
1.790678750000000,0,0x000A,
1.790686416666667,0,0x4115,
1.790956083333333,0,0x0004,
1.790963750000000,0,0x0329,
1.791089291666667,0,0x0001,
1.791096958333333,0,0x1D2D,
1.791148500000000,0,0x0003,
1.791156166666667,0,0x2421,
1.791255791666667,0,0x0005,
1.791263500000000,0,0x2D25,
1.791412083333333,0,0x0006,
1.791419750000000,0,0x3B29,
1.791592375000000,0,0x000A,
1.791600041666667,0,0x412D,
1.799466125000000,0,0x8C3F,
1.799473791666667,0,0x0603,
1.799501666666667,0,0x0004,
1.799509333333333,0,0x0315,
1.799635708333333,0,0x0004,
1.799643416666667,0,0x0319,
1.799769833333333,0,0x0004,
1.799777500000000,0,0x031D,
1.799903750000000,0,0x0004,
1.799911458333333,0,0x0311,
1.800037833333333,0,0x0004,
1.800045541666667,0,0x0315,
1.800171791666667,0,0x0001,
1.800179458333333,0,0x1D19,
1.800232333333333,0,0x0003,
1.800240000000000,0,0x241D,
1.800341583333333,0,0x0005,
1.800349250000000,0,0x2D11,
1.800498916666667,0,0x0006,
1.800506583333333,0,0x3B15,
1.800680166666667,0,0x000A,
1.800687875000000,0,0x4119,
1.800959291666667,0,0x0004,
1.800967000000000,0,0x032D,
1.801092458333333,0,0x0001,
1.801100125000000,0,0x1D21,
1.801151791666667,0,0x0003,
1.801159500000000,0,0x2425,
1.801259375000000,0,0x0005,
1.801267041666667,0,0x2D29,
1.801416791666667,0,0x0006,
1.801424500000000,0,0x3B2D,
1.801596958333333,0,0x000A,
1.801604625000000,0,0x4121,
1.809443375000000,0,0x9C3F,
1.809451041666667,0,0x0607,
1.809478875000000,0,0x0004,
1.809486541666667,0,0x0319,
1.809613166666667,0,0x0004,
1.809620875000000,0,0x031D,
1.809748333333333,0,0x0004,
1.809756000000000,0,0x0311,
1.809881250000000,0,0x0004,
1.809888916666667,0,0x0315,
1.810014958333333,0,0x0004,
1.810022666666667,0,0x0319,
1.810149666666667,0,0x0001,
1.810157375000000,0,0x1D1D,
1.810209500000000,0,0x0003,
1.810217208333333,0,0x2411,
1.810317083333333,0,0x0005,
1.810324750000000,0,0x2D15,
1.810473750000000,0,0x0006,
1.810481416666667,0,0x3B19,
1.810654375000000,0,0x000A,
1.810662041666667,0,0x411D,
1.810932625000000,0,0x0004,
1.810940333333333,0,0x0321,
1.811065375000000,0,0x0001,
1.811073041666667,0,0x1D25,
1.811125083333333,0,0x0003,
1.811132791666667,0,0x2429,
1.811233125000000,0,0x0005,
1.811240833333333,0,0x2D2D,
1.811388791666667,0,0x0006,
1.811396500000000,0,0x3B21,
1.811568958333333,0,0x000A,
1.811576625000000,0,0x4125,
1.819461083333333,0,0xAC3F,
1.819468750000000,0,0x060B,
1.819496250000000,0,0x0004,
1.819503958333333,0,0x031D,
1.819630791666667,0,0x0004,
1.819638500000000,0,0x0311,
1.819764666666667,0,0x0004,
1.819772375000000,0,0x0315,
1.819898708333333,0,0x0004,
1.819906375000000,0,0x0319,
1.820033541666667,0,0x0004,
1.820041208333333,0,0x031D,
1.820167000000000,0,0x0001,
1.820174708333333,0,0x1D11,
1.820226750000000,0,0x0003,
1.820234416666667,0,0x2415,
1.820335458333333,0,0x0005,
1.820343166666667,0,0x2D19,
1.820492625000000,0,0x0006,
1.820500291666667,0,0x3B1D,
1.820673583333333,0,0x000A,
1.820681291666667,0,0x4111,
1.820952333333333,0,0x0004,
1.820960000000000,0,0x0325,
1.821086166666667,0,0x0001,
1.821093833333333,0,0x1D29,
1.821145625000000,0,0x0003,
1.821153333333333,0,0x242D,
1.821253375000000,0,0x0005,
1.821261041666667,0,0x2D21,
1.821410375000000,0,0x0006,
1.821418041666667,0,0x3B25,
1.821591041666667,0,0x000A,
1.821598750000000,0,0x4129,
1.829476500000000,0,0xBC3F,
1.829484166666667,0,0x060F,
1.829511916666667,0,0x0004,
1.829519583333333,0,0x0311,
1.829645333333333,0,0x0004,
1.829653041666667,0,0x0315,
1.829779791666667,0,0x0004,
1.829787458333333,0,0x0319,
1.829914000000000,0,0x0004,
1.829921708333333,0,0x031D,
1.830047833333333,0,0x0004,
1.830055500000000,0,0x0311,
1.830182041666667,0,0x0001,
1.830189708333333,0,0x1D15,
1.830242250000000,0,0x0003,
1.830249916666667,0,0x2419,
1.830350333333333,0,0x0005,
1.830358000000000,0,0x2D1D,
1.830508833333333,0,0x0006,
1.830516500000000,0,0x3B11,
1.830690500000000,0,0x000A,
1.830698166666667,0,0x4115,
1.830969458333333,0,0x0004,
1.830977125000000,0,0x0329,
1.831102166666667,0,0x0001,
1.831109833333333,0,0x1D2D,
1.831161791666667,0,0x0003,
1.831169500000000,0,0x2421,
1.831269125000000,0,0x0005,
1.831276833333333,0,0x2D25,
1.831425000000000,0,0x0006,
1.831432708333333,0,0x3B29,
1.831604208333333,0,0x000A,
1.831611875000000,0,0x412D,
1.839474666666667,0,0xCC3F,
1.839482333333333,0,0x0603,
1.839509416666667,0,0x0004,
1.839517125000000,0,0x0315,
1.839642958333333,0,0x0004,
1.839650666666667,0,0x0319,
1.839777500000000,0,0x0004,
1.839785166666667,0,0x031D,
1.839911541666667,0,0x0004,
1.839919250000000,0,0x0311,
1.840046166666667,0,0x0004,
1.840053833333333,0,0x0315,
1.840180833333333,0,0x0001,
1.840188500000000,0,0x1D19,
1.840240708333333,0,0x0003,
1.840248375000000,0,0x241D,
1.840349083333333,0,0x0005,
1.840356750000000,0,0x2D11,
1.840506458333333,0,0x0006,
1.840514166666667,0,0x3B15,
1.840686250000000,0,0x000A,
1.840693958333333,0,0x4119,
1.840965041666667,0,0x0004,
1.840972708333333,0,0x032D,
1.841098250000000,0,0x0001,
1.841105958333333,0,0x1D21,
1.841157791666667,0,0x0003,
1.841165458333333,0,0x2425,
1.841265541666667,0,0x0005,
1.841273208333333,0,0x2D29,
1.841421916666667,0,0x0006,
1.841429625000000,0,0x3B2D,
1.841601875000000,0,0x000A,
1.841609583333333,0,0x4121,
1.849464416666667,0,0xDC3F,
1.849472083333333,0,0x0607,
1.849499458333333,0,0x0004,
1.849507125000000,0,0x0319,
1.849634083333333,0,0x0004,
1.849641750000000,0,0x031D,
1.849768041666667,0,0x0004,
1.849775708333333,0,0x0311,
1.849902041666667,0,0x0004,
1.849909750000000,0,0x0315,
1.850035500000000,0,0x0004,
1.850043166666667,0,0x0319,
1.850169500000000,0,0x0001,
1.850177166666667,0,0x1D1D,
1.850229041666667,0,0x0003,
1.850236708333333,0,0x2411,
1.850336791666667,0,0x0005,
1.850344458333333,0,0x2D15,
1.850494291666667,0,0x0006,
1.850502000000000,0,0x3B19,
1.850675666666667,0,0x000A,
1.850683375000000,0,0x411D,
1.850953583333333,0,0x0004,
1.850961291666667,0,0x0321,
1.851087416666667,0,0x0001,
1.851095125000000,0,0x1D25,
1.851147416666667,0,0x0003,
1.851155125000000,0,0x2429,
1.851254583333333,0,0x0005,
1.851262250000000,0,0x2D2D,
1.851411041666667,0,0x0006,
1.851418708333333,0,0x3B21,
1.851592000000000,0,0x000A,
1.851599666666667,0,0x4125,
1.859597166666667,0,0xEC3F,
1.859604833333333,0,0x060B,
1.859632125000000,0,0x0004,
1.859639791666667,0,0x031D,
1.859765958333333,0,0x0004,
1.859773625000000,0,0x0311,
1.859899375000000,0,0x0004,
1.859907083333333,0,0x0315,
1.860033875000000,0,0x0004,
1.860041541666667,0,0x0319,
1.860167333333333,0,0x0004,
1.860175000000000,0,0x031D,
1.860301416666667,0,0x0001,
1.860309083333333,0,0x1D11,
1.860362125000000,0,0x0003,
1.860369791666667,0,0x2415,
1.860470541666667,0,0x0005,
1.860478250000000,0,0x2D19,
1.860628083333333,0,0x0006,
1.860635791666667,0,0x3B1D,
1.860809416666667,0,0x000A,
1.860817083333333,0,0x4111,
1.861087458333333,0,0x0004,
1.861095125000000,0,0x0325,
1.861220333333333,0,0x0001,
1.861228000000000,0,0x1D29,
1.861280208333333,0,0x0003,
1.861287875000000,0,0x242D,
1.861387125000000,0,0x0005,
1.861394791666667,0,0x2D21,
1.861543375000000,0,0x0006,
1.861551041666667,0,0x3B25,
1.861723208333333,0,0x000A,
1.861730875000000,0,0x4129,
1.869475416666667,0,0xFC3F,
1.869483125000000,0,0x060F,
1.869510041666667,0,0x0004,
1.869517750000000,0,0x0311,
1.869643666666667,0,0x0004,
1.869651333333333,0,0x0315,
1.869778458333333,0,0x0004,
1.869786125000000,0,0x0319,
1.869912583333333,0,0x0004,
1.869920250000000,0,0x031D,
1.870047083333333,0,0x0004,
1.870054750000000,0,0x0311,
1.870181125000000,0,0x0001,
1.870188833333333,0,0x1D15,
1.870241166666667,0,0x0003,
1.870248833333333,0,0x2419,
1.870349916666667,0,0x0005,
1.870357625000000,0,0x2D1D,
1.870506458333333,0,0x0006,
1.870514166666667,0,0x3B11,
1.870687500000000,0,0x000A,
1.870695166666667,0,0x4115,
1.870966041666667,0,0x0004,
1.870973708333333,0,0x0329,
1.871098833333333,0,0x0001,
1.871106500000000,0,0x1D2D,
1.871158541666667,0,0x0003,
1.871166250000000,0,0x2421,
1.871266291666667,0,0x0005,
1.871273958333333,0,0x2D25,
1.871423791666667,0,0x0006,
1.871431458333333,0,0x3B29,
1.871603916666667,0,0x000A,
1.871611625000000,0,0x412D,
1.879474333333333,0,0x0C3F,
1.879482041666667,0,0x0603,
1.879509125000000,0,0x0004,
1.879516791666667,0,0x0315,
1.879643416666667,0,0x0004,
1.879651083333333,0,0x0319,
1.879777250000000,0,0x0004,
1.879784916666667,0,0x031D,
1.879910791666667,0,0x0004,
1.879918500000000,0,0x0311,
1.880044833333333,0,0x0004,
1.880052500000000,0,0x0315,
1.880178541666667,0,0x0001,
1.880186250000000,0,0x1D19,
1.880237791666667,0,0x0003,
1.880245458333333,0,0x241D,
1.880346208333333,0,0x0005,
1.880353875000000,0,0x2D11,
1.880503000000000,0,0x0006,
1.880510708333333,0,0x3B15,
1.880683916666667,0,0x000A,
1.880691583333333,0,0x4119,
1.880962916666667,0,0x0004,
1.880970625000000,0,0x032D,
1.881096208333333,0,0x0001,
1.881103875000000,0,0x1D21,
1.881155791666667,0,0x0003,
1.881163458333333,0,0x2425,
1.881263416666667,0,0x0005,
1.881271083333333,0,0x2D29,
1.881420833333333,0,0x0006,
1.881428500000000,0,0x3B2D,
1.881601125000000,0,0x000A,
1.881608791666667,0,0x4121,
1.889486375000000,0,0x1C3F,
1.889494041666667,0,0x0607,
1.889521916666667,0,0x0004,
1.889529583333333,0,0x0319,
1.889655666666667,0,0x0004,
1.889663375000000,0,0x031D,
1.889789625000000,0,0x0004,
1.889797291666667,0,0x0311,
1.889924041666667,0,0x0004,
1.889931708333333,0,0x0315,
1.890058125000000,0,0x0004,
1.890065833333333,0,0x0319,
1.890191791666667,0,0x0001,
1.890199458333333,0,0x1D1D,
1.890251708333333,0,0x0003,
1.890259375000000,0,0x2411,
1.890359708333333,0,0x0005,
1.890367416666667,0,0x2D15,
1.890517291666667,0,0x0006,
1.890524958333333,0,0x3B19,
1.890698166666667,0,0x000A,
1.890705833333333,0,0x411D,
1.890976583333333,0,0x0004,
1.890984291666667,0,0x0321,
1.891109916666667,0,0x0001,
1.891117583333333,0,0x1D25,
1.891170083333333,0,0x0003,
1.891177750000000,0,0x2429,
1.891277333333333,0,0x0005,
1.891285000000000,0,0x2D2D,
1.891432583333333,0,0x0006,
1.891440250000000,0,0x3B21,
1.891612208333333,0,0x000A,
1.891619875000000,0,0x4125,
1.899477083333333,0,0x2C3F,
1.899484750000000,0,0x060B,
1.899511708333333,0,0x0004,
1.899519375000000,0,0x031D,
1.899645833333333,0,0x0004,
1.899653500000000,0,0x0311,
1.899780375000000,0,0x0004,
1.899788041666667,0,0x0315,
1.899914833333333,0,0x0004,
1.899922500000000,0,0x0319,
1.900048583333333,0,0x0004,
1.900056250000000,0,0x031D,
1.900182291666667,0,0x0001,
1.900189958333333,0,0x1D11,
1.900241791666667,0,0x0003,
1.900249458333333,0,0x2415,
1.900350375000000,0,0x0005,
1.900358041666667,0,0x2D19,
1.900507791666667,0,0x0006,
1.900515500000000,0,0x3B1D,
1.900688416666667,0,0x000A,
1.900696083333333,0,0x4111,
1.900966958333333,0,0x0004,
1.900974625000000,0,0x0325,
1.901100541666667,0,0x0001,
1.901108208333333,0,0x1D29,
1.901160041666667,0,0x0003,
1.901167750000000,0,0x242D,
1.901268041666667,0,0x0005,
1.901275750000000,0,0x2D21,
1.901424958333333,0,0x0006,
1.901432666666667,0,0x3B25,
1.901605125000000,0,0x000A,
1.901612791666667,0,0x4129,
1.909485583333333,0,0x3C3F,
1.909493250000000,0,0x060F,
1.909520041666667,0,0x0004,
1.909527708333333,0,0x0311,
1.909654458333333,0,0x0004,
1.909662125000000,0,0x0315,
1.909788458333333,0,0x0004,
1.909796125000000,0,0x0319,
1.909922916666667,0,0x0004,
1.909930583333333,0,0x031D,
1.910057250000000,0,0x0004,
1.910064958333333,0,0x0311,
1.910191583333333,0,0x0001,
1.910199291666667,0,0x1D15,
1.910251666666667,0,0x0003,
1.910259333333333,0,0x2419,
1.910359166666667,0,0x0005,
1.910366833333333,0,0x2D1D,
1.910516458333333,0,0x0006,
1.910524125000000,0,0x3B11,
1.910696875000000,0,0x000A,
1.910704541666667,0,0x4115,
1.910975083333333,0,0x0004,
1.910982750000000,0,0x0329,
1.911107458333333,0,0x0001,
1.911115125000000,0,0x1D2D,
1.911167000000000,0,0x0003,
1.911174666666667,0,0x2421,
1.911274208333333,0,0x0005,
1.911281875000000,0,0x2D25,
1.911430125000000,0,0x0006,
1.911437833333333,0,0x3B29,
1.911609916666667,0,0x000A,
1.911617625000000,0,0x412D,
1.919470250000000,0,0x4C3F,
1.919477916666667,0,0x0603,
1.919505833333333,0,0x0004,
1.919513541666667,0,0x0315,
1.919640208333333,0,0x0004,
1.919647916666667,0,0x0319,
1.919774625000000,0,0x0004,
1.919782291666667,0,0x031D,
1.919908208333333,0,0x0004,
1.919915875000000,0,0x0311,
1.920042291666667,0,0x0004,
1.920050000000000,0,0x0315,
1.920176750000000,0,0x0001,
1.920184416666667,0,0x1D19,
1.920236416666667,0,0x0003,
1.920244083333333,0,0x241D,
1.920344625000000,0,0x0005,
1.920352333333333,0,0x2D11,
1.920501208333333,0,0x0006,
1.920508875000000,0,0x3B15,
1.920681958333333,0,0x000A,
1.920689666666667,0,0x4119,
1.920960875000000,0,0x0004,
1.920968541666667,0,0x032D,
1.921094791666667,0,0x0001,
1.921102458333333,0,0x1D21,
1.921154208333333,0,0x0003,
1.921161916666667,0,0x2425,
1.921262458333333,0,0x0005,
1.921270166666667,0,0x2D29,
1.921419250000000,0,0x0006,
1.921426958333333,0,0x3B2D,
1.921598958333333,0,0x000A,
1.921606625000000,0,0x4121,
1.929460333333333,0,0x5C3F,
1.929468041666667,0,0x0607,
1.929495583333333,0,0x0004,
1.929503250000000,0,0x0319,
1.929629708333333,0,0x0004,
1.929637375000000,0,0x031D,
1.929763666666667,0,0x0004,
1.929771333333333,0,0x0311,
1.929897166666667,0,0x0004,
1.929904833333333,0,0x0315,
1.930030041666667,0,0x0004,
1.930037750000000,0,0x0319,
1.930164583333333,0,0x0001,
1.930172250000000,0,0x1D1D,
1.930224458333333,0,0x0003,
1.930232166666667,0,0x2411,
1.930332208333333,0,0x0005,
1.930339875000000,0,0x2D15,
1.930489000000000,0,0x0006,
1.930496666666667,0,0x3B19,
1.930669791666667,0,0x000A,
1.930677458333333,0,0x411D,
1.930947583333333,0,0x0004,
1.930955291666667,0,0x0321,
1.931080500000000,0,0x0001,
1.931088166666667,0,0x1D25,
1.931140833333333,0,0x0003,
1.931148500000000,0,0x2429,
1.931248833333333,0,0x0005,
1.931256500000000,0,0x2D2D,
1.931405041666667,0,0x0006,
1.931412708333333,0,0x3B21,
1.931585416666667,0,0x000A,
1.931593083333333,0,0x4125,
1.939473750000000,0,0x6C3F,
1.939481458333333,0,0x060B,
1.939508750000000,0,0x0004,
1.939516416666667,0,0x031D,
1.939643000000000,0,0x0004,
1.939650708333333,0,0x0311,
1.939776750000000,0,0x0004,
1.939784416666667,0,0x0315,
1.939910708333333,0,0x0004,
1.939918416666667,0,0x0319,
1.940045541666667,0,0x0004,
1.940053208333333,0,0x031D,
1.940179875000000,0,0x0001,
1.940187541666667,0,0x1D11,
1.940239708333333,0,0x0003,
1.940247416666667,0,0x2415,
1.940349041666667,0,0x0005,
1.940356708333333,0,0x2D19,
1.940505000000000,0,0x0006,
1.940512708333333,0,0x3B1D,
1.940685708333333,0,0x000A,
1.940693375000000,0,0x4111,
1.940964833333333,0,0x0004,
1.940972500000000,0,0x0325,
1.941097708333333,0,0x0001,
1.941105375000000,0,0x1D29,
1.941157500000000,0,0x0003,
1.941165208333333,0,0x242D,
1.941266291666667,0,0x0005,
1.941273958333333,0,0x2D21,
1.941423333333333,0,0x0006,
1.941431000000000,0,0x3B25,
1.941603416666667,0,0x000A,
1.941611125000000,0,0x4129,
1.949473208333333,0,0x7C3F,
1.949480875000000,0,0x060F,
1.949508500000000,0,0x0004,
1.949516166666667,0,0x0311,
1.949642708333333,0,0x0004,
1.949650375000000,0,0x0315,
1.949776791666667,0,0x0004,
1.949784458333333,0,0x0319,
1.949910250000000,0,0x0004,
1.949917916666667,0,0x031D,
1.950045041666667,0,0x0004,
1.950052750000000,0,0x0311,
1.950179041666667,0,0x0001,
1.950186708333333,0,0x1D15,
1.950238750000000,0,0x0003,
1.950246416666667,0,0x2419,
1.950346916666667,0,0x0005,
1.950354583333333,0,0x2D1D,
1.950503875000000,0,0x0006,
1.950511541666667,0,0x3B11,
1.950684541666667,0,0x000A,
1.950692250000000,0,0x4115,
1.950962666666667,0,0x0004,
1.950970333333333,0,0x0329,
1.951095875000000,0,0x0001,
1.951103541666667,0,0x1D2D,
1.951156000000000,0,0x0003,
1.951163666666667,0,0x2421,
1.951263875000000,0,0x0005,
1.951271541666667,0,0x2D25,
1.951420583333333,0,0x0006,
1.951428250000000,0,0x3B29,
1.951600583333333,0,0x000A,
1.951608291666667,0,0x412D,
1.959779791666667,0,0x8C3F,
1.959787458333333,0,0x0603,
1.959814000000000,0,0x0004,
1.959821708333333,0,0x0315,
1.959948333333333,0,0x0004,
1.959956041666667,0,0x0319,
1.960081875000000,0,0x0004,
1.960089541666667,0,0x031D,
1.960215375000000,0,0x0004,
1.960223041666667,0,0x0311,
1.960349041666667,0,0x0004,
1.960356750000000,0,0x0315,
1.960482416666667,0,0x0001,
1.960490083333333,0,0x1D19,
1.960542250000000,0,0x0003,
1.960549916666667,0,0x241D,
1.960650583333333,0,0x0005,
1.960658291666667,0,0x2D11,
1.960807458333333,0,0x0006,
1.960815166666667,0,0x3B15,
1.960989000000000,0,0x000A,
1.960996666666667,0,0x4119,
1.961268000000000,0,0x0004,
1.961275708333333,0,0x032D,
1.961400750000000,0,0x0001,
1.961408416666667,0,0x1D21,
1.961461500000000,0,0x0003,
1.961469166666667,0,0x2425,
1.961569500000000,0,0x0005,
1.961577166666667,0,0x2D29,
1.961725625000000,0,0x0006,
1.961733291666667,0,0x3B2D,
1.961904666666667,0,0x000A,
1.961912375000000,0,0x4121,
1.969525041666667,0,0x9C3F,
1.969532708333333,0,0x0607,
1.969561000000000,0,0x0004,
1.969568666666667,0,0x0319,
1.969694125000000,0,0x0004,
1.969701791666667,0,0x031D,
1.969828041666667,0,0x0004,
1.969835750000000,0,0x0311,
1.969961375000000,0,0x0004,
1.969969041666667,0,0x0315,
1.970095125000000,0,0x0004,
1.970102791666667,0,0x0319,
1.970228541666667,0,0x0001,
1.970236250000000,0,0x1D1D,
1.970288625000000,0,0x0003,
1.970296333333333,0,0x2411,
1.970396541666667,0,0x0005,
1.970404208333333,0,0x2D15,
1.970553250000000,0,0x0006,
1.970560916666667,0,0x3B19,
1.970733375000000,0,0x000A,
1.970741083333333,0,0x411D,
1.971011875000000,0,0x0004,
1.971019541666667,0,0x0321,
1.971144500000000,0,0x0001,
1.971152208333333,0,0x1D25,
1.971204375000000,0,0x0003,
1.971212041666667,0,0x2429,
1.971312500000000,0,0x0005,
1.971320166666667,0,0x2D2D,
1.971469000000000,0,0x0006,
1.971476666666667,0,0x3B21,
1.971649125000000,0,0x000A,
1.971656833333333,0,0x4125,
1.979485708333333,0,0xAC3F,
1.979493416666667,0,0x060B,
1.979520541666667,0,0x0004,
1.979528208333333,0,0x031D,
1.979654375000000,0,0x0004,
1.979662083333333,0,0x0311,
1.979789041666667,0,0x0004,
1.979796708333333,0,0x0315,
1.979922333333333,0,0x0004,
1.979930000000000,0,0x0319,
1.980056291666667,0,0x0004,
1.980063958333333,0,0x031D,
1.980190541666667,0,0x0001,
1.980198250000000,0,0x1D11,
1.980250250000000,0,0x0003,
1.980257916666667,0,0x2415,
1.980358750000000,0,0x0005,
1.980366416666667,0,0x2D19,
1.980515708333333,0,0x0006,
1.980523375000000,0,0x3B1D,
1.980696291666667,0,0x000A,
1.980703958333333,0,0x4111,
1.980975666666667,0,0x0004,
1.980983375000000,0,0x0325,
1.981109250000000,0,0x0001,
1.981116916666667,0,0x1D29,
1.981168750000000,0,0x0003,
1.981176458333333,0,0x242D,
1.981276250000000,0,0x0005,
1.981283916666667,0,0x2D21,
1.981432875000000,0,0x0006,
1.981440583333333,0,0x3B25,
1.981612541666667,0,0x000A,
1.981620208333333,0,0x4129,
1.989478791666667,0,0xBC3F,
1.989486500000000,0,0x060F,
1.989513541666667,0,0x0004,
1.989521208333333,0,0x0311,
1.989648500000000,0,0x0004,
1.989656208333333,0,0x0315,
1.989782750000000,0,0x0004,
1.989790416666667,0,0x0319,
1.989916541666667,0,0x0004,
1.989924250000000,0,0x031D,
1.990050583333333,0,0x0004,
1.990058250000000,0,0x0311,
1.990184625000000,0,0x0001,
1.990192291666667,0,0x1D15,
1.990244500000000,0,0x0003,
1.990252208333333,0,0x2419,
1.990352708333333,0,0x0005,
1.990360375000000,0,0x2D1D,
1.990509791666667,0,0x0006,
1.990517458333333,0,0x3B11,
1.990689958333333,0,0x000A,
1.990697666666667,0,0x4115,
1.990967750000000,0,0x0004,
1.990975458333333,0,0x0329,
1.991100666666667,0,0x0001,
1.991108333333333,0,0x1D2D,
1.991160541666667,0,0x0003,
1.991168250000000,0,0x2421,
1.991269041666667,0,0x0005,
1.991276750000000,0,0x2D25,
1.991425916666667,0,0x0006,
1.991433583333333,0,0x3B29,
1.991606291666667,0,0x000A,
1.991613958333333,0,0x412D,
1.999483083333333,0,0xCC3F,
1.999490791666667,0,0x0603,
1.999517916666667,0,0x0004,
1.999525583333333,0,0x0315,
1.999652041666667,0,0x0004,
1.999659708333333,0,0x0319,
1.999786375000000,0,0x0004,
1.999794083333333,0,0x031D,
1.999919958333333,0,0x0004,
1.999927625000000,0,0x0311,
2.000053791666667,0,0x0004,
2.000061458333333,0,0x0315,
2.000187708333333,0,0x0001,
2.000195375000000,0,0x1D19,
2.000248125000000,0,0x0003,
2.000255791666667,0,0x241D,
2.000356291666667,0,0x0005,
2.000363958333333,0,0x2D11,
2.000513000000000,0,0x0006,
2.000520708333333,0,0x3B15,
2.000693875000000,0,0x000A,
2.000701541666666,0,0x4119,
2.000972541666667,0,0x0004,
2.000980208333333,0,0x032D,
2.001106000000000,0,0x0001,
2.001113666666666,0,0x1D21,
2.001165583333333,0,0x0003,
2.001173291666666,0,0x2425,
2.001273333333333,0,0x0005,
2.001281000000000,0,0x2D29,
2.001430125000000,0,0x0006,
2.001437791666667,0,0x3B2D,
2.001610750000000,0,0x000A,
2.001618416666667,0,0x4121,
2.009481916666667,0,0xDC3F,
2.009489583333333,0,0x0607,
2.009517375000000,0,0x0004,
2.009525083333333,0,0x0319,
2.009652250000000,0,0x0004,
2.009659916666667,0,0x031D,
2.009786416666667,0,0x0004,
2.009794083333333,0,0x0311,
2.009919833333333,0,0x0004,
2.009927541666667,0,0x0315,
2.010053541666667,0,0x0004,
2.010061208333333,0,0x0319,
2.010187875000000,0,0x0001,
2.010195541666667,0,0x1D1D,
2.010248125000000,0,0x0003,
2.010255833333333,0,0x2411,
2.010356875000000,0,0x0005,
2.010364541666667,0,0x2D15,
2.010513916666667,0,0x0006,
2.010521583333333,0,0x3B19,
2.010694625000000,0,0x000A,
2.010702291666667,0,0x411D,
2.010972625000000,0,0x0004,
2.010980291666667,0,0x0321,
2.011105833333333,0,0x0001,
2.011113500000000,0,0x1D25,
2.011165958333333,0,0x0003,
2.011173666666667,0,0x2429,
2.011273750000000,0,0x0005,
2.011281416666667,0,0x2D2D,
2.011430875000000,0,0x0006,
2.011438541666667,0,0x3B21,
2.011611416666667,0,0x000A,
2.011619083333333,0,0x4125,
2.019477416666667,0,0xEC3F,
2.019485083333334,0,0x060B,
2.019512625000000,0,0x0004,
2.019520333333333,0,0x031D,
2.019646916666667,0,0x0004,
2.019654625000000,0,0x0311,
2.019781125000000,0,0x0004,
2.019788791666667,0,0x0315,
2.019914208333333,0,0x0004,
2.019921916666667,0,0x0319,
2.020048375000000,0,0x0004,
2.020056041666667,0,0x031D,
2.020182541666667,0,0x0001,
2.020190250000000,0,0x1D11,
2.020242666666667,0,0x0003,
2.020250375000000,0,0x2415,
2.020351750000000,0,0x0005,
2.020359458333334,0,0x2D19,
2.020509083333333,0,0x0006,
2.020516791666667,0,0x3B1D,
2.020690208333333,0,0x000A,
2.020697916666667,0,0x4111,
2.020968458333333,0,0x0004,
2.020976125000000,0,0x0325,
2.021102250000000,0,0x0001,
2.021109916666667,0,0x1D29,
2.021161958333333,0,0x0003,
2.021169625000000,0,0x242D,
2.021270000000000,0,0x0005,
2.021277666666667,0,0x2D21,
2.021427416666667,0,0x0006,
2.021435083333333,0,0x3B25,
2.021607375000000,0,0x000A,
2.021615041666667,0,0x4129,
2.029481875000000,0,0xFC3F,
2.029489583333334,0,0x060F,
2.029516916666667,0,0x0004,
2.029524583333334,0,0x0311,
2.029652000000000,0,0x0004,
2.029659666666667,0,0x0315,
2.029786125000000,0,0x0004,
2.029793791666667,0,0x0319,
2.029919708333333,0,0x0004,
2.029927416666667,0,0x031D,
2.030053208333333,0,0x0004,
2.030060875000000,0,0x0311,
2.030186166666667,0,0x0001,
2.030193833333333,0,0x1D15,
2.030245875000000,0,0x0003,
2.030253541666667,0,0x2419,
2.030354041666667,0,0x0005,
2.030361708333333,0,0x2D1D,
2.030511291666667,0,0x0006,
2.030518958333333,0,0x3B11,
2.030692916666667,0,0x000A,
2.030700583333333,0,0x4115,
2.030970500000000,0,0x0004,
2.030978208333333,0,0x0329,
2.031103458333333,0,0x0001,
2.031111125000000,0,0x1D2D,
2.031163208333334,0,0x0003,
2.031170875000000,0,0x2421,
2.031270250000000,0,0x0005,
2.031277916666667,0,0x2D25,
2.031427000000000,0,0x0006,
2.031434708333333,0,0x3B29,
2.031606875000000,0,0x000A,
2.031614583333333,0,0x412D,
2.039479416666667,0,0x0C3F,
2.039487125000000,0,0x0603,
2.039514500000000,0,0x0004,
2.039522166666667,0,0x0315,
2.039649291666667,0,0x0004,
2.039656958333333,0,0x0319,
2.039783916666666,0,0x0004,
2.039791625000000,0,0x031D,
2.039918250000000,0,0x0004,
2.039925916666667,0,0x0311,
2.040052916666667,0,0x0004,
2.040060583333333,0,0x0315,
2.040186875000000,0,0x0001,
2.040194583333333,0,0x1D19,
2.040246625000000,0,0x0003,
2.040254291666667,0,0x241D,
2.040355500000000,0,0x0005,
2.040363208333333,0,0x2D11,
2.040512708333333,0,0x0006,
2.040520416666667,0,0x3B15,
2.040694291666667,0,0x000A,
2.040701958333333,0,0x4119,
2.040972833333333,0,0x0004,
2.040980500000000,0,0x032D,
2.041106333333333,0,0x0001,
2.041114000000000,0,0x1D21,
2.041166333333333,0,0x0003,
2.041174000000000,0,0x2425,
2.041274666666667,0,0x0005,
2.041282375000000,0,0x2D29,
2.041431291666667,0,0x0006,
2.041438958333333,0,0x3B2D,
2.041611458333333,0,0x000A,
2.041619166666667,0,0x4121,
2.049485708333334,0,0x1C3F,
2.049493375000000,0,0x0607,
2.049520500000000,0,0x0004,
2.049528166666667,0,0x0319,
2.049654583333334,0,0x0004,
2.049662250000000,0,0x031D,
2.049788750000000,0,0x0004,
2.049796416666667,0,0x0311,
2.049921833333333,0,0x0004,
2.049929541666667,0,0x0315,
2.050056083333333,0,0x0004,
2.050063750000000,0,0x0319,
2.050189958333333,0,0x0001,
2.050197625000000,0,0x1D1D,
2.050249583333333,0,0x0003,
2.050257250000000,0,0x2411,
2.050359000000000,0,0x0005,
2.050366666666667,0,0x2D15,
2.050516708333333,0,0x0006,
2.050524375000000,0,0x3B19,
2.050697791666667,0,0x000A,
2.050705458333333,0,0x411D,
2.050976416666667,0,0x0004,
2.050984083333333,0,0x0321,
2.051110250000000,0,0x0001,
2.051117916666667,0,0x1D25,
2.051169958333333,0,0x0003,
2.051177625000000,0,0x2429,
2.051277333333333,0,0x0005,
2.051285000000000,0,0x2D2D,
2.051434416666666,0,0x0006,
2.051442083333333,0,0x3B21,
2.051614375000000,0,0x000A,
2.051622041666667,0,0x4125,
2.059622333333333,0,0x2C3F,
2.059630000000000,0,0x060B,
2.059657666666667,0,0x0004,
2.059665375000000,0,0x031D,
2.059792916666667,0,0x0004,
2.059800583333333,0,0x0311,
2.059927791666667,0,0x0004,
2.059935500000000,0,0x0315,
2.060061541666667,0,0x0004,
2.060069208333333,0,0x0319,
2.060195666666667,0,0x0004,
2.060203333333333,0,0x031D,
2.060329041666667,0,0x0001,
2.060336708333333,0,0x1D11,
2.060389250000000,0,0x0003,
2.060396916666666,0,0x2415,
2.060497916666667,0,0x0005,
2.060505625000000,0,0x2D19,
2.060654833333333,0,0x0006,
2.060662500000000,0,0x3B1D,
2.060837000000000,0,0x000A,
2.060844666666667,0,0x4111,
2.061114583333334,0,0x0004,
2.061122291666666,0,0x0325,
2.061246916666667,0,0x0001,
2.061254625000000,0,0x1D29,
2.061306541666667,0,0x0003,
2.061314250000000,0,0x242D,
2.061415458333333,0,0x0005,
2.061423125000000,0,0x2D21,
2.061571083333333,0,0x0006,
2.061578791666667,0,0x3B25,
2.061751041666667,0,0x000A,
2.061758708333334,0,0x4129,
2.069487416666667,0,0x3C3F,
2.069495083333333,0,0x060F,
2.069522208333333,0,0x0004,
2.069529916666667,0,0x0311,
2.069656833333333,0,0x0004,
2.069664500000000,0,0x0315,
2.069791541666667,0,0x0004,
2.069799250000000,0,0x0319,
2.069925458333334,0,0x0004,
2.069933166666666,0,0x031D,
2.070059791666667,0,0x0004,
2.070067458333333,0,0x0311,
2.070193791666667,0,0x0001,
2.070201500000000,0,0x1D15,
2.070253750000000,0,0x0003,
2.070261458333333,0,0x2419,
2.070362083333333,0,0x0005,
2.070369791666667,0,0x2D1D,
2.070517875000000,0,0x0006,
2.070525583333333,0,0x3B11,
2.070698958333333,0,0x000A,
2.070706625000000,0,0x4115,
2.070978041666667,0,0x0004,
2.070985708333333,0,0x0329,
2.071111375000000,0,0x0001,
2.071119083333333,0,0x1D2D,
2.071171166666667,0,0x0003,
2.071178833333333,0,0x2421,
2.071279208333333,0,0x0005,
2.071286875000000,0,0x2D25,
2.071436541666666,0,0x0006,
2.071444208333333,0,0x3B29,
2.071616541666667,0,0x000A,
2.071624208333333,0,0x412D,
2.079527916666667,0,0x4C3F,
2.079535583333334,0,0x0603,
2.079563000000000,0,0x0004,
2.079570666666667,0,0x0315,
2.079697458333333,0,0x0004,
2.079705125000000,0,0x0319,
2.079831208333333,0,0x0004,
2.079838875000000,0,0x031D,
2.079965125000000,0,0x0004,
2.079972833333333,0,0x0311,
2.080098791666666,0,0x0004,
2.080106458333333,0,0x0315,
2.080232291666666,0,0x0001,
2.080240000000000,0,0x1D19,
2.080292375000000,0,0x0003,
2.080300041666667,0,0x241D,
2.080400666666667,0,0x0005,
2.080408333333333,0,0x2D11,
2.080558166666667,0,0x0006,
2.080565833333333,0,0x3B15,
2.080740208333333,0,0x000A,
2.080747916666667,0,0x4119,
2.081018208333334,0,0x0004,
2.081025916666666,0,0x032D,
2.081151166666667,0,0x0001,
2.081158833333333,0,0x1D21,
2.081211166666667,0,0x0003,
2.081218833333333,0,0x2425,
2.081319125000000,0,0x0005,
2.081326791666667,0,0x2D29,
2.081475083333333,0,0x0006,
2.081482791666667,0,0x3B2D,
2.081654416666667,0,0x000A,
2.081662083333333,0,0x4121,
2.089501041666667,0,0x5C3F,
2.089508708333333,0,0x0607,
2.089536000000000,0,0x0004,
2.089543666666667,0,0x0319,
2.089670416666667,0,0x0004,
2.089678125000000,0,0x031D,
2.089804875000000,0,0x0004,
2.089812541666667,0,0x0311,
2.089939166666666,0,0x0004,
2.089946833333333,0,0x0315,
2.090072458333333,0,0x0004,
2.090080125000000,0,0x0319,
2.090206291666667,0,0x0001,
2.090214000000000,0,0x1D1D,
2.090267208333333,0,0x0003,
2.090274875000000,0,0x2411,
2.090376000000000,0,0x0005,
2.090383666666667,0,0x2D15,
2.090533625000000,0,0x0006,
2.090541291666667,0,0x3B19,
2.090714625000000,0,0x000A,
2.090722291666667,0,0x411D,
2.090992375000000,0,0x0004,
2.091000083333333,0,0x0321,
2.091125041666666,0,0x0001,
2.091132750000000,0,0x1D25,
2.091185000000000,0,0x0003,
2.091192666666667,0,0x2429,
2.091292708333333,0,0x0005,
2.091300375000000,0,0x2D2D,
2.091448791666667,0,0x0006,
2.091456458333333,0,0x3B21,
2.091628583333333,0,0x000A,
2.091636250000000,0,0x4125,
2.099499666666667,0,0x6C3F,
2.099507375000000,0,0x060B,
2.099535291666667,0,0x0004,
2.099542958333333,0,0x031D,
2.099668916666667,0,0x0004,
2.099676583333333,0,0x0311,
2.099802875000000,0,0x0004,
2.099810583333333,0,0x0315,
2.099937916666667,0,0x0004,
2.099945583333333,0,0x0319,
2.100071166666666,0,0x0004,
2.100078875000000,0,0x031D,
2.100205041666667,0,0x0001,
2.100212750000000,0,0x1D11,
2.100265625000000,0,0x0003,
2.100273291666667,0,0x2415,
2.100375000000000,0,0x0005,
2.100382708333334,0,0x2D19,
2.100532208333334,0,0x0006,
2.100539875000000,0,0x3B1D,
2.100713125000000,0,0x000A,
2.100720791666667,0,0x4111,
2.100990958333333,0,0x0004,
2.100998666666666,0,0x0325,
2.101124583333333,0,0x0001,
2.101132250000000,0,0x1D29,
2.101184458333333,0,0x0003,
2.101192125000000,0,0x242D,
2.101292625000000,0,0x0005,
2.101300333333334,0,0x2D21,
2.101450166666667,0,0x0006,
2.101457875000000,0,0x3B25,
2.101629791666667,0,0x000A,
2.101637458333333,0,0x4129,
2.109485708333333,0,0x7C3F,
2.109493375000000,0,0x060F,
2.109521583333333,0,0x0004,
2.109529250000000,0,0x0311,
2.109655541666667,0,0x0004,
2.109663250000000,0,0x0315,
2.109789791666667,0,0x0004,
2.109797458333333,0,0x0319,
2.109923500000000,0,0x0004,
2.109931166666667,0,0x031D,
2.110058041666667,0,0x0004,
2.110065708333333,0,0x0311,
2.110191625000000,0,0x0001,
2.110199291666667,0,0x1D15,
2.110252041666667,0,0x0003,
2.110259708333333,0,0x2419,
2.110359833333333,0,0x0005,
2.110367500000000,0,0x2D1D,
2.110517041666667,0,0x0006,
2.110524708333333,0,0x3B11,
2.110698541666667,0,0x000A,
2.110706208333333,0,0x4115,
2.110976250000000,0,0x0004,
2.110983916666667,0,0x0329,
2.111109833333333,0,0x0001,
2.111117500000000,0,0x1D2D,
2.111169375000000,0,0x0003,
2.111177083333333,0,0x2421,
2.111276833333333,0,0x0005,
2.111284500000000,0,0x2D25,
2.111433875000000,0,0x0006,
2.111441583333333,0,0x3B29,
2.111613791666667,0,0x000A,
2.111621500000000,0,0x412D,
2.119503166666667,0,0x8C3F,
2.119510833333333,0,0x0603,
2.119538583333333,0,0x0004,
2.119546250000000,0,0x0315,
2.119672166666667,0,0x0004,
2.119679875000000,0,0x0319,
2.119805791666667,0,0x0004,
2.119813458333333,0,0x031D,
2.119939958333333,0,0x0004,
2.119947666666667,0,0x0311,
2.120074041666667,0,0x0004,
2.120081750000000,0,0x0315,
2.120207916666667,0,0x0001,
2.120215625000000,0,0x1D19,
2.120268375000000,0,0x0003,
2.120276041666667,0,0x241D,
2.120376791666667,0,0x0005,
2.120384500000000,0,0x2D11,
2.120534500000000,0,0x0006,
2.120542166666667,0,0x3B15,
2.120715958333333,0,0x000A,
2.120723666666667,0,0x4119,
2.120995500000000,0,0x0004,
2.121003208333333,0,0x032D,
2.121128833333333,0,0x0001,
2.121136541666667,0,0x1D21,
2.121188208333333,0,0x0003,
2.121195875000000,0,0x2425,
2.121296083333333,0,0x0005,
2.121303750000000,0,0x2D29,
2.121452458333333,0,0x0006,
2.121460125000000,0,0x3B2D,
2.121632458333333,0,0x000A,
2.121640166666667,0,0x4121,
2.129503291666667,0,0x9C3F,
2.129510958333333,0,0x0607,
2.129538625000000,0,0x0004,
2.129546291666667,0,0x0319,
2.129672958333333,0,0x0004,
2.129680666666667,0,0x031D,
2.129807750000000,0,0x0004,
2.129815416666667,0,0x0311,
2.129942041666667,0,0x0004,
2.129949708333333,0,0x0315,
2.130075791666667,0,0x0004,
2.130083500000000,0,0x0319,
2.130210625000000,0,0x0001,
2.130218333333334,0,0x1D1D,
2.130270250000000,0,0x0003,
2.130277916666667,0,0x2411,
2.130378791666667,0,0x0005,
2.130386458333333,0,0x2D15,
2.130536875000000,0,0x0006,
2.130544541666667,0,0x3B19,
2.130718208333333,0,0x000A,
2.130725875000000,0,0x411D,
2.130996750000000,0,0x0004,
2.131004416666667,0,0x0321,
2.131129708333333,0,0x0001,
2.131137375000000,0,0x1D25,
2.131189375000000,0,0x0003,
2.131197041666667,0,0x2429,
2.131297416666666,0,0x0005,
2.131305125000000,0,0x2D2D,
2.131453791666666,0,0x0006,
2.131461458333333,0,0x3B21,
2.131633458333333,0,0x000A,
2.131641125000000,0,0x4125,
2.139492625000000,0,0xAC3F,
2.139500291666667,0,0x060B,
2.139527958333333,0,0x0004,
2.139535625000000,0,0x031D,
2.139662833333333,0,0x0004,
2.139670500000000,0,0x0311,
2.139796791666666,0,0x0004,
2.139804458333333,0,0x0315,
2.139930791666667,0,0x0004,
2.139938458333333,0,0x0319,
2.140064375000000,0,0x0004,
2.140072041666667,0,0x031D,
2.140198125000000,0,0x0001,
2.140205791666667,0,0x1D11,
2.140258541666667,0,0x0003,
2.140266208333333,0,0x2415,
2.140367333333333,0,0x0005,
2.140375000000000,0,0x2D19,
2.140525125000000,0,0x0006,
2.140532791666667,0,0x3B1D,
2.140706000000000,0,0x000A,
2.140713708333333,0,0x4111,
2.140984583333333,0,0x0004,
2.140992250000000,0,0x0325,
2.141117458333333,0,0x0001,
2.141125166666667,0,0x1D29,
2.141177375000000,0,0x0003,
2.141185041666667,0,0x242D,
2.141285666666667,0,0x0005,
2.141293375000000,0,0x2D21,
2.141442958333333,0,0x0006,
2.141450625000000,0,0x3B25,
2.141623541666667,0,0x000A,
2.141631250000000,0,0x4129,
2.149496750000000,0,0xBC3F,
2.149504416666667,0,0x060F,
2.149531791666667,0,0x0004,
2.149539458333333,0,0x0311,
2.149666958333333,0,0x0004,
2.149674625000000,0,0x0315,
2.149801791666667,0,0x0004,
2.149809500000000,0,0x0319,
2.149935458333333,0,0x0004,
2.149943166666667,0,0x031D,
2.150069625000000,0,0x0004,
2.150077291666667,0,0x0311,
2.150204041666667,0,0x0001,
2.150211750000000,0,0x1D15,
2.150264375000000,0,0x0003,
2.150272041666667,0,0x2419,
2.150373958333333,0,0x0005,
2.150381666666667,0,0x2D1D,
2.150531375000000,0,0x0006,
2.150539041666667,0,0x3B11,
2.150712125000000,0,0x000A,
2.150719791666666,0,0x4115,
2.150990416666667,0,0x0004,
2.150998125000000,0,0x0329,
2.151123541666667,0,0x0001,
2.151131250000000,0,0x1D2D,
2.151182916666667,0,0x0003,
2.151190625000000,0,0x2421,
2.151290625000000,0,0x0005,
2.151298291666667,0,0x2D25,
2.151447750000000,0,0x0006,
2.151455416666667,0,0x3B29,
2.151627875000000,0,0x000A,
2.151635583333333,0,0x412D,
2.159630416666667,0,0xCC3F,
2.159638083333333,0,0x0603,
2.159665750000000,0,0x0004,
2.159673458333333,0,0x0315,
2.159800291666667,0,0x0004,
2.159808000000000,0,0x0319,
2.159934333333333,0,0x0004,
2.159942000000000,0,0x031D,
2.160068250000000,0,0x0004,
2.160075916666667,0,0x0311,
2.160202333333333,0,0x0004,
2.160210000000000,0,0x0315,
2.160336666666667,0,0x0001,
2.160344375000000,0,0x1D19,
2.160397000000000,0,0x0003,
2.160404666666667,0,0x241D,
2.160505291666666,0,0x0005,
2.160512958333333,0,0x2D11,
2.160662791666667,0,0x0006,
2.160670458333333,0,0x3B15,
2.160843958333333,0,0x000A,
2.160851625000000,0,0x4119,
2.161122333333333,0,0x0004,
2.161130000000000,0,0x032D,
2.161255416666667,0,0x0001,
2.161263083333334,0,0x1D21,
2.161315333333333,0,0x0003,
2.161323041666666,0,0x2425,
2.161423166666667,0,0x0005,
2.161430875000000,0,0x2D29,
2.161578458333334,0,0x0006,
2.161586166666666,0,0x3B2D,
2.161758041666667,0,0x000A,
2.161765750000000,0,0x4121,
2.169541458333333,0,0xDC3F,
2.169549125000000,0,0x0607,
2.169577166666667,0,0x0004,
2.169584875000000,0,0x0319,
2.169710250000000,0,0x0004,
2.169717958333333,0,0x031D,
2.169844083333333,0,0x0004,
2.169851750000000,0,0x0311,
2.169978166666667,0,0x0004,
2.169985875000000,0,0x0315,
2.170111166666667,0,0x0004,
2.170118875000000,0,0x0319,
2.170244291666667,0,0x0001,
2.170251958333334,0,0x1D1D,
2.170304208333333,0,0x0003,
2.170311916666666,0,0x2411,
2.170412375000000,0,0x0005,
2.170420041666667,0,0x2D15,
2.170569541666667,0,0x0006,
2.170577208333333,0,0x3B19,
2.170750958333334,0,0x000A,
2.170758666666667,0,0x411D,
2.171028833333333,0,0x0004,
2.171036500000000,0,0x0321,
2.171161708333333,0,0x0001,
2.171169375000000,0,0x1D25,
2.171221250000000,0,0x0003,
2.171228916666667,0,0x2429,
2.171328833333333,0,0x0005,
2.171336500000000,0,0x2D2D,
2.171484208333333,0,0x0006,
2.171491875000000,0,0x3B21,
2.171664208333334,0,0x000A,
2.171671875000000,0,0x4125,
2.179492416666667,0,0xEC3F,
2.179500083333333,0,0x060B,
2.179527208333333,0,0x0004,
2.179534875000000,0,0x031D,
2.179661333333333,0,0x0004,
2.179669000000000,0,0x0311,
2.179795041666666,0,0x0004,
2.179802750000000,0,0x0315,
2.179928833333333,0,0x0004,
2.179936541666667,0,0x0319,
2.180062625000000,0,0x0004,
2.180070333333334,0,0x031D,
2.180196000000000,0,0x0001,
2.180203666666667,0,0x1D11,
2.180256291666667,0,0x0003,
2.180263958333333,0,0x2415,
2.180365375000000,0,0x0005,
2.180373083333333,0,0x2D19,
2.180522250000000,0,0x0006,
2.180529916666667,0,0x3B1D,
2.180703625000000,0,0x000A,
2.180711291666667,0,0x4111,
2.180982708333334,0,0x0004,
2.180990375000000,0,0x0325,
2.181115416666667,0,0x0001,
2.181123083333333,0,0x1D29,
2.181175125000000,0,0x0003,
2.181182791666667,0,0x242D,
2.181283000000000,0,0x0005,
2.181290666666666,0,0x2D21,
2.181440041666667,0,0x0006,
2.181447708333333,0,0x3B25,
2.181619916666667,0,0x000A,
2.181627625000000,0,0x4129,
2.189551041666667,0,0xFC3F,
2.189558750000000,0,0x060F,
2.189586666666667,0,0x0004,
2.189594375000000,0,0x0311,
2.189720541666667,0,0x0004,
2.189728208333333,0,0x0315,
2.189854375000000,0,0x0004,
2.189862041666667,0,0x0319,
2.189987875000000,0,0x0004,
2.189995583333333,0,0x031D,
2.190121333333333,0,0x0004,
2.190129041666667,0,0x0311,
2.190254833333333,0,0x0001,
2.190262500000000,0,0x1D15,
2.190314708333333,0,0x0003,
2.190322375000000,0,0x2419,
2.190422708333333,0,0x0005,
2.190430375000000,0,0x2D1D,
2.190579416666667,0,0x0006,
2.190587083333333,0,0x3B11,
2.190760166666667,0,0x000A,
2.190767875000000,0,0x4115,
2.191037833333333,0,0x0004,
2.191045500000000,0,0x0329,
2.191170958333333,0,0x0001,
2.191178625000000,0,0x1D2D,
2.191230041666667,0,0x0003,
2.191237750000000,0,0x2421,
2.191338166666667,0,0x0005,
2.191345875000000,0,0x2D25,
2.191494041666667,0,0x0006,
2.191501708333333,0,0x3B29,
2.191674750000000,0,0x000A,
2.191682416666667,0,0x412D,
2.199513666666667,0,0x0C3F,
2.199521333333333,0,0x0603,
2.199548916666667,0,0x0004,
2.199556583333333,0,0x0315,
2.199682666666666,0,0x0004,
2.199690333333333,0,0x0319,
2.199816458333333,0,0x0004,
2.199824125000000,0,0x031D,
2.199951666666667,0,0x0004,
2.199959333333333,0,0x0311,
2.200085250000000,0,0x0004,
2.200092916666667,0,0x0315,
2.200218916666667,0,0x0001,
2.200226583333333,0,0x1D19,
2.200279083333333,0,0x0003,
2.200286791666667,0,0x241D,
2.200387791666667,0,0x0005,
2.200395458333333,0,0x2D11,
2.200544625000000,0,0x0006,
2.200552291666667,0,0x3B15,
2.200725291666667,0,0x000A,
2.200732958333333,0,0x4119,
2.201003583333333,0,0x0004,
2.201011250000000,0,0x032D,
2.201136708333333,0,0x0001,
2.201144375000000,0,0x1D21,
2.201196291666667,0,0x0003,
2.201204000000000,0,0x2425,
2.201304041666666,0,0x0005,
2.201311708333333,0,0x2D29,
2.201460291666667,0,0x0006,
2.201467958333333,0,0x3B2D,
2.201639833333333,0,0x000A,
2.201647541666667,0,0x4121,
2.209500750000000,0,0x1C3F,
2.209508458333334,0,0x0607,
2.209535791666667,0,0x0004,
2.209543500000000,0,0x0319,
2.209669333333333,0,0x0004,
2.209677041666667,0,0x031D,
2.209803541666667,0,0x0004,
2.209811208333333,0,0x0311,
2.209937083333333,0,0x0004,
2.209944750000000,0,0x0315,
2.210071583333333,0,0x0004,
2.210079291666667,0,0x0319,
2.210205541666667,0,0x0001,
2.210213208333333,0,0x1D1D,
2.210264750000000,0,0x0003,
2.210272416666667,0,0x2411,
2.210373083333333,0,0x0005,
2.210380750000000,0,0x2D15,
2.210529916666667,0,0x0006,
2.210537583333333,0,0x3B19,
2.210710083333333,0,0x000A,
2.210717750000000,0,0x411D,
2.210988250000000,0,0x0004,
2.210995916666667,0,0x0321,
2.211122041666667,0,0x0001,
2.211129708333333,0,0x1D25,
2.211181791666667,0,0x0003,
2.211189458333333,0,0x2429,
2.211290041666667,0,0x0005,
2.211297708333333,0,0x2D2D,
2.211447541666667,0,0x0006,
2.211455250000000,0,0x3B21,
2.211627875000000,0,0x000A,
2.211635583333333,0,0x4125,
2.219508500000000,0,0x2C3F,
2.219516166666667,0,0x060B,
2.219543416666667,0,0x0004,
2.219551125000000,0,0x031D,
2.219677416666667,0,0x0004,
2.219685083333333,0,0x0311,
2.219811750000000,0,0x0004,
2.219819416666667,0,0x0315,
2.219945166666667,0,0x0004,
2.219952833333333,0,0x0319,
2.220079791666667,0,0x0004,
2.220087458333333,0,0x031D,
2.220214250000000,0,0x0001,
2.220221916666667,0,0x1D11,
2.220273666666666,0,0x0003,
2.220281333333333,0,0x2415,
2.220381500000000,0,0x0005,
2.220389166666667,0,0x2D19,
2.220537875000000,0,0x0006,
2.220545541666667,0,0x3B1D,
2.220718666666667,0,0x000A,
2.220726333333333,0,0x4111,
2.220997583333333,0,0x0004,
2.221005250000000,0,0x0325,
2.221130541666667,0,0x0001,
2.221138208333334,0,0x1D29,
2.221190250000000,0,0x0003,
2.221197916666667,0,0x242D,
2.221298333333333,0,0x0005,
2.221306000000000,0,0x2D21,
2.221455375000000,0,0x0006,
2.221463041666667,0,0x3B25,
2.221635000000000,0,0x000A,
2.221642666666667,0,0x4129,
2.229513541666666,0,0x3C3F,
2.229521208333333,0,0x060F,
2.229548250000000,0,0x0004,
2.229555916666667,0,0x0311,
2.229682208333333,0,0x0004,
2.229689916666667,0,0x0315,
2.229816125000000,0,0x0004,
2.229823791666667,0,0x0319,
2.229949416666666,0,0x0004,
2.229957083333333,0,0x031D,
2.230083291666667,0,0x0004,
2.230091000000000,0,0x0311,
2.230217666666667,0,0x0001,
2.230225333333333,0,0x1D15,
2.230277166666667,0,0x0003,
2.230284833333333,0,0x2419,
2.230385750000000,0,0x0005,
2.230393458333333,0,0x2D1D,
2.230542875000000,0,0x0006,
2.230550583333333,0,0x3B11,
2.230723333333333,0,0x000A,
2.230731000000000,0,0x4115,
2.231001416666667,0,0x0004,
2.231009125000000,0,0x0329,
2.231134333333333,0,0x0001,
2.231142000000000,0,0x1D2D,
2.231194208333333,0,0x0003,
2.231201875000000,0,0x2421,
2.231301875000000,0,0x0005,
2.231309583333333,0,0x2D25,
2.231459208333333,0,0x0006,
2.231466916666667,0,0x3B29,
2.231639125000000,0,0x000A,
2.231646791666666,0,0x412D,
2.239506625000000,0,0x4C3F,
2.239514291666667,0,0x0603,
2.239541333333333,0,0x0004,
2.239549000000000,0,0x0315,
2.239675833333334,0,0x0004,
2.239683541666666,0,0x0319,
2.239810041666667,0,0x0004,
2.239817708333333,0,0x031D,
2.239944041666666,0,0x0004,
2.239951750000000,0,0x0311,
2.240078166666667,0,0x0004,
2.240085833333334,0,0x0315,
2.240212083333333,0,0x0001,
2.240219750000000,0,0x1D19,
2.240271666666667,0,0x0003,
2.240279333333334,0,0x241D,
2.240379416666667,0,0x0005,
2.240387083333333,0,0x2D11,
2.240536125000000,0,0x0006,
2.240543791666667,0,0x3B15,
2.240716833333333,0,0x000A,
2.240724541666667,0,0x4119,
2.240995833333333,0,0x0004,
2.241003500000000,0,0x032D,
2.241129791666667,0,0x0001,
2.241137458333333,0,0x1D21,
2.241189666666667,0,0x0003,
2.241197375000000,0,0x2425,
2.241297875000000,0,0x0005,
2.241305541666667,0,0x2D29,
2.241455083333333,0,0x0006,
2.241462750000000,0,0x3B2D,
2.241634666666667,0,0x000A,
2.241642333333334,0,0x4121,
2.249545458333333,0,0x5C3F,
2.249553125000000,0,0x0607,
2.249580583333334,0,0x0004,
2.249588250000000,0,0x0319,
2.249714458333333,0,0x0004,
2.249722125000000,0,0x031D,
2.249848291666667,0,0x0004,
2.249856000000000,0,0x0311,
2.249982708333333,0,0x0004,
2.249990375000000,0,0x0315,
2.250116541666667,0,0x0004,
2.250124208333333,0,0x0319,
2.250249833333333,0,0x0001,
2.250257500000000,0,0x1D1D,
2.250309541666667,0,0x0003,
2.250317208333333,0,0x2411,
2.250418875000000,0,0x0005,
2.250426541666667,0,0x2D15,
2.250576541666667,0,0x0006,
2.250584250000000,0,0x3B19,
2.250757416666667,0,0x000A,
2.250765125000000,0,0x411D,
2.251034666666667,0,0x0004,
2.251042333333333,0,0x0321,
2.251167541666667,0,0x0001,
2.251175250000000,0,0x1D25,
2.251227250000000,0,0x0003,
2.251234916666667,0,0x2429,
2.251335375000000,0,0x0005,
2.251343083333333,0,0x2D2D,
2.251491583333333,0,0x0006,
2.251499291666667,0,0x3B21,
2.251671416666666,0,0x000A,
2.251679083333333,0,0x4125,
2.259640625000000,0,0x6C3F,
2.259648291666667,0,0x060B,
2.259675625000000,0,0x0004,
2.259683333333333,0,0x031D,
2.259809875000000,0,0x0004,
2.259817583333333,0,0x0311,
2.259945125000000,0,0x0004,
2.259952791666667,0,0x0315,
2.260079541666667,0,0x0004,
2.260087250000000,0,0x0319,
2.260213666666667,0,0x0004,
2.260221333333333,0,0x031D,
2.260347625000000,0,0x0001,
2.260355291666666,0,0x1D11,
2.260407916666667,0,0x0003,
2.260415583333333,0,0x2415,
2.260516166666667,0,0x0005,
2.260523875000000,0,0x2D19,
2.260673375000000,0,0x0006,
2.260681083333334,0,0x3B1D,
2.260854375000000,0,0x000A,
2.260862083333333,0,0x4111,
2.261132166666667,0,0x0004,
2.261139833333333,0,0x0325,
2.261265458333333,0,0x0001,
2.261273125000000,0,0x1D29,
2.261325666666667,0,0x0003,
2.261333375000000,0,0x242D,
2.261434291666667,0,0x0005,
2.261442000000000,0,0x2D21,
2.261590208333333,0,0x0006,
2.261597875000000,0,0x3B25,
2.261770041666667,0,0x000A,
2.261777708333333,0,0x4129,
2.269505541666667,0,0x7C3F,
2.269513208333333,0,0x060F,
2.269540958333333,0,0x0004,
2.269548625000000,0,0x0311,
2.269675291666667,0,0x0004,
2.269682958333333,0,0x0315,
2.269809500000000,0,0x0004,
2.269817166666667,0,0x0319,
2.269943416666667,0,0x0004,
2.269951083333333,0,0x031D,
2.270077250000000,0,0x0004,
2.270084958333333,0,0x0311,
2.270211250000000,0,0x0001,
2.270218916666667,0,0x1D15,
2.270271666666666,0,0x0003,
2.270279375000000,0,0x2419,
2.270380375000000,0,0x0005,
2.270388041666667,0,0x2D1D,
2.270537125000000,0,0x0006,
2.270544791666667,0,0x3B11,
2.270717541666667,0,0x000A,
2.270725250000000,0,0x4115,
2.270995375000000,0,0x0004,
2.271003041666667,0,0x0329,
2.271128750000000,0,0x0001,
2.271136416666667,0,0x1D2D,
2.271189041666667,0,0x0003,
2.271196708333334,0,0x2421,
2.271296833333333,0,0x0005,
2.271304500000000,0,0x2D25,
2.271454250000000,0,0x0006,
2.271461958333334,0,0x3B29,
2.271634583333333,0,0x000A,
2.271642250000000,0,0x412D,
2.279492291666667,0,0x8C3F,
2.279500000000000,0,0x0603,
2.279527625000000,0,0x0004,
2.279535291666666,0,0x0315,
2.279661333333333,0,0x0004,
2.279669000000000,0,0x0319,
2.279796166666667,0,0x0004,
2.279803875000000,0,0x031D,
2.279929583333333,0,0x0004,
2.279937250000000,0,0x0311,
2.280063333333334,0,0x0004,
2.280071000000000,0,0x0315,
2.280197583333333,0,0x0001,
2.280205250000000,0,0x1D19,
2.280257250000000,0,0x0003,
2.280264916666667,0,0x241D,
2.280364916666667,0,0x0005,
2.280372625000000,0,0x2D11,
2.280521791666667,0,0x0006,
2.280529458333334,0,0x3B15,
2.280702916666667,0,0x000A,
2.280710583333333,0,0x4119,
2.280980916666667,0,0x0004,
2.280988583333333,0,0x032D,
2.281114208333333,0,0x0001,
2.281121875000000,0,0x1D21,
2.281174083333333,0,0x0003,
2.281181750000000,0,0x2425,
2.281281833333333,0,0x0005,
2.281289500000000,0,0x2D29,
2.281438333333333,0,0x0006,
2.281446041666667,0,0x3B2D,
2.281618166666667,0,0x000A,
2.281625833333333,0,0x4121,
2.289548083333333,0,0x9C3F,
2.289555750000000,0,0x0607,
2.289582833333333,0,0x0004,
2.289590500000000,0,0x0319,
2.289717083333333,0,0x0004,
2.289724750000000,0,0x031D,
2.289850833333333,0,0x0004,
2.289858500000000,0,0x0311,
2.289984916666667,0,0x0004,
2.289992583333333,0,0x0315,
2.290118916666667,0,0x0004,
2.290126583333334,0,0x0319,
2.290252208333333,0,0x0001,
2.290259916666667,0,0x1D1D,
2.290312041666667,0,0x0003,
2.290319750000000,0,0x2411,
2.290420625000000,0,0x0005,
2.290428333333333,0,0x2D15,
2.290577375000000,0,0x0006,
2.290585041666667,0,0x3B19,
2.290758416666667,0,0x000A,
2.290766125000000,0,0x411D,
2.291037041666667,0,0x0004,
2.291044750000000,0,0x0321,
2.291169666666667,0,0x0001,
2.291177333333333,0,0x1D25,
2.291229791666667,0,0x0003,
2.291237458333333,0,0x2429,
2.291337083333334,0,0x0005,
2.291344791666666,0,0x2D2D,
2.291493208333333,0,0x0006,
2.291500875000000,0,0x3B21,
2.291673166666667,0,0x000A,
2.291680833333333,0,0x4125,
2.299563500000000,0,0xAC3F,
2.299571166666666,0,0x060B,
2.299599000000000,0,0x0004,
2.299606708333333,0,0x031D,
2.299732791666667,0,0x0004,
2.299740500000000,0,0x0311,
2.299866458333333,0,0x0004,
2.299874125000000,0,0x0315,
2.300000291666667,0,0x0004,
2.300007958333333,0,0x0319,
2.300134500000000,0,0x0004,
2.300142166666667,0,0x031D,
2.300268375000000,0,0x0001,
2.300276083333333,0,0x1D11,
2.300327750000000,0,0x0003,
2.300335458333334,0,0x2415,
2.300436083333333,0,0x0005,
2.300443750000000,0,0x2D19,
2.300592750000000,0,0x0006,
2.300600458333333,0,0x3B1D,
2.300773833333333,0,0x000A,
2.300781500000000,0,0x4111,
2.301052166666667,0,0x0004,
2.301059833333333,0,0x0325,
2.301185083333333,0,0x0001,
2.301192750000000,0,0x1D29,
2.301245000000000,0,0x0003,
2.301252666666667,0,0x242D,
2.301353291666667,0,0x0005,
2.301361000000000,0,0x2D21,
2.301509041666667,0,0x0006,
2.301516708333333,0,0x3B25,
2.301688625000000,0,0x000A,
2.301696333333333,0,0x4129,
2.310578916666667,0,0xBC3F,
2.310586625000000,0,0x060F,
2.310614041666667,0,0x0004,
2.310621708333333,0,0x0311,
2.310747500000000,0,0x0004,
2.310755166666667,0,0x0315,
2.310881458333333,0,0x0004,
2.310889166666667,0,0x0319,
2.311015416666667,0,0x0004,
2.311023083333333,0,0x031D,
2.311149125000000,0,0x0004,
2.311156833333333,0,0x0311,
2.311283250000000,0,0x0001,
2.311290916666667,0,0x1D15,
2.311343166666667,0,0x0003,
2.311350833333333,0,0x2419,
2.311453041666667,0,0x0005,
2.311460708333333,0,0x2D1D,
2.311611125000000,0,0x0006,
2.311618833333333,0,0x3B11,
2.311791833333333,0,0x000A,
2.311799500000000,0,0x4115,
2.312069791666667,0,0x0004,
2.312077458333333,0,0x0329,
2.312201458333333,0,0x0001,
2.312209166666667,0,0x1D2D,
2.312261083333333,0,0x0003,
2.312268750000000,0,0x2421,
2.312368333333333,0,0x0005,
2.312376000000000,0,0x2D25,
2.312523708333333,0,0x0006,
2.312531375000000,0,0x3B29,
2.312702541666666,0,0x000A,
2.312710208333333,0,0x412D,
2.319577833333333,0,0xCC3F,
2.319585500000000,0,0x0603,
2.319612958333333,0,0x0004,
2.319620666666667,0,0x0315,
2.319746958333333,0,0x0004,
2.319754666666667,0,0x0319,
2.319880375000000,0,0x0004,
2.319888041666667,0,0x031D,
2.320014333333333,0,0x0004,
2.320022000000000,0,0x0311,
2.320147708333333,0,0x0004,
2.320155416666667,0,0x0315,
2.320281583333333,0,0x0001,
2.320289250000000,0,0x1D19,
2.320341625000000,0,0x0003,
2.320349291666667,0,0x241D,
2.320450625000000,0,0x0005,
2.320458291666667,0,0x2D11,
2.320607333333333,0,0x0006,
2.320615041666667,0,0x3B15,
2.320788208333334,0,0x000A,
2.320795875000000,0,0x4119,
2.321065708333333,0,0x0004,
2.321073375000000,0,0x032D,
2.321198291666667,0,0x0001,
2.321206000000000,0,0x1D21,
2.321257833333333,0,0x0003,
2.321265500000000,0,0x2425,
2.321364833333333,0,0x0005,
2.321372500000000,0,0x2D29,
2.321520333333333,0,0x0006,
2.321528041666667,0,0x3B2D,
2.321700291666667,0,0x000A,
2.321707958333334,0,0x4121,
2.329504041666667,0,0xDC3F,
2.329511750000000,0,0x0607,
2.329538833333333,0,0x0004,
2.329546500000000,0,0x0319,
2.329673000000000,0,0x0004,
2.329680708333334,0,0x031D,
2.329806250000000,0,0x0004,
2.329813916666667,0,0x0311,
2.329939666666667,0,0x0004,
2.329947333333333,0,0x0315,
2.330073291666667,0,0x0004,
2.330081000000000,0,0x0319,
2.330206250000000,0,0x0001,
2.330213958333333,0,0x1D1D,
2.330266458333333,0,0x0003,
2.330274125000000,0,0x2411,
2.330374791666667,0,0x0005,
2.330382458333333,0,0x2D15,
2.330531541666667,0,0x0006,
2.330539208333333,0,0x3B19,
2.330713083333333,0,0x000A,
2.330720791666667,0,0x411D,
2.330991458333334,0,0x0004,
2.330999166666667,0,0x0321,
2.331124375000000,0,0x0001,
2.331132041666667,0,0x1D25,
2.331184375000000,0,0x0003,
2.331192083333333,0,0x2429,
2.331292291666667,0,0x0005,
2.331299958333333,0,0x2D2D,
2.331449708333333,0,0x0006,
2.331457416666667,0,0x3B21,
2.331630208333333,0,0x000A,
2.331637916666667,0,0x4125,
2.339522208333333,0,0xEC3F,
2.339529875000000,0,0x060B,
2.339557208333333,0,0x0004,
2.339564916666667,0,0x031D,
2.339691250000000,0,0x0004,
2.339698916666667,0,0x0311,
2.339825208333334,0,0x0004,
2.339832875000000,0,0x0315,
2.339959291666667,0,0x0004,
2.339966958333333,0,0x0319,
2.340093791666667,0,0x0004,
2.340101500000000,0,0x031D,
2.340228416666667,0,0x0001,
2.340236083333334,0,0x1D11,
2.340287958333333,0,0x0003,
2.340295625000000,0,0x2415,
2.340396583333333,0,0x0005,
2.340404250000000,0,0x2D19,
2.340553750000000,0,0x0006,
2.340561416666667,0,0x3B1D,
2.340734583333334,0,0x000A,
2.340742250000000,0,0x4111,
2.341012958333333,0,0x0004,
2.341020625000000,0,0x0325,
2.341145333333333,0,0x0001,
2.341153000000000,0,0x1D29,
2.341205833333333,0,0x0003,
2.341213541666667,0,0x242D,
2.341314041666667,0,0x0005,
2.341321708333334,0,0x2D21,
2.341470875000000,0,0x0006,
2.341478541666667,0,0x3B25,
2.341650375000000,0,0x000A,
2.341658041666667,0,0x4129,
2.349506500000000,0,0xFC3F,
2.349514208333333,0,0x060F,
2.349541500000000,0,0x0004,
2.349549166666667,0,0x0311,
2.349674958333333,0,0x0004,
2.349682625000000,0,0x0315,
2.349808750000000,0,0x0004,
2.349816416666667,0,0x0319,
2.349942416666666,0,0x0004,
2.349950125000000,0,0x031D,
2.350075833333333,0,0x0004,
2.350083500000000,0,0x0311,
2.350209541666667,0,0x0001,
2.350217250000000,0,0x1D15,
2.350269375000000,0,0x0003,
2.350277083333333,0,0x2419,
2.350377291666667,0,0x0005,
2.350384958333333,0,0x2D1D,
2.350534625000000,0,0x0006,
2.350542291666667,0,0x3B11,
2.350714791666667,0,0x000A,
2.350722458333333,0,0x4115,
2.350993166666667,0,0x0004,
2.351000875000000,0,0x0329,
2.351125916666667,0,0x0001,
2.351133583333334,0,0x1D2D,
2.351186250000000,0,0x0003,
2.351193916666667,0,0x2421,
2.351294625000000,0,0x0005,
2.351302333333333,0,0x2D25,
2.351451750000000,0,0x0006,
2.351459416666667,0,0x3B29,
2.351632125000000,0,0x000A,
2.351639791666666,0,0x412D,
2.359638375000000,0,0x0C3F,
2.359646083333333,0,0x0603,
2.359673250000000,0,0x0004,
2.359680958333333,0,0x0315,
2.359807083333334,0,0x0004,
2.359814750000000,0,0x0319,
2.359940333333333,0,0x0004,
2.359948041666667,0,0x031D,
2.360073791666667,0,0x0004,
2.360081458333333,0,0x0311,
2.360207083333334,0,0x0004,
2.360214791666666,0,0x0315,
2.360341416666667,0,0x0001,
2.360349125000000,0,0x1D19,
2.360401125000000,0,0x0003,
2.360408833333334,0,0x241D,
2.360510250000000,0,0x0005,
2.360517916666667,0,0x2D11,
2.360667250000000,0,0x0006,
2.360674916666667,0,0x3B15,
2.360848583333333,0,0x000A,
2.360856250000000,0,0x4119,
2.361127583333333,0,0x0004,
2.361135291666667,0,0x032D,
2.361260208333333,0,0x0001,
2.361267875000000,0,0x1D21,
2.361319791666667,0,0x0003,
2.361327458333333,0,0x2425,
2.361426875000000,0,0x0005,
2.361434541666667,0,0x2D29,
2.361582916666667,0,0x0006,
2.361590583333333,0,0x3B2D,
2.361762166666667,0,0x000A,
2.361769833333333,0,0x4121,
2.369562916666667,0,0x1C3F,
2.369570583333333,0,0x0607,
2.369598291666667,0,0x0004,
2.369605958333334,0,0x0319,
2.369733250000000,0,0x0004,
2.369740916666667,0,0x031D,
2.369866875000000,0,0x0004,
2.369874583333333,0,0x0311,
2.370000875000000,0,0x0004,
2.370008583333334,0,0x0315,
2.370135416666667,0,0x0004,
2.370143083333333,0,0x0319,
2.370269041666667,0,0x0001,
2.370276708333333,0,0x1D1D,
2.370329291666667,0,0x0003,
2.370336958333333,0,0x2411,
2.370437500000000,0,0x0005,
2.370445166666667,0,0x2D15,
2.370595125000000,0,0x0006,
2.370602791666667,0,0x3B19,
2.370775375000000,0,0x000A,
2.370783041666667,0,0x411D,
2.371053041666667,0,0x0004,
2.371060750000000,0,0x0321,
2.371185416666667,0,0x0001,
2.371193083333333,0,0x1D25,
2.371245166666667,0,0x0003,
2.371252875000000,0,0x2429,
2.371352750000000,0,0x0005,
2.371360416666667,0,0x2D2D,
2.371509166666667,0,0x0006,
2.371516833333333,0,0x3B21,
2.371688625000000,0,0x000A,
2.371696291666667,0,0x4125,
2.379522458333333,0,0x2C3F,
2.379530125000000,0,0x060B,
2.379557208333333,0,0x0004,
2.379564875000000,0,0x031D,
2.379692291666667,0,0x0004,
2.379699958333333,0,0x0311,
2.379826583333333,0,0x0004,
2.379834250000000,0,0x0315,
2.379959708333333,0,0x0004,
2.379967375000000,0,0x0319,
2.380094583333333,0,0x0004,
2.380102250000000,0,0x031D,
2.380229416666667,0,0x0001,
2.380237083333333,0,0x1D11,
2.380289375000000,0,0x0003,
2.380297083333333,0,0x2415,
2.380397625000000,0,0x0005,
2.380405333333333,0,0x2D19,
2.380554375000000,0,0x0006,
2.380562041666667,0,0x3B1D,
2.380734500000000,0,0x000A,
2.380742208333333,0,0x4111,
2.381013583333333,0,0x0004,
2.381021291666667,0,0x0325,
2.381146083333333,0,0x0001,
2.381153750000000,0,0x1D29,
2.381205625000000,0,0x0003,
2.381213333333333,0,0x242D,
2.381313625000000,0,0x0005,
2.381321333333333,0,0x2D21,
2.381471250000000,0,0x0006,
2.381478916666667,0,0x3B25,
2.381651458333333,0,0x000A,
2.381659125000000,0,0x4129,
2.389518541666667,0,0x3C3F,
2.389526250000000,0,0x060F,
2.389553333333333,0,0x0004,
2.389561000000000,0,0x0311,
2.389687166666667,0,0x0004,
2.389694833333333,0,0x0315,
2.389821208333333,0,0x0004,
2.389828875000000,0,0x0319,
2.389954500000000,0,0x0004,
2.389962166666667,0,0x031D,
2.390087500000000,0,0x0004,
2.390095166666667,0,0x0311,
2.390221250000000,0,0x0001,
2.390228916666667,0,0x1D15,
2.390281125000000,0,0x0003,
2.390288791666667,0,0x2419,
2.390389291666667,0,0x0005,
2.390396958333334,0,0x2D1D,
2.390545416666667,0,0x0006,
2.390553083333333,0,0x3B11,
2.390726083333333,0,0x000A,
2.390733750000000,0,0x4115,
2.391003833333333,0,0x0004,
2.391011500000000,0,0x0329,
2.391136666666667,0,0x0001,
2.391144375000000,0,0x1D2D,
2.391196708333333,0,0x0003,
2.391204416666667,0,0x2421,
2.391305291666667,0,0x0005,
2.391313000000000,0,0x2D25,
2.391462166666667,0,0x0006,
2.391469875000000,0,0x3B29,
2.391643000000000,0,0x000A,
2.391650666666667,0,0x412D,
2.399536125000000,0,0x4C3F,
2.399543791666667,0,0x0603,
2.399571666666667,0,0x0004,
2.399579333333334,0,0x0315,
2.399706500000000,0,0x0004,
2.399714208333333,0,0x0319,
2.399841208333333,0,0x0004,
2.399848916666667,0,0x031D,
2.399975916666667,0,0x0004,
2.399983583333333,0,0x0311,
2.400110125000000,0,0x0004,
2.400117791666667,0,0x0315,
2.400243541666667,0,0x0001,
2.400251208333333,0,0x1D19,
2.400303791666667,0,0x0003,
2.400311500000000,0,0x241D,
2.400412583333333,0,0x0005,
2.400420250000000,0,0x2D11,
2.400569833333333,0,0x0006,
2.400577500000000,0,0x3B15,
2.400750458333333,0,0x000A,
2.400758166666667,0,0x4119,
2.401029000000000,0,0x0004,
2.401036666666667,0,0x032D,
2.401162250000000,0,0x0001,
2.401169916666666,0,0x1D21,
2.401222083333333,0,0x0003,
2.401229750000000,0,0x2425,
2.401329833333333,0,0x0005,
2.401337541666666,0,0x2D29,
2.401484916666667,0,0x0006,
2.401492625000000,0,0x3B2D,
2.401664666666667,0,0x000A,
2.401672375000000,0,0x4121,
2.409515583333333,0,0x5C3F,
2.409523250000000,0,0x0607,
2.409550458333333,0,0x0004,
2.409558166666667,0,0x0319,
2.409685375000000,0,0x0004,
2.409693041666667,0,0x031D,
2.409819166666667,0,0x0004,
2.409826875000000,0,0x0311,
2.409952250000000,0,0x0004,
2.409959958333333,0,0x0315,
2.410086083333333,0,0x0004,
2.410093791666667,0,0x0319,
2.410219458333333,0,0x0001,
2.410227166666667,0,0x1D1D,
2.410278875000000,0,0x0003,
2.410286583333333,0,0x2411,
2.410387416666667,0,0x0005,
2.410395083333333,0,0x2D15,
2.410544541666667,0,0x0006,
2.410552208333333,0,0x3B19,
2.410726041666666,0,0x000A,
2.410733750000000,0,0x411D,
2.411003541666667,0,0x0004,
2.411011208333333,0,0x0321,
2.411136166666667,0,0x0001,
2.411143833333333,0,0x1D25,
2.411196125000000,0,0x0003,
2.411203791666667,0,0x2429,
2.411303291666667,0,0x0005,
2.411311000000000,0,0x2D2D,
2.411459708333333,0,0x0006,
2.411467416666667,0,0x3B21,
2.411640250000000,0,0x000A,
2.411647916666666,0,0x4125,
2.419561833333333,0,0x6C3F,
2.419569541666667,0,0x060B,
2.419597041666667,0,0x0004,
2.419604708333333,0,0x031D,
2.419730958333334,0,0x0004,
2.419738625000000,0,0x0311,
2.419864375000000,0,0x0004,
2.419872041666667,0,0x0315,
2.419998916666667,0,0x0004,
2.420006583333334,0,0x0319,
2.420132833333333,0,0x0004,
2.420140541666667,0,0x031D,
2.420265625000000,0,0x0001,
2.420273291666667,0,0x1D11,
2.420326208333333,0,0x0003,
2.420333875000000,0,0x2415,
2.420435041666666,0,0x0005,
2.420442708333333,0,0x2D19,
2.420593125000000,0,0x0006,
2.420600791666667,0,0x3B1D,
2.420774291666667,0,0x000A,
2.420781958333333,0,0x4111,
2.421051750000000,0,0x0004,
2.421059458333333,0,0x0325,
2.421185000000000,0,0x0001,
2.421192666666667,0,0x1D29,
2.421245083333333,0,0x0003,
2.421252750000000,0,0x242D,
2.421353125000000,0,0x0005,
2.421360833333333,0,0x2D21,
2.421509583333334,0,0x0006,
2.421517291666667,0,0x3B25,
2.421689291666667,0,0x000A,
2.421696958333333,0,0x4129,
2.429516083333333,0,0x7C3F,
2.429523750000000,0,0x060F,
2.429551125000000,0,0x0004,
2.429558833333333,0,0x0311,
2.429684708333333,0,0x0004,
2.429692416666667,0,0x0315,
2.429818625000000,0,0x0004,
2.429826291666667,0,0x0319,
2.429952083333333,0,0x0004,
2.429959791666667,0,0x031D,
2.430086583333333,0,0x0004,
2.430094250000000,0,0x0311,
2.430219708333333,0,0x0001,
2.430227416666667,0,0x1D15,
2.430280000000000,0,0x0003,
2.430287666666667,0,0x2419,
2.430388708333334,0,0x0005,
2.430396375000000,0,0x2D1D,
2.430545708333333,0,0x0006,
2.430553375000000,0,0x3B11,
2.430727083333333,0,0x000A,
2.430734750000000,0,0x4115,
2.431004833333333,0,0x0004,
2.431012500000000,0,0x0329,
2.431138250000000,0,0x0001,
2.431145958333333,0,0x1D2D,
2.431197916666667,0,0x0003,
2.431205625000000,0,0x2421,
2.431305375000000,0,0x0005,
2.431313041666667,0,0x2D25,
2.431462291666667,0,0x0006,
2.431470000000000,0,0x3B29,
2.431642500000000,0,0x000A,
2.431650166666667,0,0x412D,
2.439512583333333,0,0x8C3F,
2.439520250000000,0,0x0603,
2.439547625000000,0,0x0004,
2.439555333333333,0,0x0315,
2.439682625000000,0,0x0004,
2.439690291666667,0,0x0319,
2.439816541666667,0,0x0004,
2.439824208333333,0,0x031D,
2.439949916666666,0,0x0004,
2.439957583333333,0,0x0311,
2.440084666666666,0,0x0004,
2.440092333333333,0,0x0315,
2.440218166666666,0,0x0001,
2.440225833333333,0,0x1D19,
2.440278041666667,0,0x0003,
2.440285708333333,0,0x241D,
2.440386708333333,0,0x0005,
2.440394416666666,0,0x2D11,
2.440544375000000,0,0x0006,
2.440552083333333,0,0x3B15,
2.440725041666667,0,0x000A,
2.440732750000000,0,0x4119,
2.441003541666667,0,0x0004,
2.441011208333333,0,0x032D,
2.441136791666667,0,0x0001,
2.441144500000000,0,0x1D21,
2.441197375000000,0,0x0003,
2.441205083333333,0,0x2425,
2.441305083333333,0,0x0005,
2.441312750000000,0,0x2D29,
2.441462500000000,0,0x0006,
2.441470166666666,0,0x3B2D,
2.441642291666667,0,0x000A,
2.441650000000000,0,0x4121,
2.449526291666666,0,0x9C3F,
2.449533958333333,0,0x0607,
2.449561333333333,0,0x0004,
2.449569000000000,0,0x0319,
2.449695458333333,0,0x0004,
2.449703166666667,0,0x031D,
2.449830375000000,0,0x0004,
2.449838083333333,0,0x0311,
2.449964500000000,0,0x0004,
2.449972208333334,0,0x0315,
2.450098291666666,0,0x0004,
2.450106000000000,0,0x0319,
2.450232375000000,0,0x0001,
2.450240041666667,0,0x1D1D,
2.450292041666667,0,0x0003,
2.450299708333334,0,0x2411,
2.450400333333334,0,0x0005,
2.450408000000000,0,0x2D15,
2.450557083333333,0,0x0006,
2.450564750000000,0,0x3B19,
2.450737166666667,0,0x000A,
2.450744875000000,0,0x411D,
2.451015416666666,0,0x0004,
2.451023083333333,0,0x0321,
2.451148666666667,0,0x0001,
2.451156375000000,0,0x1D25,
2.451208375000000,0,0x0003,
2.451216041666667,0,0x2429,
2.451316000000000,0,0x0005,
2.451323666666667,0,0x2D2D,
2.451472666666667,0,0x0006,
2.451480333333333,0,0x3B21,
2.451653291666667,0,0x000A,
2.451660958333334,0,0x4125,
2.459656000000000,0,0xAC3F,
2.459663708333333,0,0x060B,
2.459692000000000,0,0x0004,
2.459699666666667,0,0x031D,
2.459825666666667,0,0x0004,
2.459833375000000,0,0x0311,
2.459960333333334,0,0x0004,
2.459968000000000,0,0x0315,
2.460094583333333,0,0x0004,
2.460102291666667,0,0x0319,
2.460228041666667,0,0x0004,
2.460235708333333,0,0x031D,
2.460362291666667,0,0x0001,
2.460369958333333,0,0x1D11,
2.460422666666667,0,0x0003,
2.460430333333333,0,0x2415,
2.460531125000000,0,0x0005,
2.460538791666667,0,0x2D19,
2.460688416666667,0,0x0006,
2.460696083333333,0,0x3B1D,
2.460869500000000,0,0x000A,
2.460877166666667,0,0x4111,
2.461148000000000,0,0x0004,
2.461155708333334,0,0x0325,
2.461281041666667,0,0x0001,
2.461288750000000,0,0x1D29,
2.461340875000000,0,0x0003,
2.461348541666667,0,0x242D,
2.461449500000000,0,0x0005,
2.461457166666666,0,0x2D21,
2.461605041666667,0,0x0006,
2.461612708333333,0,0x3B25,
2.461784916666667,0,0x000A,
2.461792583333333,0,0x4129,
2.469538416666667,0,0xBC3F,
2.469546083333333,0,0x060F,
2.469573666666667,0,0x0004,
2.469581375000000,0,0x0311,
2.469707041666667,0,0x0004,
2.469714708333334,0,0x0315,
2.469840916666667,0,0x0004,
2.469848583333333,0,0x0319,
2.469974541666667,0,0x0004,
2.469982250000000,0,0x031D,
2.470108416666667,0,0x0004,
2.470116083333334,0,0x0311,
2.470242208333334,0,0x0001,
2.470249916666666,0,0x1D15,
2.470301958333333,0,0x0003,
2.470309625000000,0,0x2419,
2.470410875000000,0,0x0005,
2.470418541666667,0,0x2D1D,
2.470568750000000,0,0x0006,
2.470576416666667,0,0x3B11,
2.470749916666667,0,0x000A,
2.470757583333334,0,0x4115,
2.471027583333333,0,0x0004,
2.471035250000000,0,0x0329,
2.471160708333333,0,0x0001,
2.471168375000000,0,0x1D2D,
2.471220750000000,0,0x0003,
2.471228416666666,0,0x2421,
2.471328375000000,0,0x0005,
2.471336041666667,0,0x2D25,
2.471484833333333,0,0x0006,
2.471492541666667,0,0x3B29,
2.471664500000000,0,0x000A,
2.471672166666667,0,0x412D,
2.479568541666667,0,0xCC3F,
2.479576208333333,0,0x0603,
2.479604208333333,0,0x0004,
2.479611875000000,0,0x0315,
2.479738416666667,0,0x0004,
2.479746083333333,0,0x0319,
2.479872375000000,0,0x0004,
2.479880041666667,0,0x031D,
2.480005666666667,0,0x0004,
2.480013333333333,0,0x0311,
2.480139041666667,0,0x0004,
2.480146750000000,0,0x0315,
2.480272875000000,0,0x0001,
2.480280541666667,0,0x1D19,
2.480332666666667,0,0x0003,
2.480340333333333,0,0x241D,
2.480440833333333,0,0x0005,
2.480448500000000,0,0x2D11,
2.480598541666667,0,0x0006,
2.480606250000000,0,0x3B15,
2.480779083333333,0,0x000A,
2.480786750000000,0,0x4119,
2.481057125000000,0,0x0004,
2.481064791666667,0,0x032D,
2.481190000000000,0,0x0001,
2.481197666666667,0,0x1D21,
2.481249583333333,0,0x0003,
2.481257291666667,0,0x2425,
2.481357625000000,0,0x0005,
2.481365333333333,0,0x2D29,
2.481514250000000,0,0x0006,
2.481521958333333,0,0x3B2D,
2.481694083333333,0,0x000A,
2.481701750000000,0,0x4121,
2.489515416666667,0,0xDC3F,
2.489523083333333,0,0x0607,
2.489550666666667,0,0x0004,
2.489558375000000,0,0x0319,
2.489684250000000,0,0x0004,
2.489691958333333,0,0x031D,
2.489818708333333,0,0x0004,
2.489826375000000,0,0x0311,
2.489952500000000,0,0x0004,
2.489960208333333,0,0x0315,
2.490085583333333,0,0x0004,
2.490093250000000,0,0x0319,
2.490219458333333,0,0x0001,
2.490227125000000,0,0x1D1D,
2.490279000000000,0,0x0003,
2.490286708333334,0,0x2411,
2.490387416666667,0,0x0005,
2.490395083333333,0,0x2D15,
2.490544375000000,0,0x0006,
2.490552041666667,0,0x3B19,
2.490725375000000,0,0x000A,
2.490733083333333,0,0x411D,
2.491003208333333,0,0x0004,
2.491010916666667,0,0x0321,
2.491136708333333,0,0x0001,
2.491144375000000,0,0x1D25,
2.491196750000000,0,0x0003,
2.491204416666667,0,0x2429,
2.491304666666667,0,0x0005,
2.491312333333333,0,0x2D2D,
2.491460000000000,0,0x0006,
2.491467708333333,0,0x3B21,
2.491639541666667,0,0x000A,
2.491647250000000,0,0x4125,
2.499536625000000,0,0xEC3F,
2.499544291666667,0,0x060B,
2.499571208333333,0,0x0004,
2.499578916666667,0,0x031D,
2.499705291666667,0,0x0004,
2.499712958333333,0,0x0311,
2.499840125000000,0,0x0004,
2.499847791666667,0,0x0315,
2.499974666666667,0,0x0004,
2.499982333333334,0,0x0319,
2.500108416666666,0,0x0004,
2.500116083333333,0,0x031D,
2.500242375000000,0,0x0001,
2.500250041666667,0,0x1D11,
2.500302708333333,0,0x0003,
2.500310416666667,0,0x2415,
2.500411666666666,0,0x0005,
2.500419333333333,0,0x2D19,
2.500568708333333,0,0x0006,
2.500576375000000,0,0x3B1D,
2.500749333333333,0,0x000A,
2.500757000000000,0,0x4111,
2.501028250000000,0,0x0004,
2.501035916666666,0,0x0325,
2.501162000000000,0,0x0001,
2.501169708333333,0,0x1D29,
2.501220666666667,0,0x0003,
2.501228333333333,0,0x242D,
2.501328458333334,0,0x0005,
2.501336125000000,0,0x2D21,
2.501485541666667,0,0x0006,
2.501493250000000,0,0x3B25,
2.501665208333333,0,0x000A,
2.501672916666667,0,0x4129,
2.509590166666666,0,0xFC3F,
2.509597875000000,0,0x060F,
2.509625666666667,0,0x0004,
2.509633333333333,0,0x0311,
2.509759250000000,0,0x0004,
2.509766958333334,0,0x0315,
2.509893125000000,0,0x0004,
2.509900791666666,0,0x0319,
2.510026583333334,0,0x0004,
2.510034250000000,0,0x031D,
2.510160000000000,0,0x0004,
2.510167708333333,0,0x0311,
2.510294291666667,0,0x0001,
2.510301958333333,0,0x1D15,
2.510353791666667,0,0x0003,
2.510361458333333,0,0x2419,
2.510461750000000,0,0x0005,
2.510469416666667,0,0x2D1D,
2.510618083333333,0,0x0006,
2.510625750000000,0,0x3B11,
2.510799166666667,0,0x000A,
2.510806833333334,0,0x4115,
2.511077208333333,0,0x0004,
2.511084875000000,0,0x0329,
2.511209916666667,0,0x0001,
2.511217625000000,0,0x1D2D,
2.511269458333333,0,0x0003,
2.511277125000000,0,0x2421,
2.511376958333333,0,0x0005,
2.511384666666667,0,0x2D25,
2.511533208333333,0,0x0006,
2.511540916666667,0,0x3B29,
2.511713333333333,0,0x000A,
2.511721000000000,0,0x412D,
2.519530291666667,0,0x0C3F,
2.519538000000000,0,0x0603,
2.519565375000000,0,0x0004,
2.519573083333333,0,0x0315,
2.519699750000000,0,0x0004,
2.519707458333333,0,0x0319,
2.519833250000000,0,0x0004,
2.519840958333333,0,0x031D,
2.519967458333333,0,0x0004,
2.519975125000000,0,0x0311,
2.520101500000000,0,0x0004,
2.520109166666667,0,0x0315,
2.520235208333333,0,0x0001,
2.520242875000000,0,0x1D19,
2.520295291666667,0,0x0003,
2.520302958333333,0,0x241D,
2.520403750000000,0,0x0005,
2.520411416666667,0,0x2D11,
2.520561041666667,0,0x0006,
2.520568708333333,0,0x3B15,
2.520742500000000,0,0x000A,
2.520750208333333,0,0x4119,
2.521021125000000,0,0x0004,
2.521028791666667,0,0x032D,
2.521154791666667,0,0x0001,
2.521162458333333,0,0x1D21,
2.521214000000000,0,0x0003,
2.521221708333333,0,0x2425,
2.521321875000000,0,0x0005,
2.521329541666667,0,0x2D29,
2.521479000000000,0,0x0006,
2.521486666666667,0,0x3B2D,
2.521659291666666,0,0x000A,
2.521667000000000,0,0x4121,
2.529533583333333,0,0x1C3F,
2.529541291666667,0,0x0607,
2.529568541666666,0,0x0004,
2.529576208333333,0,0x0319,
2.529703500000000,0,0x0004,
2.529711166666667,0,0x031D,
2.529837666666667,0,0x0004,
2.529845375000000,0,0x0311,
2.529972041666666,0,0x0004,
2.529979708333333,0,0x0315,
2.530105833333333,0,0x0004,
2.530113541666667,0,0x0319,
2.530239375000000,0,0x0001,
2.530247083333333,0,0x1D1D,
2.530298958333333,0,0x0003,
2.530306666666667,0,0x2411,
2.530406916666667,0,0x0005,
2.530414583333333,0,0x2D15,
2.530563041666666,0,0x0006,
2.530570708333333,0,0x3B19,
2.530744291666667,0,0x000A,
2.530752000000000,0,0x411D,
2.531022583333333,0,0x0004,
2.531030250000000,0,0x0321,
2.531155625000000,0,0x0001,
2.531163291666667,0,0x1D25,
2.531215708333333,0,0x0003,
2.531223375000000,0,0x2429,
2.531323333333333,0,0x0005,
2.531331041666667,0,0x2D2D,
2.531480416666667,0,0x0006,
2.531488083333334,0,0x3B21,
2.531661208333333,0,0x000A,
2.531668875000000,0,0x4125,
2.539527791666667,0,0x2C3F,
2.539535500000000,0,0x060B,
2.539562958333333,0,0x0004,
2.539570625000000,0,0x031D,
2.539697166666667,0,0x0004,
2.539704833333333,0,0x0311,
2.539831500000000,0,0x0004,
2.539839166666667,0,0x0315,
2.539965333333333,0,0x0004,
2.539973000000000,0,0x0319,
2.540100375000000,0,0x0004,
2.540108083333333,0,0x031D,
2.540234750000000,0,0x0001,
2.540242416666667,0,0x1D11,
2.540294375000000,0,0x0003,
2.540302041666667,0,0x2415,
2.540403458333333,0,0x0005,
2.540411125000000,0,0x2D19,
2.540561250000000,0,0x0006,
2.540568916666667,0,0x3B1D,
2.540742000000000,0,0x000A,
2.540749708333333,0,0x4111,
2.541020666666667,0,0x0004,
2.541028333333333,0,0x0325,
2.541155166666667,0,0x0001,
2.541162833333333,0,0x1D29,
2.541215208333333,0,0x0003,
2.541222916666667,0,0x242D,
2.541322291666666,0,0x0005,
2.541330000000000,0,0x2D21,
2.541479041666667,0,0x0006,
2.541486750000000,0,0x3B25,
2.541659458333333,0,0x000A,
2.541667125000000,0,0x4129,
2.549528750000000,0,0x3C3F,
2.549536416666667,0,0x060F,
2.549564250000000,0,0x0004,
2.549571916666667,0,0x0311,
2.549698166666666,0,0x0004,
2.549705833333333,0,0x0315,
2.549832416666667,0,0x0004,
2.549840083333333,0,0x0319,
2.549965458333333,0,0x0004,
2.549973166666667,0,0x031D,
2.550099208333333,0,0x0004,
2.550106916666667,0,0x0311,
2.550233291666667,0,0x0001,
2.550240958333333,0,0x1D15,
2.550293583333333,0,0x0003,
2.550301250000000,0,0x2419,
2.550401458333333,0,0x0005,
2.550409125000000,0,0x2D1D,
2.550558125000000,0,0x0006,
2.550565791666667,0,0x3B11,
2.550738541666667,0,0x000A,
2.550746208333333,0,0x4115,
2.551017250000000,0,0x0004,
2.551024916666667,0,0x0329,
2.551151250000000,0,0x0001,
2.551158916666667,0,0x1D2D,
2.551211291666667,0,0x0003,
2.551218958333333,0,0x2421,
2.551319000000000,0,0x0005,
2.551326708333333,0,0x2D25,
2.551475958333334,0,0x0006,
2.551483625000000,0,0x3B29,
2.551656125000000,0,0x000A,
2.551663833333333,0,0x412D,
2.559671958333333,0,0x4C3F,
2.559679666666667,0,0x0603,
2.559707083333334,0,0x0004,
2.559714750000000,0,0x0315,
2.559841208333333,0,0x0004,
2.559848875000000,0,0x0319,
2.559975708333333,0,0x0004,
2.559983375000000,0,0x031D,
2.560109458333333,0,0x0004,
2.560117125000000,0,0x0311,
2.560242750000000,0,0x0004,
2.560250458333333,0,0x0315,
2.560376750000000,0,0x0001,
2.560384458333334,0,0x1D19,
2.560436458333333,0,0x0003,
2.560444125000000,0,0x241D,
2.560545041666667,0,0x0005,
2.560552708333333,0,0x2D11,
2.560702541666667,0,0x0006,
2.560710250000000,0,0x3B15,
2.560883916666667,0,0x000A,
2.560891583333333,0,0x4119,
2.561162458333333,0,0x0004,
2.561170125000000,0,0x032D,
2.561295625000000,0,0x0001,
2.561303291666666,0,0x1D21,
2.561355583333333,0,0x0003,
2.561363291666667,0,0x2425,
2.561463666666667,0,0x0005,
2.561471375000000,0,0x2D29,
2.561619125000000,0,0x0006,
2.561626833333333,0,0x3B2D,
2.561798916666667,0,0x000A,
2.561806583333333,0,0x4121,
2.569543125000000,0,0x5C3F,
2.569550791666666,0,0x0607,
2.569578541666667,0,0x0004,
2.569586250000000,0,0x0319,
2.569712250000000,0,0x0004,
2.569719958333333,0,0x031D,
2.569847208333333,0,0x0004,
2.569854875000000,0,0x0311,
2.569981125000000,0,0x0004,
2.569988791666667,0,0x0315,
2.570116083333333,0,0x0004,
2.570123750000000,0,0x0319,
2.570250250000000,0,0x0001,
2.570257916666667,0,0x1D1D,
2.570310000000000,0,0x0003,
2.570317708333334,0,0x2411,
2.570419083333333,0,0x0005,
2.570426791666667,0,0x2D15,
2.570576333333333,0,0x0006,
2.570584000000000,0,0x3B19,
2.570757333333333,0,0x000A,
2.570765000000000,0,0x411D,
2.571035083333333,0,0x0004,
2.571042750000000,0,0x0321,
2.571167500000000,0,0x0001,
2.571175208333333,0,0x1D25,
2.571227125000000,0,0x0003,
2.571234791666666,0,0x2429,
2.571335083333333,0,0x0005,
2.571342791666666,0,0x2D2D,
2.571492750000000,0,0x0006,
2.571500416666667,0,0x3B21,
2.571672333333333,0,0x000A,
2.571680000000000,0,0x4125,
2.579528416666667,0,0x6C3F,
2.579536083333333,0,0x060B,
2.579563375000000,0,0x0004,
2.579571041666667,0,0x031D,
2.579697166666667,0,0x0004,
2.579704833333333,0,0x0311,
2.579830916666667,0,0x0004,
2.579838625000000,0,0x0315,
2.579963958333333,0,0x0004,
2.579971625000000,0,0x0319,
2.580097625000000,0,0x0004,
2.580105291666666,0,0x031D,
2.580231166666667,0,0x0001,
2.580238833333333,0,0x1D11,
2.580291083333333,0,0x0003,
2.580298750000000,0,0x2415,
2.580399458333333,0,0x0005,
2.580407125000000,0,0x2D19,
2.580555666666667,0,0x0006,
2.580563333333334,0,0x3B1D,
2.580736875000000,0,0x000A,
2.580744583333333,0,0x4111,
2.581014833333333,0,0x0004,
2.581022500000000,0,0x0325,
2.581148166666666,0,0x0001,
2.581155875000000,0,0x1D29,
2.581208000000000,0,0x0003,
2.581215666666667,0,0x242D,
2.581315208333333,0,0x0005,
2.581322916666667,0,0x2D21,
2.581472875000000,0,0x0006,
2.581480541666667,0,0x3B25,
2.581652875000000,0,0x000A,
2.581660583333333,0,0x4129,
2.589531500000000,0,0x7C3F,
2.589539166666667,0,0x060F,
2.589566416666667,0,0x0004,
2.589574083333333,0,0x0311,
2.589701375000000,0,0x0004,
2.589709041666667,0,0x0315,
2.589835333333333,0,0x0004,
2.589843000000000,0,0x0319,
2.589968458333333,0,0x0004,
2.589976125000000,0,0x031D,
2.590102666666667,0,0x0004,
2.590110375000000,0,0x0311,
2.590235416666667,0,0x0001,
2.590243125000000,0,0x1D15,
2.590295791666667,0,0x0003,
2.590303458333334,0,0x2419,
2.590404416666667,0,0x0005,
2.590412125000000,0,0x2D1D,
2.590561541666667,0,0x0006,
2.590569208333333,0,0x3B11,
2.590742708333333,0,0x000A,
2.590750416666667,0,0x4115,
2.591020583333334,0,0x0004,
2.591028250000000,0,0x0329,
2.591153916666667,0,0x0001,
2.591161583333333,0,0x1D2D,
2.591213500000000,0,0x0003,
2.591221166666667,0,0x2421,
2.591320625000000,0,0x0005,
2.591328291666667,0,0x2D25,
2.591478166666667,0,0x0006,
2.591485833333333,0,0x3B29,
2.591657291666666,0,0x000A,
2.591664958333333,0,0x412D,
2.599534666666667,0,0x8C3F,
2.599542375000000,0,0x0603,
2.599569750000000,0,0x0004,
2.599577416666667,0,0x0315,
2.599703958333333,0,0x0004,
2.599711666666667,0,0x0319,
2.599837916666667,0,0x0004,
2.599845583333333,0,0x031D,
2.599971041666667,0,0x0004,
2.599978708333333,0,0x0311,
2.600105333333333,0,0x0004,
2.600113041666666,0,0x0315,
2.600239250000000,0,0x0001,
2.600246916666667,0,0x1D19,
2.600299166666667,0,0x0003,
2.600306875000000,0,0x241D,
2.600407166666667,0,0x0005,
2.600414875000000,0,0x2D11,
2.600563458333333,0,0x0006,
2.600571125000000,0,0x3B15,
2.600744083333333,0,0x000A,
2.600751750000000,0,0x4119,
2.601023291666666,0,0x0004,
2.601030958333333,0,0x032D,
2.601156708333333,0,0x0001,
2.601164416666667,0,0x1D21,
2.601216500000000,0,0x0003,
2.601224166666666,0,0x2425,
2.601324375000000,0,0x0005,
2.601332041666667,0,0x2D29,
2.601481708333333,0,0x0006,
2.601489375000000,0,0x3B2D,
2.601661666666667,0,0x000A,
2.601669333333333,0,0x4121,
2.609530500000000,0,0x9C3F,
2.609538208333333,0,0x0607,
2.609565625000000,0,0x0004,
2.609573333333334,0,0x0319,
2.609699958333333,0,0x0004,
2.609707666666667,0,0x031D,
2.609834083333333,0,0x0004,
2.609841791666667,0,0x0311,
2.609967750000000,0,0x0004,
2.609975416666667,0,0x0315,
2.610101791666667,0,0x0004,
2.610109500000000,0,0x0319,
2.610235833333333,0,0x0001,
2.610243500000000,0,0x1D1D,
2.610295791666667,0,0x0003,
2.610303458333334,0,0x2411,
2.610403791666667,0,0x0005,
2.610411458333334,0,0x2D15,
2.610560791666667,0,0x0006,
2.610568458333333,0,0x3B19,
2.610741125000000,0,0x000A,
2.610748791666667,0,0x411D,
2.611019750000000,0,0x0004,
2.611027416666666,0,0x0321,
2.611153458333333,0,0x0001,
2.611161125000000,0,0x1D25,
2.611213250000000,0,0x0003,
2.611220916666666,0,0x2429,
2.611321375000000,0,0x0005,
2.611329041666667,0,0x2D2D,
2.611478583333333,0,0x0006,
2.611486250000000,0,0x3B21,
2.611658541666667,0,0x000A,
2.611666208333333,0,0x4125,
2.619541416666667,0,0xAC3F,
2.619549083333333,0,0x060B,
2.619576875000000,0,0x0004,
2.619584541666667,0,0x031D,
2.619711458333333,0,0x0004,
2.619719125000000,0,0x0311,
2.619845291666667,0,0x0004,
2.619852958333333,0,0x0315,
2.619979750000000,0,0x0004,
2.619987458333333,0,0x0319,
2.620114208333333,0,0x0004,
2.620121875000000,0,0x031D,
2.620247958333333,0,0x0001,
2.620255625000000,0,0x1D11,
2.620307875000000,0,0x0003,
2.620315541666667,0,0x2415,
2.620416291666666,0,0x0005,
2.620424000000000,0,0x2D19,
2.620573916666667,0,0x0006,
2.620581625000000,0,0x3B1D,
2.620755000000000,0,0x000A,
2.620762666666667,0,0x4111,
2.621034125000000,0,0x0004,
2.621041833333333,0,0x0325,
2.621167500000000,0,0x0001,
2.621175166666667,0,0x1D29,
2.621227041666667,0,0x0003,
2.621234708333333,0,0x242D,
2.621334791666666,0,0x0005,
2.621342458333333,0,0x2D21,
2.621492291666667,0,0x0006,
2.621500000000000,0,0x3B25,
2.621672000000000,0,0x000A,
2.621679666666667,0,0x4129,
2.629543333333333,0,0xBC3F,
2.629551000000000,0,0x060F,
2.629578625000000,0,0x0004,
2.629586291666667,0,0x0311,
2.629713208333333,0,0x0004,
2.629720875000000,0,0x0315,
2.629847375000000,0,0x0004,
2.629855041666667,0,0x0319,
2.629981375000000,0,0x0004,
2.629989083333333,0,0x031D,
2.630115333333333,0,0x0004,
2.630123041666667,0,0x0311,
2.630248750000000,0,0x0001,
2.630256458333333,0,0x1D15,
2.630308750000000,0,0x0003,
2.630316458333333,0,0x2419,
2.630418000000000,0,0x0005,
2.630425666666667,0,0x2D1D,
2.630574541666667,0,0x0006,
2.630582208333333,0,0x3B11,
2.630755791666667,0,0x000A,
2.630763458333333,0,0x4115,
2.631033916666667,0,0x0004,
2.631041625000000,0,0x0329,
2.631167041666667,0,0x0001,
2.631174708333333,0,0x1D2D,
2.631226875000000,0,0x0003,
2.631234541666667,0,0x2421,
2.631334083333333,0,0x0005,
2.631341750000000,0,0x2D25,
2.631492041666667,0,0x0006,
2.631499750000000,0,0x3B29,
2.631671541666667,0,0x000A,
2.631679208333333,0,0x412D,
2.639540291666667,0,0xCC3F,
2.639548000000000,0,0x0603,
2.639575041666667,0,0x0004,
2.639582750000000,0,0x0315,
2.639709458333333,0,0x0004,
2.639717166666667,0,0x0319,
2.639844083333333,0,0x0004,
2.639851750000000,0,0x031D,
2.639977833333333,0,0x0004,
2.639985500000000,0,0x0311,
2.640112291666667,0,0x0004,
2.640120000000000,0,0x0315,
2.640246458333333,0,0x0001,
2.640254125000000,0,0x1D19,
2.640305833333333,0,0x0003,
2.640313500000000,0,0x241D,
2.640413416666667,0,0x0005,
2.640421083333333,0,0x2D11,
2.640570041666667,0,0x0006,
2.640577708333333,0,0x3B15,
2.640750750000000,0,0x000A,
2.640758416666667,0,0x4119,
2.641029625000000,0,0x0004,
2.641037291666667,0,0x032D,
2.641163041666667,0,0x0001,
2.641170750000000,0,0x1D21,
2.641222791666667,0,0x0003,
2.641230500000000,0,0x2425,
2.641330875000000,0,0x0005,
2.641338541666667,0,0x2D29,
2.641487708333333,0,0x0006,
2.641495375000000,0,0x3B2D,
2.641667791666667,0,0x000A,
2.641675500000000,0,0x4121,
2.649545625000000,0,0xDC3F,
2.649553291666667,0,0x0607,
2.649580875000000,0,0x0004,
2.649588541666667,0,0x0319,
2.649715208333333,0,0x0004,
2.649722875000000,0,0x031D,
2.649849708333333,0,0x0004,
2.649857416666667,0,0x0311,
2.649983166666666,0,0x0004,
2.649990833333333,0,0x0315,
2.650117583333333,0,0x0004,
2.650125291666667,0,0x0319,
2.650251500000000,0,0x0001,
2.650259166666667,0,0x1D1D,
2.650311375000000,0,0x0003,
2.650319041666667,0,0x2411,
2.650419875000000,0,0x0005,
2.650427541666667,0,0x2D15,
2.650576791666666,0,0x0006,
2.650584458333333,0,0x3B19,
2.650757791666666,0,0x000A,
2.650765458333333,0,0x411D,
2.651035708333333,0,0x0004,
2.651043375000000,0,0x0321,
2.651168375000000,0,0x0001,
2.651176083333334,0,0x1D25,
2.651228166666667,0,0x0003,
2.651235833333333,0,0x2429,
2.651335708333333,0,0x0005,
2.651343375000000,0,0x2D2D,
2.651493541666667,0,0x0006,
2.651501208333333,0,0x3B21,
2.651673875000000,0,0x000A,
2.651681583333333,0,0x4125,
2.659714541666667,0,0xEC3F,
2.659722250000000,0,0x060B,
2.659749750000000,0,0x0004,
2.659757416666667,0,0x031D,
2.659883833333333,0,0x0004,
2.659891500000000,0,0x0311,
2.660018166666667,0,0x0004,
2.660025833333334,0,0x0315,
2.660151250000000,0,0x0004,
2.660158916666667,0,0x0319,
2.660284750000000,0,0x0004,
2.660292458333333,0,0x031D,
2.660418541666667,0,0x0001,
2.660426208333333,0,0x1D11,
2.660479083333333,0,0x0003,
2.660486750000000,0,0x2415,
2.660588041666667,0,0x0005,
2.660595708333333,0,0x2D19,
2.660745333333333,0,0x0006,
2.660753000000000,0,0x3B1D,
2.660926833333333,0,0x000A,
2.660934541666667,0,0x4111,
2.661204791666667,0,0x0004,
2.661212458333333,0,0x0325,
2.661337500000000,0,0x0001,
2.661345208333334,0,0x1D29,
2.661397041666667,0,0x0003,
2.661404708333333,0,0x242D,
2.661504958333333,0,0x0005,
2.661512625000000,0,0x2D21,
2.661661625000000,0,0x0006,
2.661669333333333,0,0x3B25,
2.661841250000000,0,0x000A,
2.661848916666667,0,0x4129,
2.669586875000000,0,0xFC3F,
2.669594583333333,0,0x060F,
2.669622625000000,0,0x0004,
2.669630333333334,0,0x0311,
2.669756708333333,0,0x0004,
2.669764416666667,0,0x0315,
2.669891625000000,0,0x0004,
2.669899291666667,0,0x0319,
2.670025875000000,0,0x0004,
2.670033541666667,0,0x031D,
2.670159375000000,0,0x0004,
2.670167041666667,0,0x0311,
2.670292833333333,0,0x0001,
2.670300500000000,0,0x1D15,
2.670353291666667,0,0x0003,
2.670360958333333,0,0x2419,
2.670462125000000,0,0x0005,
2.670469791666667,0,0x2D1D,
2.670619791666667,0,0x0006,
2.670627458333333,0,0x3B11,
2.670800875000000,0,0x000A,
2.670808541666667,0,0x4115,
2.671078375000000,0,0x0004,
2.671086041666667,0,0x0329,
2.671211166666667,0,0x0001,
2.671218875000000,0,0x1D2D,
2.671270708333333,0,0x0003,
2.671278416666667,0,0x2421,
2.671378541666667,0,0x0005,
2.671386250000000,0,0x2D25,
2.671534833333333,0,0x0006,
2.671542500000000,0,0x3B29,
2.671714416666667,0,0x000A,
2.671722083333333,0,0x412D,
2.679554208333333,0,0x0C3F,
2.679561875000000,0,0x0603,
2.679588708333333,0,0x0004,
2.679596375000000,0,0x0315,
2.679723416666667,0,0x0004,
2.679731083333333,0,0x0319,
2.679857041666667,0,0x0004,
2.679864708333333,0,0x031D,
2.679991208333333,0,0x0004,
2.679998875000000,0,0x0311,
2.680126166666667,0,0x0004,
2.680133833333334,0,0x0315,
2.680259750000000,0,0x0001,
2.680267416666667,0,0x1D19,
2.680319541666667,0,0x0003,
2.680327250000000,0,0x241D,
2.680428375000000,0,0x0005,
2.680436041666667,0,0x2D11,
2.680584875000000,0,0x0006,
2.680592583333334,0,0x3B15,
2.680765583333333,0,0x000A,
2.680773250000000,0,0x4119,
2.681045000000000,0,0x0004,
2.681052666666667,0,0x032D,
2.681178458333333,0,0x0001,
2.681186125000000,0,0x1D21,
2.681239083333333,0,0x0003,
2.681246750000000,0,0x2425,
2.681347250000000,0,0x0005,
2.681354916666667,0,0x2D29,
2.681503208333333,0,0x0006,
2.681510875000000,0,0x3B2D,
2.681683000000000,0,0x000A,
2.681690666666666,0,0x4121,
2.689552791666667,0,0x1C3F,
2.689560458333333,0,0x0607,
2.689587875000000,0,0x0004,
2.689595541666667,0,0x0319,
2.689722708333333,0,0x0004,
2.689730416666666,0,0x031D,
2.689857750000000,0,0x0004,
2.689865416666667,0,0x0311,
2.689991583333333,0,0x0004,
2.689999250000000,0,0x0315,
2.690125541666667,0,0x0004,
2.690133208333333,0,0x0319,
2.690260083333333,0,0x0001,
2.690267791666667,0,0x1D1D,
2.690319333333334,0,0x0003,
2.690327000000000,0,0x2411,
2.690427875000000,0,0x0005,
2.690435541666667,0,0x2D15,
2.690584125000000,0,0x0006,
2.690591791666667,0,0x3B19,
2.690764791666667,0,0x000A,
2.690772458333333,0,0x411D,
2.691042750000000,0,0x0004,
2.691050416666667,0,0x0321,
2.691176250000000,0,0x0001,
2.691183916666667,0,0x1D25,
2.691236500000000,0,0x0003,
2.691244166666667,0,0x2429,
2.691344416666666,0,0x0005,
2.691352083333333,0,0x2D2D,
2.691501208333333,0,0x0006,
2.691508875000000,0,0x3B21,
2.691682333333334,0,0x000A,
2.691690041666666,0,0x4125,
2.699561083333333,0,0x2C3F,
2.699568750000000,0,0x060B,
2.699596583333333,0,0x0004,
2.699604250000000,0,0x031D,
2.699730875000000,0,0x0004,
2.699738541666667,0,0x0311,
2.699865541666667,0,0x0004,
2.699873250000000,0,0x0315,
2.699999916666667,0,0x0004,
2.700007583333333,0,0x0319,
2.700134125000000,0,0x0004,
2.700141791666667,0,0x031D,
2.700268750000000,0,0x0001,
2.700276416666667,0,0x1D11,
2.700329000000000,0,0x0003,
2.700336708333333,0,0x2415,
2.700437666666667,0,0x0005,
2.700445333333333,0,0x2D19,
2.700595208333334,0,0x0006,
2.700602875000000,0,0x3B1D,
2.700776708333333,0,0x000A,
2.700784375000000,0,0x4111,
2.701054708333333,0,0x0004,
2.701062375000000,0,0x0325,
2.701188375000000,0,0x0001,
2.701196083333333,0,0x1D29,
2.701247625000000,0,0x0003,
2.701255291666667,0,0x242D,
2.701355500000000,0,0x0005,
2.701363166666667,0,0x2D21,
2.701510958333333,0,0x0006,
2.701518625000000,0,0x3B25,
2.701690625000000,0,0x000A,
2.701698291666667,0,0x4129,
2.709552458333333,0,0x3C3F,
2.709560166666667,0,0x060F,
2.709588083333333,0,0x0004,
2.709595791666667,0,0x0311,
2.709722541666667,0,0x0004,
2.709730208333333,0,0x0315,
2.709856541666666,0,0x0004,
2.709864208333333,0,0x0319,
2.709989833333333,0,0x0004,
2.709997541666667,0,0x031D,
2.710123333333333,0,0x0004,
2.710131041666667,0,0x0311,
2.710256875000000,0,0x0001,
2.710264541666667,0,0x1D15,
2.710316458333333,0,0x0003,
2.710324166666667,0,0x2419,
2.710425208333333,0,0x0005,
2.710432875000000,0,0x2D1D,
2.710582583333333,0,0x0006,
2.710590250000000,0,0x3B11,
2.710763666666667,0,0x000A,
2.710771333333333,0,0x4115,
2.711041625000000,0,0x0004,
2.711049333333333,0,0x0329,
2.711174958333333,0,0x0001,
2.711182625000000,0,0x1D2D,
2.711234833333333,0,0x0003,
2.711242541666667,0,0x2421,
2.711342250000000,0,0x0005,
2.711349958333333,0,0x2D25,
2.711498791666667,0,0x0006,
2.711506500000000,0,0x3B29,
2.711678875000000,0,0x000A,
2.711686541666666,0,0x412D,
2.719562250000000,0,0x4C3F,
2.719569916666666,0,0x0603,
2.719597083333333,0,0x0004,
2.719604750000000,0,0x0315,
2.719730666666667,0,0x0004,
2.719738333333333,0,0x0319,
2.719864291666667,0,0x0004,
2.719871958333334,0,0x031D,
2.719998833333333,0,0x0004,
2.720006500000000,0,0x0311,
2.720133166666667,0,0x0004,
2.720140833333333,0,0x0315,
2.720267583333333,0,0x0001,
2.720275250000000,0,0x1D19,
2.720327166666667,0,0x0003,
2.720334833333333,0,0x241D,
2.720435500000000,0,0x0005,
2.720443166666667,0,0x2D11,
2.720591791666667,0,0x0006,
2.720599500000000,0,0x3B15,
2.720772833333333,0,0x000A,
2.720780500000000,0,0x4119,
2.721051125000000,0,0x0004,
2.721058791666667,0,0x032D,
2.721183750000000,0,0x0001,
2.721191416666667,0,0x1D21,
2.721243041666667,0,0x0003,
2.721250750000000,0,0x2425,
2.721350958333333,0,0x0005,
2.721358666666667,0,0x2D29,
2.721508791666666,0,0x0006,
2.721516458333333,0,0x3B2D,
2.721688166666667,0,0x000A,
2.721695875000000,0,0x4121,
2.729549375000000,0,0x5C3F,
2.729557041666667,0,0x0607,
2.729584708333333,0,0x0004,
2.729592416666667,0,0x0319,
2.729718916666667,0,0x0004,
2.729726625000000,0,0x031D,
2.729852500000000,0,0x0004,
2.729860208333333,0,0x0311,
2.729986000000000,0,0x0004,
2.729993666666667,0,0x0315,
2.730119166666667,0,0x0004,
2.730126833333333,0,0x0319,
2.730253250000000,0,0x0001,
2.730260916666666,0,0x1D1D,
2.730313041666667,0,0x0003,
2.730320708333333,0,0x2411,
2.730421583333333,0,0x0005,
2.730429250000000,0,0x2D15,
2.730578416666666,0,0x0006,
2.730586083333333,0,0x3B19,
2.730759750000000,0,0x000A,
2.730767416666667,0,0x411D,
2.731038000000000,0,0x0004,
2.731045708333333,0,0x0321,
2.731172291666667,0,0x0001,
2.731179958333333,0,0x1D25,
2.731232000000000,0,0x0003,
2.731239708333333,0,0x2429,
2.731339416666667,0,0x0005,
2.731347083333334,0,0x2D2D,
2.731496291666667,0,0x0006,
2.731503958333333,0,0x3B21,
2.731675833333334,0,0x000A,
2.731683500000000,0,0x4125,
2.739545083333333,0,0x6C3F,
2.739552750000000,0,0x060B,
2.739580583333333,0,0x0004,
2.739588291666667,0,0x031D,
2.739714875000000,0,0x0004,
2.739722541666667,0,0x0311,
2.739849041666667,0,0x0004,
2.739856708333333,0,0x0315,
2.739982291666667,0,0x0004,
2.739989958333333,0,0x0319,
2.740116666666667,0,0x0004,
2.740124333333333,0,0x031D,
2.740250625000000,0,0x0001,
2.740258291666667,0,0x1D11,
2.740310875000000,0,0x0003,
2.740318541666667,0,0x2415,
2.740419333333334,0,0x0005,
2.740427041666667,0,0x2D19,
2.740577291666667,0,0x0006,
2.740584958333333,0,0x3B1D,
2.740757958333333,0,0x000A,
2.740765666666667,0,0x4111,
2.741035500000000,0,0x0004,
2.741043208333333,0,0x0325,
2.741169541666667,0,0x0001,
2.741177208333333,0,0x1D29,
2.741229333333334,0,0x0003,
2.741237000000000,0,0x242D,
2.741336916666667,0,0x0005,
2.741344583333333,0,0x2D21,
2.741494291666667,0,0x0006,
2.741502000000000,0,0x3B25,
2.741673666666667,0,0x000A,
2.741681333333333,0,0x4129,
2.749550875000000,0,0x7C3F,
2.749558541666667,0,0x060F,
2.749585750000000,0,0x0004,
2.749593416666666,0,0x0311,
2.749720375000000,0,0x0004,
2.749728083333333,0,0x0315,
2.749854250000000,0,0x0004,
2.749861916666667,0,0x0319,
2.749987916666667,0,0x0004,
2.749995583333333,0,0x031D,
2.750122583333333,0,0x0004,
2.750130250000000,0,0x0311,
2.750256000000000,0,0x0001,
2.750263666666667,0,0x1D15,
2.750316500000000,0,0x0003,
2.750324166666667,0,0x2419,
2.750424916666667,0,0x0005,
2.750432583333333,0,0x2D1D,
2.750582708333333,0,0x0006,
2.750590375000000,0,0x3B11,
2.750763583333333,0,0x000A,
2.750771250000000,0,0x4115,
2.751041708333333,0,0x0004,
2.751049416666667,0,0x0329,
2.751175166666667,0,0x0001,
2.751182875000000,0,0x1D2D,
2.751234208333333,0,0x0003,
2.751241875000000,0,0x2421,
2.751342166666667,0,0x0005,
2.751349875000000,0,0x2D25,
2.751499500000000,0,0x0006,
2.751507166666667,0,0x3B29,
2.751679541666667,0,0x000A,
2.751687208333333,0,0x412D,
2.759680708333333,0,0x8C3F,
2.759688375000000,0,0x0603,
2.759716333333333,0,0x0004,
2.759724000000000,0,0x0315,
2.759850000000000,0,0x0004,
2.759857708333334,0,0x0319,
2.759983666666667,0,0x0004,
2.759991333333333,0,0x031D,
2.760117125000000,0,0x0004,
2.760124791666667,0,0x0311,
2.760250500000000,0,0x0004,
2.760258166666667,0,0x0315,
2.760384791666667,0,0x0001,
2.760392458333333,0,0x1D19,
2.760444333333333,0,0x0003,
2.760452000000000,0,0x241D,
2.760552458333333,0,0x0005,
2.760560166666667,0,0x2D11,
2.760710000000000,0,0x0006,
2.760717666666667,0,0x3B15,
2.760891375000000,0,0x000A,
2.760899041666667,0,0x4119,
2.761169875000000,0,0x0004,
2.761177541666667,0,0x032D,
2.761303541666666,0,0x0001,
2.761311250000000,0,0x1D21,
2.761363833333333,0,0x0003,
2.761371500000000,0,0x2425,
2.761470958333333,0,0x0005,
2.761478666666667,0,0x2D29,
2.761626750000000,0,0x0006,
2.761634416666667,0,0x3B2D,
2.761806958333333,0,0x000A,
2.761814625000000,0,0x4121,
2.769553416666667,0,0x9C3F,
2.769561083333334,0,0x0607,
2.769587958333333,0,0x0004,
2.769595625000000,0,0x0319,
2.769722583333333,0,0x0004,
2.769730250000000,0,0x031D,
2.769857083333333,0,0x0004,
2.769864750000000,0,0x0311,
2.769991166666667,0,0x0004,
2.769998875000000,0,0x0315,
2.770125291666667,0,0x0004,
2.770132958333333,0,0x0319,
2.770258958333333,0,0x0001,
2.770266625000000,0,0x1D1D,
2.770318791666667,0,0x0003,
2.770326458333333,0,0x2411,
2.770428041666666,0,0x0005,
2.770435750000000,0,0x2D15,
2.770584666666667,0,0x0006,
2.770592333333334,0,0x3B19,
2.770765458333333,0,0x000A,
2.770773125000000,0,0x411D,
2.771043083333333,0,0x0004,
2.771050750000000,0,0x0321,
2.771175958333334,0,0x0001,
2.771183625000000,0,0x1D25,
2.771235416666667,0,0x0003,
2.771243083333333,0,0x2429,
2.771342666666667,0,0x0005,
2.771350375000000,0,0x2D2D,
2.771500125000000,0,0x0006,
2.771507791666667,0,0x3B21,
2.771680250000000,0,0x000A,
2.771687916666667,0,0x4125,
2.779570416666667,0,0xAC3F,
2.779578125000000,0,0x060B,
2.779605416666667,0,0x0004,
2.779613083333333,0,0x031D,
2.779739291666667,0,0x0004,
2.779746958333333,0,0x0311,
2.779873666666667,0,0x0004,
2.779881333333333,0,0x0315,
2.780007958333333,0,0x0004,
2.780015666666667,0,0x0319,
2.780142541666667,0,0x0004,
2.780150208333333,0,0x031D,
2.780276208333333,0,0x0001,
2.780283916666667,0,0x1D11,
2.780335958333333,0,0x0003,
2.780343666666667,0,0x2415,
2.780444833333333,0,0x0005,
2.780452541666667,0,0x2D19,
2.780602250000000,0,0x0006,
2.780609916666667,0,0x3B1D,
2.780783250000000,0,0x000A,
2.780790958333333,0,0x4111,
2.781062000000000,0,0x0004,
2.781069708333333,0,0x0325,
2.781195708333333,0,0x0001,
2.781203416666667,0,0x1D29,
2.781255791666667,0,0x0003,
2.781263458333334,0,0x242D,
2.781363583333333,0,0x0005,
2.781371291666667,0,0x2D21,
2.781519833333333,0,0x0006,
2.781527500000000,0,0x3B25,
2.781699541666667,0,0x000A,
2.781707208333333,0,0x4129,
2.789597000000000,0,0xBC3F,
2.789604708333334,0,0x060F,
2.789632666666667,0,0x0004,
2.789640375000000,0,0x0311,
2.789766916666667,0,0x0004,
2.789774625000000,0,0x0315,
2.789900750000000,0,0x0004,
2.789908458333333,0,0x0319,
2.790034875000000,0,0x0004,
2.790042583333333,0,0x031D,
2.790167500000000,0,0x0004,
2.790175208333333,0,0x0311,
2.790300666666667,0,0x0001,
2.790308375000000,0,0x1D15,
2.790360583333333,0,0x0003,
2.790368250000000,0,0x2419,
2.790468875000000,0,0x0005,
2.790476541666667,0,0x2D1D,
2.790626125000000,0,0x0006,
2.790633791666667,0,0x3B11,
2.790807500000000,0,0x000A,
2.790815208333334,0,0x4115,
2.791085916666667,0,0x0004,
2.791093583333333,0,0x0329,
2.791218458333333,0,0x0001,
2.791226166666667,0,0x1D2D,
2.791277666666667,0,0x0003,
2.791285375000000,0,0x2421,
2.791385875000000,0,0x0005,
2.791393541666667,0,0x2D25,
2.791542083333333,0,0x0006,
2.791549791666667,0,0x3B29,
2.791722125000000,0,0x000A,
2.791729833333333,0,0x412D,
2.799558666666667,0,0xCC3F,
2.799566333333333,0,0x0603,
2.799593708333334,0,0x0004,
2.799601375000000,0,0x0315,
2.799727458333333,0,0x0004,
2.799735125000000,0,0x0319,
2.799861250000000,0,0x0004,
2.799868916666667,0,0x031D,
2.799994541666667,0,0x0004,
2.800002208333333,0,0x0311,
2.800128541666667,0,0x0004,
2.800136250000000,0,0x0315,
2.800262333333333,0,0x0001,
2.800270041666667,0,0x1D19,
2.800322583333333,0,0x0003,
2.800330250000000,0,0x241D,
2.800430875000000,0,0x0005,
2.800438541666667,0,0x2D11,
2.800587583333333,0,0x0006,
2.800595250000000,0,0x3B15,
2.800767916666667,0,0x000A,
2.800775625000000,0,0x4119,
2.801046375000000,0,0x0004,
2.801054041666667,0,0x032D,
2.801179458333333,0,0x0001,
2.801187166666667,0,0x1D21,
2.801239333333333,0,0x0003,
2.801247000000000,0,0x2425,
2.801346875000000,0,0x0005,
2.801354541666667,0,0x2D29,
2.801503833333333,0,0x0006,
2.801511541666667,0,0x3B2D,
2.801684333333333,0,0x000A,
2.801692000000000,0,0x4121,
2.809550791666667,0,0xDC3F,
2.809558500000000,0,0x0607,
2.809585958333333,0,0x0004,
2.809593666666667,0,0x0319,
2.809720416666666,0,0x0004,
2.809728125000000,0,0x031D,
2.809854208333333,0,0x0004,
2.809861875000000,0,0x0311,
2.809987833333333,0,0x0004,
2.809995541666667,0,0x0315,
2.810121250000000,0,0x0004,
2.810128916666667,0,0x0319,
2.810254791666666,0,0x0001,
2.810262500000000,0,0x1D1D,
2.810315375000000,0,0x0003,
2.810323083333333,0,0x2411,
2.810424041666667,0,0x0005,
2.810431708333333,0,0x2D15,
2.810581208333333,0,0x0006,
2.810588875000000,0,0x3B19,
2.810762291666667,0,0x000A,
2.810769958333333,0,0x411D,
2.811039666666667,0,0x0004,
2.811047375000000,0,0x0321,
2.811172333333333,0,0x0001,
2.811180041666667,0,0x1D25,
2.811232083333334,0,0x0003,
2.811239750000000,0,0x2429,
2.811339750000000,0,0x0005,
2.811347416666667,0,0x2D2D,
2.811494666666666,0,0x0006,
2.811502375000000,0,0x3B21,
2.811674875000000,0,0x000A,
2.811682541666667,0,0x4125,
2.819572708333333,0,0xEC3F,
2.819580375000000,0,0x060B,
2.819608041666667,0,0x0004,
2.819615708333334,0,0x031D,
2.819741250000000,0,0x0004,
2.819748958333333,0,0x0311,
2.819874583333333,0,0x0004,
2.819882291666667,0,0x0315,
2.820008625000000,0,0x0004,
2.820016291666667,0,0x0319,
2.820143000000000,0,0x0004,
2.820150708333333,0,0x031D,
2.820276416666667,0,0x0001,
2.820284083333333,0,0x1D11,
2.820336208333333,0,0x0003,
2.820343875000000,0,0x2415,
2.820444250000000,0,0x0005,
2.820451916666667,0,0x2D19,
2.820601583333334,0,0x0006,
2.820609250000000,0,0x3B1D,
2.820781875000000,0,0x000A,
2.820789583333333,0,0x4111,
2.821060458333333,0,0x0004,
2.821068125000000,0,0x0325,
2.821194041666667,0,0x0001,
2.821201708333333,0,0x1D29,
2.821253916666667,0,0x0003,
2.821261583333333,0,0x242D,
2.821361916666667,0,0x0005,
2.821369583333333,0,0x2D21,
2.821517833333334,0,0x0006,
2.821525500000000,0,0x3B25,
2.821696958333333,0,0x000A,
2.821704625000000,0,0x4129,
2.829562416666667,0,0xFC3F,
2.829570083333333,0,0x060F,
2.829597250000000,0,0x0004,
2.829604958333333,0,0x0311,
2.829732041666666,0,0x0004,
2.829739750000000,0,0x0315,
2.829865916666667,0,0x0004,
2.829873583333333,0,0x0319,
2.829999791666667,0,0x0004,
2.830007458333333,0,0x031D,
2.830132958333333,0,0x0004,
2.830140625000000,0,0x0311,
2.830266583333333,0,0x0001,
2.830274250000000,0,0x1D15,
2.830326916666666,0,0x0003,
2.830334583333333,0,0x2419,
2.830436416666667,0,0x0005,
2.830444083333334,0,0x2D1D,
2.830593083333333,0,0x0006,
2.830600750000000,0,0x3B11,
2.830774708333333,0,0x000A,
2.830782375000000,0,0x4115,
2.831052583333333,0,0x0004,
2.831060250000000,0,0x0329,
2.831185750000000,0,0x0001,
2.831193416666667,0,0x1D2D,
2.831245750000000,0,0x0003,
2.831253416666667,0,0x2421,
2.831353250000000,0,0x0005,
2.831360916666667,0,0x2D25,
2.831511416666667,0,0x0006,
2.831519083333333,0,0x3B29,
2.831691916666667,0,0x000A,
2.831699625000000,0,0x412D,
2.839570125000000,0,0x0C3F,
2.839577791666667,0,0x0603,
2.839605291666667,0,0x0004,
2.839612958333333,0,0x0315,
2.839739000000000,0,0x0004,
2.839746666666667,0,0x0319,
2.839873625000000,0,0x0004,
2.839881291666666,0,0x031D,
2.840007750000000,0,0x0004,
2.840015416666667,0,0x0311,
2.840141916666667,0,0x0004,
2.840149583333333,0,0x0315,
2.840276041666667,0,0x0001,
2.840283708333333,0,0x1D19,
2.840335666666667,0,0x0003,
2.840343333333333,0,0x241D,
2.840444750000000,0,0x0005,
2.840452416666666,0,0x2D11,
2.840601916666667,0,0x0006,
2.840609583333333,0,0x3B15,
2.840781958333333,0,0x000A,
2.840789625000000,0,0x4119,
2.841060500000000,0,0x0004,
2.841068166666667,0,0x032D,
2.841194125000000,0,0x0001,
2.841201833333333,0,0x1D21,
2.841253500000000,0,0x0003,
2.841261166666667,0,0x2425,
2.841361333333333,0,0x0005,
2.841369000000000,0,0x2D29,
2.841516791666667,0,0x0006,
2.841524500000000,0,0x3B2D,
2.841697250000000,0,0x000A,
2.841704958333333,0,0x4121,
2.849567583333333,0,0x1C3F,
2.849575291666667,0,0x0607,
2.849602458333333,0,0x0004,
2.849610125000000,0,0x0319,
2.849736958333333,0,0x0004,
2.849744625000000,0,0x031D,
2.849870791666667,0,0x0004,
2.849878458333333,0,0x0311,
2.850004958333333,0,0x0004,
2.850012666666667,0,0x0315,
2.850139708333333,0,0x0004,
2.850147416666667,0,0x0319,
2.850274166666667,0,0x0001,
2.850281875000000,0,0x1D1D,
2.850333875000000,0,0x0003,
2.850341583333333,0,0x2411,
2.850442875000000,0,0x0005,
2.850450541666667,0,0x2D15,
2.850599916666666,0,0x0006,
2.850607583333333,0,0x3B19,
2.850780708333333,0,0x000A,
2.850788416666667,0,0x411D,
2.851058791666667,0,0x0004,
2.851066458333333,0,0x0321,
2.851191708333333,0,0x0001,
2.851199375000000,0,0x1D25,
2.851251625000000,0,0x0003,
2.851259333333333,0,0x2429,
2.851359833333333,0,0x0005,
2.851367500000000,0,0x2D2D,
2.851516916666667,0,0x0006,
2.851524583333333,0,0x3B21,
2.851696916666667,0,0x000A,
2.851704583333333,0,0x4125,
2.859689708333333,0,0x2C3F,
2.859697375000000,0,0x060B,
2.859724625000000,0,0x0004,
2.859732333333334,0,0x031D,
2.859858708333333,0,0x0004,
2.859866375000000,0,0x0311,
2.859992625000000,0,0x0004,
2.860000333333333,0,0x0315,
2.860125250000000,0,0x0004,
2.860132958333333,0,0x0319,
2.860258208333333,0,0x0004,
2.860265875000000,0,0x031D,
2.860392291666667,0,0x0001,
2.860399958333333,0,0x1D11,
2.860451541666666,0,0x0003,
2.860459250000000,0,0x2415,
2.860560125000000,0,0x0005,
2.860567791666667,0,0x2D19,
2.860716833333333,0,0x0006,
2.860724500000000,0,0x3B1D,
2.860898375000000,0,0x000A,
2.860906083333334,0,0x4111,
2.861176875000000,0,0x0004,
2.861184583333333,0,0x0325,
2.861310333333333,0,0x0001,
2.861318000000000,0,0x1D29,
2.861369875000000,0,0x0003,
2.861377541666667,0,0x242D,
2.861476916666667,0,0x0005,
2.861484583333334,0,0x2D21,
2.861632500000000,0,0x0006,
2.861640208333333,0,0x3B25,
2.861812291666667,0,0x000A,
2.861819958333333,0,0x4129,
2.869580083333333,0,0x3C3F,
2.869587791666667,0,0x060F,
2.869615541666667,0,0x0004,
2.869623208333334,0,0x0311,
2.869749583333333,0,0x0004,
2.869757291666667,0,0x0315,
2.869884500000000,0,0x0004,
2.869892166666667,0,0x0319,
2.870018625000000,0,0x0004,
2.870026291666667,0,0x031D,
2.870152875000000,0,0x0004,
2.870160583333333,0,0x0311,
2.870286833333333,0,0x0001,
2.870294500000000,0,0x1D15,
2.870346666666667,0,0x0003,
2.870354333333333,0,0x2419,
2.870455125000000,0,0x0005,
2.870462791666667,0,0x2D1D,
2.870612041666667,0,0x0006,
2.870619708333333,0,0x3B11,
2.870793333333333,0,0x000A,
2.870801041666667,0,0x4115,
2.871071458333333,0,0x0004,
2.871079125000000,0,0x0329,
2.871203833333333,0,0x0001,
2.871211500000000,0,0x1D2D,
2.871263458333333,0,0x0003,
2.871271125000000,0,0x2421,
2.871371333333333,0,0x0005,
2.871379000000000,0,0x2D25,
2.871526666666667,0,0x0006,
2.871534333333333,0,0x3B29,
2.871706625000000,0,0x000A,
2.871714291666667,0,0x412D,
2.879562166666667,0,0x4C3F,
2.879569875000000,0,0x0603,
2.879597708333333,0,0x0004,
2.879605375000000,0,0x0315,
2.879731875000000,0,0x0004,
2.879739583333333,0,0x0319,
2.879865958333333,0,0x0004,
2.879873625000000,0,0x031D,
2.879999375000000,0,0x0004,
2.880007041666667,0,0x0311,
2.880133750000000,0,0x0004,
2.880141458333333,0,0x0315,
2.880267875000000,0,0x0001,
2.880275541666667,0,0x1D19,
2.880328041666667,0,0x0003,
2.880335750000000,0,0x241D,
2.880437583333333,0,0x0005,
2.880445291666667,0,0x2D11,
2.880595625000000,0,0x0006,
2.880603291666667,0,0x3B15,
2.880776750000000,0,0x000A,
2.880784458333333,0,0x4119,
2.881054375000000,0,0x0004,
2.881062083333333,0,0x032D,
2.881188458333333,0,0x0001,
2.881196125000000,0,0x1D21,
2.881248125000000,0,0x0003,
2.881255833333333,0,0x2425,
2.881355458333333,0,0x0005,
2.881363125000000,0,0x2D29,
2.881513208333333,0,0x0006,
2.881520916666667,0,0x3B2D,
2.881693375000000,0,0x000A,
2.881701041666667,0,0x4121,
2.889567125000000,0,0x5C3F,
2.889574791666667,0,0x0607,
2.889602291666667,0,0x0004,
2.889609958333333,0,0x0319,
2.889735958333334,0,0x0004,
2.889743625000000,0,0x031D,
2.889870166666667,0,0x0004,
2.889877875000000,0,0x0311,
2.890003708333333,0,0x0004,
2.890011375000000,0,0x0315,
2.890137708333333,0,0x0004,
2.890145375000000,0,0x0319,
2.890271750000000,0,0x0001,
2.890279458333334,0,0x1D1D,
2.890331291666667,0,0x0003,
2.890339000000000,0,0x2411,
2.890439791666667,0,0x0005,
2.890447458333333,0,0x2D15,
2.890596625000000,0,0x0006,
2.890604333333334,0,0x3B19,
2.890777208333333,0,0x000A,
2.890784875000000,0,0x411D,
2.891055375000000,0,0x0004,
2.891063041666666,0,0x0321,
2.891188625000000,0,0x0001,
2.891196291666667,0,0x1D25,
2.891247958333333,0,0x0003,
2.891255666666666,0,0x2429,
2.891355666666667,0,0x0005,
2.891363333333334,0,0x2D2D,
2.891513041666667,0,0x0006,
2.891520708333333,0,0x3B21,
2.891693000000000,0,0x000A,
2.891700708333333,0,0x4125,
2.899570833333333,0,0x6C3F,
2.899578500000000,0,0x060B,
2.899605625000000,0,0x0004,
2.899613333333333,0,0x031D,
2.899740083333334,0,0x0004,
2.899747750000000,0,0x0311,
2.899874041666667,0,0x0004,
2.899881708333333,0,0x0315,
2.900008083333333,0,0x0004,
2.900015750000000,0,0x0319,
2.900142000000000,0,0x0004,
2.900149666666667,0,0x031D,
2.900275708333333,0,0x0001,
2.900283416666666,0,0x1D11,
2.900335708333333,0,0x0003,
2.900343416666667,0,0x2415,
2.900444750000000,0,0x0005,
2.900452416666667,0,0x2D19,
2.900601250000000,0,0x0006,
2.900608916666667,0,0x3B1D,
2.900782333333333,0,0x000A,
2.900790041666667,0,0x4111,
2.901060875000000,0,0x0004,
2.901068541666667,0,0x0325,
2.901193333333334,0,0x0001,
2.901201000000000,0,0x1D29,
2.901253625000000,0,0x0003,
2.901261333333333,0,0x242D,
2.901361791666667,0,0x0005,
2.901369500000000,0,0x2D21,
2.901519041666667,0,0x0006,
2.901526708333333,0,0x3B25,
2.901699083333333,0,0x000A,
2.901706791666667,0,0x4129,
2.909568500000000,0,0x7C3F,
2.909576166666667,0,0x060F,
2.909604208333334,0,0x0004,
2.909611875000000,0,0x0311,
2.909738958333334,0,0x0004,
2.909746625000000,0,0x0315,
2.909873125000000,0,0x0004,
2.909880791666667,0,0x0319,
2.910006208333333,0,0x0004,
2.910013916666667,0,0x031D,
2.910139625000000,0,0x0004,
2.910147291666667,0,0x0311,
2.910273916666667,0,0x0001,
2.910281583333334,0,0x1D15,
2.910333916666667,0,0x0003,
2.910341583333333,0,0x2419,
2.910442375000000,0,0x0005,
2.910450041666667,0,0x2D1D,
2.910599416666667,0,0x0006,
2.910607083333333,0,0x3B11,
2.910780250000000,0,0x000A,
2.910787916666667,0,0x4115,
2.911058666666666,0,0x0004,
2.911066333333333,0,0x0329,
2.911192250000000,0,0x0001,
2.911199916666667,0,0x1D2D,
2.911251375000000,0,0x0003,
2.911259041666667,0,0x2421,
2.911358750000000,0,0x0005,
2.911366458333333,0,0x2D25,
2.911515958333333,0,0x0006,
2.911523666666667,0,0x3B29,
2.911697041666667,0,0x000A,
2.911704708333333,0,0x412D,
2.919587166666667,0,0x8C3F,
2.919594833333333,0,0x0603,
2.919621875000000,0,0x0004,
2.919629541666667,0,0x0315,
2.919755875000000,0,0x0004,
2.919763583333333,0,0x0319,
2.919890541666667,0,0x0004,
2.919898208333333,0,0x031D,
2.920024166666667,0,0x0004,
2.920031833333333,0,0x0311,
2.920158416666667,0,0x0004,
2.920166083333333,0,0x0315,
2.920292458333333,0,0x0001,
2.920300125000000,0,0x1D19,
2.920352208333334,0,0x0003,
2.920359875000000,0,0x241D,
2.920460291666667,0,0x0005,
2.920468000000000,0,0x2D11,
2.920617958333333,0,0x0006,
2.920625666666667,0,0x3B15,
2.920797958333333,0,0x000A,
2.920805625000000,0,0x4119,
2.921076500000000,0,0x0004,
2.921084166666667,0,0x032D,
2.921208916666667,0,0x0001,
2.921216583333333,0,0x1D21,
2.921268333333333,0,0x0003,
2.921276000000000,0,0x2425,
2.921376208333333,0,0x0005,
2.921383916666667,0,0x2D29,
2.921532041666667,0,0x0006,
2.921539750000000,0,0x3B2D,
2.921711875000000,0,0x000A,
2.921719541666667,0,0x4121,
2.929567541666667,0,0x9C3F,
2.929575208333334,0,0x0607,
2.929602625000000,0,0x0004,
2.929610291666667,0,0x0319,
2.929737000000000,0,0x0004,
2.929744666666667,0,0x031D,
2.929871125000000,0,0x0004,
2.929878833333333,0,0x0311,
2.930004291666667,0,0x0004,
2.930012000000000,0,0x0315,
2.930138458333333,0,0x0004,
2.930146125000000,0,0x0319,
2.930272125000000,0,0x0001,
2.930279833333334,0,0x1D1D,
2.930331500000000,0,0x0003,
2.930339166666667,0,0x2411,
2.930439666666667,0,0x0005,
2.930447375000000,0,0x2D15,
2.930596583333333,0,0x0006,
2.930604250000000,0,0x3B19,
2.930777458333333,0,0x000A,
2.930785125000000,0,0x411D,
2.931055291666667,0,0x0004,
2.931062958333333,0,0x0321,
2.931187875000000,0,0x0001,
2.931195541666667,0,0x1D25,
2.931247625000000,0,0x0003,
2.931255333333334,0,0x2429,
2.931355541666667,0,0x0005,
2.931363208333333,0,0x2D2D,
2.931512500000000,0,0x0006,
2.931520166666667,0,0x3B21,
2.931692458333333,0,0x000A,
2.931700125000000,0,0x4125,
2.939572041666667,0,0xAC3F,
2.939579750000000,0,0x060B,
2.939607083333333,0,0x0004,
2.939614750000000,0,0x031D,
2.939742333333333,0,0x0004,
2.939750000000000,0,0x0311,
2.939876625000000,0,0x0004,
2.939884291666667,0,0x0315,
2.940010583333333,0,0x0004,
2.940018291666667,0,0x0319,
2.940145250000000,0,0x0004,
2.940152958333333,0,0x031D,
2.940279166666667,0,0x0001,
2.940286833333333,0,0x1D11,
2.940338541666667,0,0x0003,
2.940346250000000,0,0x2415,
2.940447083333333,0,0x0005,
2.940454750000000,0,0x2D19,
2.940603833333333,0,0x0006,
2.940611541666667,0,0x3B1D,
2.940784708333333,0,0x000A,
2.940792375000000,0,0x4111,
2.941062625000000,0,0x0004,
2.941070291666667,0,0x0325,
2.941195916666667,0,0x0001,
2.941203583333333,0,0x1D29,
2.941256125000000,0,0x0003,
2.941263791666667,0,0x242D,
2.941364375000000,0,0x0005,
2.941372041666667,0,0x2D21,
2.941521833333333,0,0x0006,
2.941529500000000,0,0x3B25,
2.941701791666667,0,0x000A,
2.941709458333333,0,0x4129,
2.949575208333334,0,0xBC3F,
2.949582875000000,0,0x060F,
2.949609583333333,0,0x0004,
2.949617250000000,0,0x0311,
2.949743750000000,0,0x0004,
2.949751416666667,0,0x0315,
2.949878875000000,0,0x0004,
2.949886583333333,0,0x0319,
2.950012791666667,0,0x0004,
2.950020458333333,0,0x031D,
2.950146833333333,0,0x0004,
2.950154500000000,0,0x0311,
2.950280708333333,0,0x0001,
2.950288416666667,0,0x1D15,
2.950340500000000,0,0x0003,
2.950348208333333,0,0x2419,
2.950448583333333,0,0x0005,
2.950456291666667,0,0x2D1D,
2.950606000000000,0,0x0006,
2.950613666666666,0,0x3B11,
2.950786375000000,0,0x000A,
2.950794041666667,0,0x4115,
2.951065208333334,0,0x0004,
2.951072875000000,0,0x0329,
2.951198291666667,0,0x0001,
2.951205958333333,0,0x1D2D,
2.951258000000000,0,0x0003,
2.951265666666667,0,0x2421,
2.951365666666667,0,0x0005,
2.951373375000000,0,0x2D25,
2.951522708333334,0,0x0006,
2.951530416666666,0,0x3B29,
2.951703375000000,0,0x000A,
2.951711083333334,0,0x412D,
2.959856541666666,0,0xCC3F,
2.959864208333333,0,0x0603,
2.959891916666667,0,0x0004,
2.959899583333333,0,0x0315,
2.960026250000000,0,0x0004,
2.960033958333333,0,0x0319,
2.960159750000000,0,0x0004,
2.960167416666667,0,0x031D,
2.960293375000000,0,0x0004,
2.960301041666667,0,0x0311,
2.960426583333333,0,0x0004,
2.960434291666667,0,0x0315,
2.960560125000000,0,0x0001,
2.960567833333333,0,0x1D19,
2.960621416666667,0,0x0003,
2.960629083333334,0,0x241D,
2.960729833333333,0,0x0005,
2.960737500000000,0,0x2D11,
2.960887541666667,0,0x0006,
2.960895208333334,0,0x3B15,
2.961069000000000,0,0x000A,
2.961076666666667,0,0x4119,
2.961346000000000,0,0x0004,
2.961353666666667,0,0x032D,
2.961479208333333,0,0x0001,
2.961486875000000,0,0x1D21,
2.961539916666667,0,0x0003,
2.961547583333333,0,0x2425,
2.961647458333333,0,0x0005,
2.961655125000000,0,0x2D29,
2.961803250000000,0,0x0006,
2.961810916666667,0,0x3B2D,
2.961982041666666,0,0x000A,
2.961989708333333,0,0x4121,
2.969629208333334,0,0xDC3F,
2.969636916666667,0,0x0607,
2.969664958333333,0,0x0004,
2.969672625000000,0,0x0319,
2.969798416666667,0,0x0004,
2.969806125000000,0,0x031D,
2.969932416666667,0,0x0004,
2.969940125000000,0,0x0311,
2.970066166666667,0,0x0004,
2.970073833333333,0,0x0315,
2.970199833333333,0,0x0004,
2.970207500000000,0,0x0319,
2.970333375000000,0,0x0001,
2.970341041666666,0,0x1D1D,
2.970393541666667,0,0x0003,
2.970401250000000,0,0x2411,
2.970501708333333,0,0x0005,
2.970509416666667,0,0x2D15,
2.970659791666667,0,0x0006,
2.970667458333333,0,0x3B19,
2.970840875000000,0,0x000A,
2.970848541666667,0,0x411D,
2.971119458333333,0,0x0004,
2.971127125000000,0,0x0321,
2.971252250000000,0,0x0001,
2.971259958333333,0,0x1D25,
2.971311958333333,0,0x0003,
2.971319625000000,0,0x2429,
2.971419500000000,0,0x0005,
2.971427166666667,0,0x2D2D,
2.971575708333333,0,0x0006,
2.971583416666667,0,0x3B21,
2.971755375000000,0,0x000A,
2.971763083333333,0,0x4125,
2.979617541666667,0,0xEC3F,
2.979625208333333,0,0x060B,
2.979652708333334,0,0x0004,
2.979660416666666,0,0x031D,
2.979787375000000,0,0x0004,
2.979795083333333,0,0x0311,
2.979921625000000,0,0x0004,
2.979929291666667,0,0x0315,
2.980055750000000,0,0x0004,
2.980063458333333,0,0x0319,
2.980189208333333,0,0x0004,
2.980196875000000,0,0x031D,
2.980322583333333,0,0x0001,
2.980330250000000,0,0x1D11,
2.980382166666667,0,0x0003,
2.980389875000000,0,0x2415,
2.980490833333334,0,0x0005,
2.980498500000000,0,0x2D19,
2.980647625000000,0,0x0006,
2.980655291666667,0,0x3B1D,
2.980828958333333,0,0x000A,
2.980836625000000,0,0x4111,
2.981106708333333,0,0x0004,
2.981114416666667,0,0x0325,
2.981240000000000,0,0x0001,
2.981247666666667,0,0x1D29,
2.981299750000000,0,0x0003,
2.981307416666667,0,0x242D,
2.981407583333334,0,0x0005,
2.981415250000000,0,0x2D21,
2.981563458333333,0,0x0006,
2.981571125000000,0,0x3B25,
2.981742875000000,0,0x000A,
2.981750541666667,0,0x4129,
2.989586958333333,0,0xFC3F,
2.989594625000000,0,0x060F,
2.989621833333334,0,0x0004,
2.989629500000000,0,0x0311,
2.989756000000000,0,0x0004,
2.989763666666667,0,0x0315,
2.989891125000000,0,0x0004,
2.989898791666667,0,0x0319,
2.990024791666666,0,0x0004,
2.990032500000000,0,0x031D,
2.990158791666667,0,0x0004,
2.990166500000000,0,0x0311,
2.990292958333333,0,0x0001,
2.990300625000000,0,0x1D15,
2.990352458333333,0,0x0003,
2.990360125000000,0,0x2419,
2.990461041666667,0,0x0005,
2.990468708333333,0,0x2D1D,
2.990618375000000,0,0x0006,
2.990626041666667,0,0x3B11,
2.990799375000000,0,0x000A,
2.990807083333333,0,0x4115,
2.991077458333333,0,0x0004,
2.991085125000000,0,0x0329,
2.991210416666667,0,0x0001,
2.991218083333333,0,0x1D2D,
2.991269375000000,0,0x0003,
2.991277041666667,0,0x2421,
2.991376916666667,0,0x0005,
2.991384625000000,0,0x2D25,
2.991534250000000,0,0x0006,
2.991541916666667,0,0x3B29,
2.991713875000000,0,0x000A,
2.991721541666667,0,0x412D,
2.999579916666667,0,0x0C3F,
2.999587625000000,0,0x0603,
2.999614833333333,0,0x0004,
2.999622541666667,0,0x0315,
2.999749333333333,0,0x0004,
2.999757000000000,0,0x0319,
2.999882625000000,0,0x0004,
2.999890291666667,0,0x031D,
3.000016625000000,0,0x0004,
3.000024333333333,0,0x0311,
3.000150375000000,0,0x0004,
3.000158041666667,0,0x0315,
3.000283541666667,0,0x0001,
3.000291250000000,0,0x1D19,
3.000344416666667,0,0x0003,
3.000352083333333,0,0x241D,
3.000452833333333,0,0x0005,
3.000460500000000,0,0x2D11,
3.000609750000000,0,0x0006,
3.000617458333333,0,0x3B15,
3.000790791666667,0,0x000A,
3.000798458333333,0,0x4119,
3.001068916666667,0,0x0004,
3.001076583333333,0,0x032D,
3.001202166666667,0,0x0001,
3.001209833333333,0,0x1D21,
3.001261541666667,0,0x0003,
3.001269250000000,0,0x2425,
3.001368791666667,0,0x0005,
3.001376500000000,0,0x2D29,
3.001526166666667,0,0x0006,
3.001533833333333,0,0x3B2D,
3.001706458333333,0,0x000A,
3.001714166666666,0,0x4121,
3.009575458333333,0,0x1C3F,
3.009583125000000,0,0x0607,
3.009610875000000,0,0x0004,
3.009618541666667,0,0x0319,
3.009745625000000,0,0x0004,
3.009753333333333,0,0x031D,
3.009879291666667,0,0x0004,
3.009886958333333,0,0x0311,
3.010013500000000,0,0x0004,
3.010021166666667,0,0x0315,
3.010147000000000,0,0x0004,
3.010154666666667,0,0x0319,
3.010280166666667,0,0x0001,
3.010287833333333,0,0x1D1D,
3.010340416666667,0,0x0003,
3.010348083333333,0,0x2411,
3.010449208333333,0,0x0005,
3.010456875000000,0,0x2D15,
3.010606500000000,0,0x0006,
3.010614208333333,0,0x3B19,
3.010788500000000,0,0x000A,
3.010796166666667,0,0x411D,
3.011066208333333,0,0x0004,
3.011073875000000,0,0x0321,
3.011199333333333,0,0x0001,
3.011207000000000,0,0x1D25,
3.011259708333333,0,0x0003,
3.011267416666667,0,0x2429,
3.011367250000000,0,0x0005,
3.011374958333333,0,0x2D2D,
3.011524625000000,0,0x0006,
3.011532333333333,0,0x3B21,
3.011705250000000,0,0x000A,
3.011712916666667,0,0x4125,
3.019588666666666,0,0x2C3F,
3.019596375000000,0,0x060B,
3.019624208333333,0,0x0004,
3.019631875000000,0,0x031D,
3.019757666666667,0,0x0004,
3.019765333333333,0,0x0311,
3.019891458333333,0,0x0004,
3.019899125000000,0,0x0315,
3.020025333333333,0,0x0004,
3.020033000000000,0,0x0319,
3.020158541666667,0,0x0004,
3.020166250000000,0,0x031D,
3.020292541666667,0,0x0001,
3.020300208333333,0,0x1D11,
3.020352791666667,0,0x0003,
3.020360500000000,0,0x2415,
3.020461000000000,0,0x0005,
3.020468666666666,0,0x2D19,
3.020618416666667,0,0x0006,
3.020626083333333,0,0x3B1D,
3.020799500000000,0,0x000A,
3.020807166666667,0,0x4111,
3.021078458333333,0,0x0004,
3.021086166666667,0,0x0325,
3.021211666666667,0,0x0001,
3.021219333333333,0,0x1D29,
3.021270916666666,0,0x0003,
3.021278583333333,0,0x242D,
3.021378000000000,0,0x0005,
3.021385708333333,0,0x2D21,
3.021534541666667,0,0x0006,
3.021542208333333,0,0x3B25,
3.021714416666667,0,0x000A,
3.021722083333333,0,0x4129,
3.029620250000000,0,0x3C3F,
3.029627958333333,0,0x060F,
3.029655500000000,0,0x0004,
3.029663166666666,0,0x0311,
3.029789416666667,0,0x0004,
3.029797083333333,0,0x0315,
3.029923583333333,0,0x0004,
3.029931250000000,0,0x0319,
3.030057708333334,0,0x0004,
3.030065375000000,0,0x031D,
3.030191416666667,0,0x0004,
3.030199083333333,0,0x0311,
3.030324750000000,0,0x0001,
3.030332416666667,0,0x1D15,
3.030384875000000,0,0x0003,
3.030392541666667,0,0x2419,
3.030493166666667,0,0x0005,
3.030500875000000,0,0x2D1D,
3.030650083333333,0,0x0006,
3.030657750000000,0,0x3B11,
3.030830958333333,0,0x000A,
3.030838666666666,0,0x4115,
3.031109000000000,0,0x0004,
3.031116666666667,0,0x0329,
3.031242541666667,0,0x0001,
3.031250208333333,0,0x1D2D,
3.031302375000000,0,0x0003,
3.031310041666667,0,0x2421,
3.031410416666667,0,0x0005,
3.031418083333334,0,0x2D25,
3.031565958333333,0,0x0006,
3.031573666666667,0,0x3B29,
3.031745791666667,0,0x000A,
3.031753458333333,0,0x412D,
3.040525791666667,0,0x4C3F,
3.040533458333333,0,0x0603,
3.040560708333333,0,0x0004,
3.040568375000000,0,0x0315,
3.040694750000000,0,0x0004,
3.040702416666667,0,0x0319,
3.040828458333333,0,0x0004,
3.040836166666667,0,0x031D,
3.040962500000000,0,0x0004,
3.040970166666667,0,0x0311,
3.041096625000000,0,0x0004,
3.041104291666667,0,0x0315,
3.041230291666666,0,0x0001,
3.041237958333333,0,0x1D19,
3.041290375000000,0,0x0003,
3.041298041666667,0,0x241D,
3.041399083333333,0,0x0005,
3.041406791666667,0,0x2D11,
3.041556250000000,0,0x0006,
3.041563916666667,0,0x3B15,
3.041736958333333,0,0x000A,
3.041744666666667,0,0x4119,
3.042014375000000,0,0x0004,
3.042022041666667,0,0x032D,
3.042147666666667,0,0x0001,
3.042155333333334,0,0x1D21,
3.042207541666667,0,0x0003,
3.042215208333333,0,0x2425,
3.042315208333333,0,0x0005,
3.042322875000000,0,0x2D29,
3.042470291666667,0,0x0006,
3.042478000000000,0,0x3B2D,
3.042649791666667,0,0x000A,
3.042657458333333,0,0x4121,
3.049646833333334,0,0x5C3F,
3.049654541666666,0,0x0607,
3.049681708333333,0,0x0004,
3.049689375000000,0,0x0319,
3.049815458333333,0,0x0004,
3.049823125000000,0,0x031D,
3.049948916666667,0,0x0004,
3.049956583333334,0,0x0311,
3.050082875000000,0,0x0004,
3.050090541666667,0,0x0315,
3.050217041666667,0,0x0004,
3.050224750000000,0,0x0319,
3.050350041666666,0,0x0001,
3.050357708333333,0,0x1D1D,
3.050410125000000,0,0x0003,
3.050417791666667,0,0x2411,
3.050519000000000,0,0x0005,
3.050526666666667,0,0x2D15,
3.050675250000000,0,0x0006,
3.050682916666667,0,0x3B19,
3.050856708333333,0,0x000A,
3.050864416666667,0,0x411D,
3.051133875000000,0,0x0004,
3.051141541666667,0,0x0321,
3.051266166666667,0,0x0001,
3.051273833333333,0,0x1D25,
3.051325125000000,0,0x0003,
3.051332791666667,0,0x2429,
3.051432000000000,0,0x0005,
3.051439666666667,0,0x2D2D,
3.051588166666667,0,0x0006,
3.051595875000000,0,0x3B21,
3.051768833333333,0,0x000A,
3.051776541666666,0,0x4125,
3.059719791666667,0,0x6C3F,
3.059727500000000,0,0x060B,
3.059755208333333,0,0x0004,
3.059762875000000,0,0x031D,
3.059890000000000,0,0x0004,
3.059897666666667,0,0x0311,
3.060025250000000,0,0x0004,
3.060032916666667,0,0x0315,
3.060158833333333,0,0x0004,
3.060166500000000,0,0x0319,
3.060292833333333,0,0x0004,
3.060300541666667,0,0x031D,
3.060426583333333,0,0x0001,
3.060434291666667,0,0x1D11,
3.060486416666667,0,0x0003,
3.060494083333333,0,0x2415,
3.060594916666667,0,0x0005,
3.060602583333333,0,0x2D19,
3.060751750000000,0,0x0006,
3.060759458333334,0,0x3B1D,
3.060932208333333,0,0x000A,
3.060939875000000,0,0x4111,
3.061210125000000,0,0x0004,
3.061217791666667,0,0x0325,
3.061342708333334,0,0x0001,
3.061350375000000,0,0x1D29,
3.061402833333333,0,0x0003,
3.061410500000000,0,0x242D,
3.061511375000000,0,0x0005,
3.061519083333333,0,0x2D21,
3.061667333333333,0,0x0006,
3.061675000000000,0,0x3B25,
3.061847125000000,0,0x000A,
3.061854791666667,0,0x4129,
3.069585250000000,0,0x7C3F,
3.069592916666667,0,0x060F,
3.069619875000000,0,0x0004,
3.069627541666667,0,0x0311,
3.069754333333333,0,0x0004,
3.069762000000000,0,0x0315,
3.069888458333333,0,0x0004,
3.069896125000000,0,0x0319,
3.070021625000000,0,0x0004,
3.070029333333333,0,0x031D,
3.070155791666667,0,0x0004,
3.070163458333333,0,0x0311,
3.070289583333333,0,0x0001,
3.070297250000000,0,0x1D15,
3.070349000000000,0,0x0003,
3.070356708333333,0,0x2419,
3.070457416666667,0,0x0005,
3.070465083333333,0,0x2D1D,
3.070614791666667,0,0x0006,
3.070622500000000,0,0x3B11,
3.070796375000000,0,0x000A,
3.070804041666667,0,0x4115,
3.071074250000000,0,0x0004,
3.071081958333334,0,0x0329,
3.071208125000000,0,0x0001,
3.071215833333333,0,0x1D2D,
3.071267833333333,0,0x0003,
3.071275500000000,0,0x2421,
3.071377083333333,0,0x0005,
3.071384750000000,0,0x2D25,
3.071535750000000,0,0x0006,
3.071543416666667,0,0x3B29,
3.071715458333333,0,0x000A,
3.071723125000000,0,0x412D,
3.079602166666667,0,0x8C3F,
3.079609875000000,0,0x0603,
3.079637166666667,0,0x0004,
3.079644875000000,0,0x0315,
3.079771166666667,0,0x0004,
3.079778833333333,0,0x0319,
3.079904791666667,0,0x0004,
3.079912458333333,0,0x031D,
3.080038541666667,0,0x0004,
3.080046250000000,0,0x0311,
3.080172625000000,0,0x0004,
3.080180291666667,0,0x0315,
3.080307041666666,0,0x0001,
3.080314708333333,0,0x1D19,
3.080366583333333,0,0x0003,
3.080374250000000,0,0x241D,
3.080475083333333,0,0x0005,
3.080482791666667,0,0x2D11,
3.080632291666667,0,0x0006,
3.080640000000000,0,0x3B15,
3.080812875000000,0,0x000A,
3.080820541666667,0,0x4119,
3.081091625000000,0,0x0004,
3.081099333333333,0,0x032D,
3.081225208333333,0,0x0001,
3.081232875000000,0,0x1D21,
3.081284375000000,0,0x0003,
3.081292041666666,0,0x2425,
3.081392333333334,0,0x0005,
3.081400041666666,0,0x2D29,
3.081547916666667,0,0x0006,
3.081555625000000,0,0x3B2D,
3.081727541666667,0,0x000A,
3.081735250000000,0,0x4121,
3.089595791666667,0,0x9C3F,
3.089603458333333,0,0x0607,
3.089631333333333,0,0x0004,
3.089639041666667,0,0x0319,
3.089765291666667,0,0x0004,
3.089772958333334,0,0x031D,
3.089899916666667,0,0x0004,
3.089907625000000,0,0x0311,
3.090034250000000,0,0x0004,
3.090041916666667,0,0x0315,
3.090168916666667,0,0x0004,
3.090176583333333,0,0x0319,
3.090302416666667,0,0x0001,
3.090310125000000,0,0x1D1D,
3.090362333333333,0,0x0003,
3.090370041666667,0,0x2411,
3.090471125000000,0,0x0005,
3.090478791666667,0,0x2D15,
3.090628375000000,0,0x0006,
3.090636083333334,0,0x3B19,
3.090809875000000,0,0x000A,
3.090817583333333,0,0x411D,
3.091088583333333,0,0x0004,
3.091096250000000,0,0x0321,
3.091221333333333,0,0x0001,
3.091229000000000,0,0x1D25,
3.091280916666667,0,0x0003,
3.091288583333333,0,0x2429,
3.091388291666667,0,0x0005,
3.091396000000000,0,0x2D2D,
3.091545416666666,0,0x0006,
3.091553125000000,0,0x3B21,
3.091724625000000,0,0x000A,
3.091732291666667,0,0x4125,
3.099596166666667,0,0xAC3F,
3.099603833333333,0,0x060B,
3.099630958333333,0,0x0004,
3.099638625000000,0,0x031D,
3.099764958333334,0,0x0004,
3.099772625000000,0,0x0311,
3.099899333333333,0,0x0004,
3.099907041666667,0,0x0315,
3.100033875000000,0,0x0004,
3.100041583333333,0,0x0319,
3.100168416666667,0,0x0004,
3.100176083333333,0,0x031D,
3.100302083333333,0,0x0001,
3.100309750000000,0,0x1D11,
3.100362208333333,0,0x0003,
3.100369916666667,0,0x2415,
3.100471750000000,0,0x0005,
3.100479458333333,0,0x2D19,
3.100628708333333,0,0x0006,
3.100636375000000,0,0x3B1D,
3.100810375000000,0,0x000A,
3.100818041666667,0,0x4111,
3.101089333333333,0,0x0004,
3.101097000000000,0,0x0325,
3.101223333333333,0,0x0001,
3.101231041666667,0,0x1D29,
3.101283416666667,0,0x0003,
3.101291083333333,0,0x242D,
3.101391500000000,0,0x0005,
3.101399208333333,0,0x2D21,
3.101549208333333,0,0x0006,
3.101556875000000,0,0x3B25,
3.101729000000000,0,0x000A,
3.101736708333333,0,0x4129,
3.109583291666667,0,0xBC3F,
3.109590958333333,0,0x060F,
3.109618916666667,0,0x0004,
3.109626583333333,0,0x0311,
3.109752541666666,0,0x0004,
3.109760208333333,0,0x0315,
3.109886416666667,0,0x0004,
3.109894083333333,0,0x0319,
3.110020166666667,0,0x0004,
3.110027833333334,0,0x031D,
3.110155000000000,0,0x0004,
3.110162708333333,0,0x0311,
3.110288541666667,0,0x0001,
3.110296250000000,0,0x1D15,
3.110348375000000,0,0x0003,
3.110356041666666,0,0x2419,
3.110456666666667,0,0x0005,
3.110464375000000,0,0x2D1D,
3.110613500000000,0,0x0006,
3.110621166666667,0,0x3B11,
3.110794541666666,0,0x000A,
3.110802250000000,0,0x4115,
3.111073125000000,0,0x0004,
3.111080791666667,0,0x0329,
3.111206541666667,0,0x0001,
3.111214250000000,0,0x1D2D,
3.111266458333333,0,0x0003,
3.111274166666667,0,0x2421,
3.111373916666667,0,0x0005,
3.111381583333333,0,0x2D25,
3.111530625000000,0,0x0006,
3.111538291666667,0,0x3B29,
3.111710875000000,0,0x000A,
3.111718541666667,0,0x412D,
3.119604166666667,0,0xCC3F,
3.119611833333333,0,0x0603,
3.119639041666667,0,0x0004,
3.119646750000000,0,0x0315,
3.119773166666667,0,0x0004,
3.119780833333333,0,0x0319,
3.119906833333333,0,0x0004,
3.119914500000000,0,0x031D,
3.120040916666666,0,0x0004,
3.120048583333333,0,0x0311,
3.120175666666666,0,0x0004,
3.120183333333333,0,0x0315,
3.120310125000000,0,0x0001,
3.120317833333333,0,0x1D19,
3.120370125000000,0,0x0003,
3.120377791666667,0,0x241D,
3.120478541666666,0,0x0005,
3.120486250000000,0,0x2D11,
3.120635083333333,0,0x0006,
3.120642791666667,0,0x3B15,
3.120815875000000,0,0x000A,
3.120823583333333,0,0x4119,
3.121095541666667,0,0x0004,
3.121103208333333,0,0x032D,
3.121227708333334,0,0x0001,
3.121235375000000,0,0x1D21,
3.121287250000000,0,0x0003,
3.121294916666667,0,0x2425,
3.121395041666667,0,0x0005,
3.121402708333334,0,0x2D29,
3.121551250000000,0,0x0006,
3.121558958333333,0,0x3B2D,
3.121730541666667,0,0x000A,
3.121738208333333,0,0x4121,
3.129598833333334,0,0xDC3F,
3.129606500000000,0,0x0607,
3.129633583333333,0,0x0004,
3.129641250000000,0,0x0319,
3.129766625000000,0,0x0004,
3.129774291666667,0,0x031D,
3.129901333333333,0,0x0004,
3.129909000000000,0,0x0311,
3.130035125000000,0,0x0004,
3.130042833333333,0,0x0315,
3.130168708333333,0,0x0004,
3.130176375000000,0,0x0319,
3.130302833333333,0,0x0001,
3.130310500000000,0,0x1D1D,
3.130362791666667,0,0x0003,
3.130370458333333,0,0x2411,
3.130471833333333,0,0x0005,
3.130479541666667,0,0x2D15,
3.130628875000000,0,0x0006,
3.130636541666667,0,0x3B19,
3.130809791666667,0,0x000A,
3.130817458333333,0,0x411D,
3.131087500000000,0,0x0004,
3.131095166666667,0,0x0321,
3.131220333333333,0,0x0001,
3.131228000000000,0,0x1D25,
3.131280083333333,0,0x0003,
3.131287791666667,0,0x2429,
3.131387500000000,0,0x0005,
3.131395166666667,0,0x2D2D,
3.131544500000000,0,0x0006,
3.131552208333333,0,0x3B21,
3.131724916666667,0,0x000A,
3.131732625000000,0,0x4125,
3.139603458333333,0,0xEC3F,
3.139611125000000,0,0x060B,
3.139638708333333,0,0x0004,
3.139646375000000,0,0x031D,
3.139773208333333,0,0x0004,
3.139780875000000,0,0x0311,
3.139907041666667,0,0x0004,
3.139914708333333,0,0x0315,
3.140040791666667,0,0x0004,
3.140048458333333,0,0x0319,
3.140175041666667,0,0x0004,
3.140182750000000,0,0x031D,
3.140308708333333,0,0x0001,
3.140316416666667,0,0x1D11,
3.140367958333333,0,0x0003,
3.140375625000000,0,0x2415,
3.140476416666667,0,0x0005,
3.140484125000000,0,0x2D19,
3.140634250000000,0,0x0006,
3.140641916666667,0,0x3B1D,
3.140815208333333,0,0x000A,
3.140822875000000,0,0x4111,
3.141094000000000,0,0x0004,
3.141101708333333,0,0x0325,
3.141227000000000,0,0x0001,
3.141234708333333,0,0x1D29,
3.141286500000000,0,0x0003,
3.141294166666666,0,0x242D,
3.141393541666667,0,0x0005,
3.141401208333333,0,0x2D21,
3.141549041666666,0,0x0006,
3.141556708333333,0,0x3B25,
3.141729333333333,0,0x000A,
3.141737041666667,0,0x4129,
3.149585708333333,0,0xFC3F,
3.149593375000000,0,0x060F,
3.149621208333333,0,0x0004,
3.149628875000000,0,0x0311,
3.149754958333333,0,0x0004,
3.149762625000000,0,0x0315,
3.149889750000000,0,0x0004,
3.149897416666667,0,0x0319,
3.150023500000000,0,0x0004,
3.150031166666666,0,0x031D,
3.150157625000000,0,0x0004,
3.150165291666667,0,0x0311,
3.150291833333333,0,0x0001,
3.150299500000000,0,0x1D15,
3.150352000000000,0,0x0003,
3.150359708333333,0,0x2419,
3.150460458333333,0,0x0005,
3.150468125000000,0,0x2D1D,
3.150616916666667,0,0x0006,
3.150624583333333,0,0x3B11,
3.150797833333333,0,0x000A,
3.150805500000000,0,0x4115,
3.151076375000000,0,0x0004,
3.151084041666667,0,0x0329,
3.151210333333333,0,0x0001,
3.151218041666667,0,0x1D2D,
3.151270125000000,0,0x0003,
3.151277791666667,0,0x2421,
3.151378166666666,0,0x0005,
3.151385833333333,0,0x2D25,
3.151535333333333,0,0x0006,
3.151543000000000,0,0x3B29,
3.151715166666667,0,0x000A,
3.151722833333333,0,0x412D,
3.159732458333333,0,0x0C3F,
3.159740166666666,0,0x0603,
3.159767583333333,0,0x0004,
3.159775250000000,0,0x0315,
3.159902708333334,0,0x0004,
3.159910375000000,0,0x0319,
3.160036875000000,0,0x0004,
3.160044583333333,0,0x031D,
3.160170750000000,0,0x0004,
3.160178416666667,0,0x0311,
3.160304666666667,0,0x0004,
3.160312375000000,0,0x0315,
3.160439416666667,0,0x0001,
3.160447083333333,0,0x1D19,
3.160499208333333,0,0x0003,
3.160506875000000,0,0x241D,
3.160608083333333,0,0x0005,
3.160615791666667,0,0x2D11,
3.160765333333333,0,0x0006,
3.160773000000000,0,0x3B15,
3.160946416666667,0,0x000A,
3.160954125000000,0,0x4119,
3.161225125000000,0,0x0004,
3.161232833333333,0,0x032D,
3.161358208333333,0,0x0001,
3.161365916666667,0,0x1D21,
3.161417541666667,0,0x0003,
3.161425208333333,0,0x2425,
3.161524708333333,0,0x0005,
3.161532375000000,0,0x2D29,
3.161680500000000,0,0x0006,
3.161688166666667,0,0x3B2D,
3.161860583333334,0,0x000A,
3.161868250000000,0,0x4121,
3.169594375000000,0,0x1C3F,
3.169602041666667,0,0x0607,
3.169630416666667,0,0x0004,
3.169638083333334,0,0x0319,
3.169764541666667,0,0x0004,
3.169772208333333,0,0x031D,
3.169898666666667,0,0x0004,
3.169906375000000,0,0x0311,
3.170031833333333,0,0x0004,
3.170039541666667,0,0x0315,
3.170165250000000,0,0x0004,
3.170172916666667,0,0x0319,
3.170299000000000,0,0x0001,
3.170306666666667,0,0x1D1D,
3.170358541666667,0,0x0003,
3.170366250000000,0,0x2411,
3.170466708333334,0,0x0005,
3.170474375000000,0,0x2D15,
3.170623541666667,0,0x0006,
3.170631208333333,0,0x3B19,
3.170804208333333,0,0x000A,
3.170811916666667,0,0x411D,
3.171081208333333,0,0x0004,
3.171088875000000,0,0x0321,
3.171213916666667,0,0x0001,
3.171221583333333,0,0x1D25,
3.171274291666667,0,0x0003,
3.171281958333333,0,0x2429,
3.171381958333333,0,0x0005,
3.171389625000000,0,0x2D2D,
3.171537708333333,0,0x0006,
3.171545375000000,0,0x3B21,
3.171717541666667,0,0x000A,
3.171725208333333,0,0x4125,
3.179614916666667,0,0x2C3F,
3.179622625000000,0,0x060B,
3.179650125000000,0,0x0004,
3.179657833333333,0,0x031D,
3.179783958333333,0,0x0004,
3.179791666666667,0,0x0311,
3.179918208333333,0,0x0004,
3.179925875000000,0,0x0315,
3.180052916666666,0,0x0004,
3.180060583333333,0,0x0319,
3.180186958333334,0,0x0004,
3.180194666666667,0,0x031D,
3.180321041666667,0,0x0001,
3.180328708333333,0,0x1D11,
3.180381375000000,0,0x0003,
3.180389041666666,0,0x2415,
3.180489500000000,0,0x0005,
3.180497166666667,0,0x2D19,
3.180647083333333,0,0x0006,
3.180654791666667,0,0x3B1D,
3.180828666666667,0,0x000A,
3.180836333333333,0,0x4111,
3.181107208333333,0,0x0004,
3.181114916666667,0,0x0325,
3.181240458333333,0,0x0001,
3.181248125000000,0,0x1D29,
3.181299916666667,0,0x0003,
3.181307583333334,0,0x242D,
3.181407333333333,0,0x0005,
3.181415000000000,0,0x2D21,
3.181562541666667,0,0x0006,
3.181570250000000,0,0x3B25,
3.181742041666667,0,0x000A,
3.181749750000000,0,0x4129,
3.189640083333333,0,0x3C3F,
3.189647750000000,0,0x060F,
3.189675333333333,0,0x0004,
3.189683041666667,0,0x0311,
3.189809250000000,0,0x0004,
3.189816958333333,0,0x0315,
3.189943791666667,0,0x0004,
3.189951458333333,0,0x0319,
3.190077833333334,0,0x0004,
3.190085500000000,0,0x031D,
3.190211500000000,0,0x0004,
3.190219166666667,0,0x0311,
3.190344833333334,0,0x0001,
3.190352541666666,0,0x1D15,
3.190404583333333,0,0x0003,
3.190412250000000,0,0x2419,
3.190513375000000,0,0x0005,
3.190521083333334,0,0x2D1D,
3.190670041666666,0,0x0006,
3.190677708333333,0,0x3B11,
3.190851208333333,0,0x000A,
3.190858916666667,0,0x4115,
3.191128833333333,0,0x0004,
3.191136541666667,0,0x0329,
3.191261083333333,0,0x0001,
3.191268750000000,0,0x1D2D,
3.191321125000000,0,0x0003,
3.191328833333333,0,0x2421,
3.191428583333333,0,0x0005,
3.191436291666667,0,0x2D25,
3.191584375000000,0,0x0006,
3.191592041666667,0,0x3B29,
3.191764208333333,0,0x000A,
3.191771875000000,0,0x412D,
3.199611916666667,0,0x4C3F,
3.199619583333333,0,0x0603,
3.199646916666667,0,0x0004,
3.199654625000000,0,0x0315,
3.199780375000000,0,0x0004,
3.199788041666667,0,0x0319,
3.199915000000000,0,0x0004,
3.199922708333333,0,0x031D,
3.200049458333333,0,0x0004,
3.200057166666667,0,0x0311,
3.200183250000000,0,0x0004,
3.200190916666667,0,0x0315,
3.200317125000000,0,0x0001,
3.200324833333333,0,0x1D19,
3.200377000000000,0,0x0003,
3.200384708333333,0,0x241D,
3.200484958333333,0,0x0005,
3.200492625000000,0,0x2D11,
3.200641875000000,0,0x0006,
3.200649541666666,0,0x3B15,
3.200822041666667,0,0x000A,
3.200829708333333,0,0x4119,
3.201100666666667,0,0x0004,
3.201108333333333,0,0x032D,
3.201233875000000,0,0x0001,
3.201241583333333,0,0x1D21,
3.201293291666667,0,0x0003,
3.201301000000000,0,0x2425,
3.201401375000000,0,0x0005,
3.201409083333334,0,0x2D29,
3.201559333333333,0,0x0006,
3.201567041666667,0,0x3B2D,
3.201739291666667,0,0x000A,
3.201746958333333,0,0x4121,
3.209604625000000,0,0x5C3F,
3.209612291666667,0,0x0607,
3.209639833333333,0,0x0004,
3.209647500000000,0,0x0319,
3.209773416666667,0,0x0004,
3.209781083333333,0,0x031D,
3.209907500000000,0,0x0004,
3.209915166666667,0,0x0311,
3.210040666666667,0,0x0004,
3.210048333333333,0,0x0315,
3.210174291666667,0,0x0004,
3.210181958333334,0,0x0319,
3.210308416666667,0,0x0001,
3.210316125000000,0,0x1D1D,
3.210369375000000,0,0x0003,
3.210377083333333,0,0x2411,
3.210478708333333,0,0x0005,
3.210486375000000,0,0x2D15,
3.210635500000000,0,0x0006,
3.210643166666667,0,0x3B19,
3.210816583333334,0,0x000A,
3.210824291666666,0,0x411D,
3.211094666666667,0,0x0004,
3.211102333333333,0,0x0321,
3.211228083333333,0,0x0001,
3.211235750000000,0,0x1D25,
3.211287750000000,0,0x0003,
3.211295458333333,0,0x2429,
3.211394958333333,0,0x0005,
3.211402625000000,0,0x2D2D,
3.211552625000000,0,0x0006,
3.211560333333333,0,0x3B21,
3.211733666666666,0,0x000A,
3.211741375000000,0,0x4125,
3.219598125000000,0,0x6C3F,
3.219605791666666,0,0x060B,
3.219633125000000,0,0x0004,
3.219640833333334,0,0x031D,
3.219767833333333,0,0x0004,
3.219775500000000,0,0x0311,
3.219902416666667,0,0x0004,
3.219910125000000,0,0x0315,
3.220035916666667,0,0x0004,
3.220043583333333,0,0x0319,
3.220170958333334,0,0x0004,
3.220178625000000,0,0x031D,
3.220304625000000,0,0x0001,
3.220312291666667,0,0x1D11,
3.220364333333333,0,0x0003,
3.220372000000000,0,0x2415,
3.220473333333334,0,0x0005,
3.220481041666666,0,0x2D19,
3.220629916666667,0,0x0006,
3.220637583333333,0,0x3B1D,
3.220810750000000,0,0x000A,
3.220818416666666,0,0x4111,
3.221088625000000,0,0x0004,
3.221096333333333,0,0x0325,
3.221222333333333,0,0x0001,
3.221230000000000,0,0x1D29,
3.221281875000000,0,0x0003,
3.221289583333333,0,0x242D,
3.221389500000000,0,0x0005,
3.221397166666667,0,0x2D21,
3.221547750000000,0,0x0006,
3.221555416666666,0,0x3B25,
3.221727833333333,0,0x000A,
3.221735541666667,0,0x4129,
3.229607041666667,0,0x7C3F,
3.229614708333334,0,0x060F,
3.229642000000000,0,0x0004,
3.229649708333334,0,0x0311,
3.229776541666667,0,0x0004,
3.229784250000000,0,0x0315,
3.229910625000000,0,0x0004,
3.229918291666667,0,0x0319,
3.230044833333333,0,0x0004,
3.230052500000000,0,0x031D,
3.230179208333333,0,0x0004,
3.230186916666667,0,0x0311,
3.230313291666667,0,0x0001,
3.230321000000000,0,0x1D15,
3.230373208333333,0,0x0003,
3.230380875000000,0,0x2419,
3.230482166666667,0,0x0005,
3.230489833333333,0,0x2D1D,
3.230638833333333,0,0x0006,
3.230646541666667,0,0x3B11,
3.230819666666667,0,0x000A,
3.230827375000000,0,0x4115,
3.231097375000000,0,0x0004,
3.231105041666666,0,0x0329,
3.231230125000000,0,0x0001,
3.231237791666667,0,0x1D2D,
3.231289958333333,0,0x0003,
3.231297625000000,0,0x2421,
3.231398000000000,0,0x0005,
3.231405666666667,0,0x2D25,
3.231555958333333,0,0x0006,
3.231563625000000,0,0x3B29,
3.231735750000000,0,0x000A,
3.231743458333333,0,0x412D,
3.239606916666667,0,0x8C3F,
3.239614583333333,0,0x0603,
3.239641958333333,0,0x0004,
3.239649625000000,0,0x0315,
3.239776416666666,0,0x0004,
3.239784083333333,0,0x0319,
3.239909958333334,0,0x0004,
3.239917625000000,0,0x031D,
3.240044291666667,0,0x0004,
3.240052000000000,0,0x0311,
3.240177833333334,0,0x0004,
3.240185500000000,0,0x0315,
3.240311875000000,0,0x0001,
3.240319541666667,0,0x1D19,
3.240371958333333,0,0x0003,
3.240379625000000,0,0x241D,
3.240480875000000,0,0x0005,
3.240488583333333,0,0x2D11,
3.240637375000000,0,0x0006,
3.240645041666667,0,0x3B15,
3.240818250000000,0,0x000A,
3.240825958333333,0,0x4119,
3.241096958333333,0,0x0004,
3.241104625000000,0,0x032D,
3.241230208333334,0,0x0001,
3.241237875000000,0,0x1D21,
3.241289791666667,0,0x0003,
3.241297500000000,0,0x2425,
3.241398000000000,0,0x0005,
3.241405666666667,0,0x2D29,
3.241555333333333,0,0x0006,
3.241563041666667,0,0x3B2D,
3.241735583333333,0,0x000A,
3.241743250000000,0,0x4121,
3.249608083333333,0,0x9C3F,
3.249615750000000,0,0x0607,
3.249643250000000,0,0x0004,
3.249650958333334,0,0x0319,
3.249777875000000,0,0x0004,
3.249785583333333,0,0x031D,
3.249912500000000,0,0x0004,
3.249920166666667,0,0x0311,
3.250047000000000,0,0x0004,
3.250054708333333,0,0x0315,
3.250181500000000,0,0x0004,
3.250189166666666,0,0x0319,
3.250315125000000,0,0x0001,
3.250322791666667,0,0x1D1D,
3.250375166666667,0,0x0003,
3.250382833333334,0,0x2411,
3.250483875000000,0,0x0005,
3.250491583333333,0,0x2D15,
3.250641041666666,0,0x0006,
3.250648708333333,0,0x3B19,
3.250821333333333,0,0x000A,
3.250829000000000,0,0x411D,
3.251099583333333,0,0x0004,
3.251107250000000,0,0x0321,
3.251233000000000,0,0x0001,
3.251240666666666,0,0x1D25,
3.251292666666667,0,0x0003,
3.251300375000000,0,0x2429,
3.251400208333334,0,0x0005,
3.251407875000000,0,0x2D2D,
3.251557500000000,0,0x0006,
3.251565208333334,0,0x3B21,
3.251737208333333,0,0x000A,
3.251744875000000,0,0x4125,
3.259768708333334,0,0xAC3F,
3.259776375000000,0,0x060B,
3.259803958333333,0,0x0004,
3.259811625000000,0,0x031D,
3.259938500000000,0,0x0004,
3.259946166666666,0,0x0311,
3.260072083333333,0,0x0004,
3.260079791666667,0,0x0315,
3.260205750000000,0,0x0004,
3.260213458333333,0,0x0319,
3.260339333333333,0,0x0004,
3.260347000000000,0,0x031D,
3.260472166666667,0,0x0001,
3.260479833333333,0,0x1D11,
3.260532541666667,0,0x0003,
3.260540250000000,0,0x2415,
3.260640916666667,0,0x0005,
3.260648625000000,0,0x2D19,
3.260797958333333,0,0x0006,
3.260805666666667,0,0x3B1D,
3.260979250000000,0,0x000A,
3.260986916666667,0,0x4111,
3.261257291666666,0,0x0004,
3.261264958333333,0,0x0325,
3.261390500000000,0,0x0001,
3.261398166666666,0,0x1D29,
3.261450208333333,0,0x0003,
3.261457916666667,0,0x242D,
3.261559625000000,0,0x0005,
3.261567291666667,0,0x2D21,
3.261715833333333,0,0x0006,
3.261723541666667,0,0x3B25,
3.261895375000000,0,0x000A,
3.261903083333333,0,0x4129,
3.269619208333333,0,0xBC3F,
3.269626875000000,0,0x060F,
3.269654458333333,0,0x0004,
3.269662125000000,0,0x0311,
3.269788000000000,0,0x0004,
3.269795708333334,0,0x0315,
3.269922166666666,0,0x0004,
3.269929833333333,0,0x0319,
3.270056541666666,0,0x0004,
3.270064208333333,0,0x031D,
3.270190333333333,0,0x0004,
3.270198000000000,0,0x0311,
3.270324333333333,0,0x0001,
3.270332000000000,0,0x1D15,
3.270384583333333,0,0x0003,
3.270392250000000,0,0x2419,
3.270492666666667,0,0x0005,
3.270500333333333,0,0x2D1D,
3.270650708333333,0,0x0006,
3.270658375000000,0,0x3B11,
3.270832208333333,0,0x000A,
3.270839875000000,0,0x4115,
3.271110333333333,0,0x0004,
3.271118000000000,0,0x0329,
3.271243583333333,0,0x0001,
3.271251291666667,0,0x1D2D,
3.271302750000000,0,0x0003,
3.271310458333333,0,0x2421,
3.271410166666667,0,0x0005,
3.271417833333333,0,0x2D25,
3.271565541666666,0,0x0006,
3.271573208333333,0,0x3B29,
3.271744708333333,0,0x000A,
3.271752416666667,0,0x412D,
3.279615041666667,0,0xCC3F,
3.279622750000000,0,0x0603,
3.279650375000000,0,0x0004,
3.279658041666667,0,0x0315,
3.279784458333333,0,0x0004,
3.279792166666667,0,0x0319,
3.279918583333334,0,0x0004,
3.279926250000000,0,0x031D,
3.280053291666666,0,0x0004,
3.280061000000000,0,0x0311,
3.280187166666667,0,0x0004,
3.280194833333333,0,0x0315,
3.280321000000000,0,0x0001,
3.280328666666667,0,0x1D19,
3.280381250000000,0,0x0003,
3.280388916666667,0,0x241D,
3.280490125000000,0,0x0005,
3.280497791666667,0,0x2D11,
3.280647458333333,0,0x0006,
3.280655125000000,0,0x3B15,
3.280828500000000,0,0x000A,
3.280836166666667,0,0x4119,
3.281107000000000,0,0x0004,
3.281114708333333,0,0x032D,
3.281240541666667,0,0x0001,
3.281248208333333,0,0x1D21,
3.281300083333333,0,0x0003,
3.281307791666667,0,0x2425,
3.281408250000000,0,0x0005,
3.281415916666667,0,0x2D29,
3.281565541666667,0,0x0006,
3.281573250000000,0,0x3B2D,
3.281745291666667,0,0x000A,
3.281753000000000,0,0x4121,
3.289617625000000,0,0xDC3F,
3.289625333333333,0,0x0607,
3.289653166666667,0,0x0004,
3.289660833333333,0,0x0319,
3.289787291666667,0,0x0004,
3.289794958333333,0,0x031D,
3.289921416666667,0,0x0004,
3.289929083333333,0,0x0311,
3.290054958333333,0,0x0004,
3.290062666666667,0,0x0315,
3.290188458333333,0,0x0004,
3.290196125000000,0,0x0319,
3.290321875000000,0,0x0001,
3.290329541666666,0,0x1D1D,
3.290381916666667,0,0x0003,
3.290389583333333,0,0x2411,
3.290490250000000,0,0x0005,
3.290497958333333,0,0x2D15,
3.290647750000000,0,0x0006,
3.290655416666667,0,0x3B19,
3.290829500000000,0,0x000A,
3.290837166666666,0,0x411D,
3.291107750000000,0,0x0004,
3.291115416666667,0,0x0321,
3.291241041666667,0,0x0001,
3.291248708333333,0,0x1D25,
3.291300708333333,0,0x0003,
3.291308375000000,0,0x2429,
3.291408458333333,0,0x0005,
3.291416125000000,0,0x2D2D,
3.291565291666667,0,0x0006,
3.291572958333334,0,0x3B21,
3.291745416666667,0,0x000A,
3.291753083333333,0,0x4125,
3.299612000000000,0,0xEC3F,
3.299619666666667,0,0x060B,
3.299646708333333,0,0x0004,
3.299654416666667,0,0x031D,
3.299781916666667,0,0x0004,
3.299789583333333,0,0x0311,
3.299916625000000,0,0x0004,
3.299924291666667,0,0x0315,
3.300051000000000,0,0x0004,
3.300058708333333,0,0x0319,
3.300185708333333,0,0x0004,
3.300193375000000,0,0x031D,
3.300319875000000,0,0x0001,
3.300327541666667,0,0x1D11,
3.300380041666667,0,0x0003,
3.300387708333334,0,0x2415,
3.300488625000000,0,0x0005,
3.300496291666667,0,0x2D19,
3.300645458333333,0,0x0006,
3.300653125000000,0,0x3B1D,
3.300826000000000,0,0x000A,
3.300833666666667,0,0x4111,
3.301104583333333,0,0x0004,
3.301112250000000,0,0x0325,
3.301237666666667,0,0x0001,
3.301245375000000,0,0x1D29,
3.301297208333333,0,0x0003,
3.301304875000000,0,0x242D,
3.301405375000000,0,0x0005,
3.301413041666667,0,0x2D21,
3.301562000000000,0,0x0006,
3.301569666666667,0,0x3B25,
3.301742500000000,0,0x000A,
3.301750208333333,0,0x4129,
3.309600708333333,0,0xFC3F,
3.309608375000000,0,0x060F,
3.309636125000000,0,0x0004,
3.309643791666667,0,0x0311,
3.309770416666667,0,0x0004,
3.309778083333333,0,0x0315,
3.309904041666667,0,0x0004,
3.309911708333333,0,0x0319,
3.310037333333333,0,0x0004,
3.310045041666667,0,0x031D,
3.310171125000000,0,0x0004,
3.310178791666667,0,0x0311,
3.310304500000000,0,0x0001,
3.310312166666667,0,0x1D15,
3.310364708333333,0,0x0003,
3.310372375000000,0,0x2419,
3.310473458333334,0,0x0005,
3.310481125000000,0,0x2D1D,
3.310630666666666,0,0x0006,
3.310638333333333,0,0x3B11,
3.310811458333333,0,0x000A,
3.310819166666667,0,0x4115,
3.311089500000000,0,0x0004,
3.311097166666667,0,0x0329,
3.311221958333333,0,0x0001,
3.311229625000000,0,0x1D2D,
3.311282083333333,0,0x0003,
3.311289750000000,0,0x2421,
3.311389666666666,0,0x0005,
3.311397375000000,0,0x2D25,
3.311546916666666,0,0x0006,
3.311554583333333,0,0x3B29,
3.311727208333333,0,0x000A,
3.311734916666667,0,0x412D,
3.319613125000000,0,0x0C3F,
3.319620791666666,0,0x0603,
3.319647541666667,0,0x0004,
3.319655208333333,0,0x0315,
3.319782666666667,0,0x0004,
3.319790375000000,0,0x0319,
3.319916500000000,0,0x0004,
3.319924166666667,0,0x031D,
3.320050666666666,0,0x0004,
3.320058375000000,0,0x0311,
3.320185416666666,0,0x0004,
3.320193083333333,0,0x0315,
3.320319208333333,0,0x0001,
3.320326916666667,0,0x1D19,
3.320378833333333,0,0x0003,
3.320386541666667,0,0x241D,
3.320487750000000,0,0x0005,
3.320495416666667,0,0x2D11,
3.320645000000000,0,0x0006,
3.320652666666667,0,0x3B15,
3.320826208333334,0,0x000A,
3.320833916666666,0,0x4119,
3.321105208333333,0,0x0004,
3.321112875000000,0,0x032D,
3.321238833333333,0,0x0001,
3.321246500000000,0,0x1D21,
3.321298833333334,0,0x0003,
3.321306500000000,0,0x2425,
3.321407541666667,0,0x0005,
3.321415208333333,0,0x2D29,
3.321564125000000,0,0x0006,
3.321571833333334,0,0x3B2D,
3.321744375000000,0,0x000A,
3.321752041666667,0,0x4121,
3.329607750000000,0,0x1C3F,
3.329615458333333,0,0x0607,
3.329642708333334,0,0x0004,
3.329650375000000,0,0x0319,
3.329777000000000,0,0x0004,
3.329784708333333,0,0x031D,
3.329910708333333,0,0x0004,
3.329918416666667,0,0x0311,
3.330044500000000,0,0x0004,
3.330052166666666,0,0x0315,
3.330178291666666,0,0x0004,
3.330186000000000,0,0x0319,
3.330311500000000,0,0x0001,
3.330319166666666,0,0x1D1D,
3.330372166666667,0,0x0003,
3.330379833333333,0,0x2411,
3.330480750000000,0,0x0005,
3.330488458333333,0,0x2D15,
3.330637583333333,0,0x0006,
3.330645250000000,0,0x3B19,
3.330819375000000,0,0x000A,
3.330827041666667,0,0x411D,
3.331097708333334,0,0x0004,
3.331105375000000,0,0x0321,
3.331232125000000,0,0x0001,
3.331239791666667,0,0x1D25,
3.331292041666666,0,0x0003,
3.331299708333333,0,0x2429,
3.331399416666667,0,0x0005,
3.331407083333333,0,0x2D2D,
3.331556875000000,0,0x0006,
3.331564541666667,0,0x3B21,
3.331737458333333,0,0x000A,
3.331745166666667,0,0x4125,
3.339603041666667,0,0x2C3F,
3.339610708333333,0,0x060B,
3.339637833333333,0,0x0004,
3.339645500000000,0,0x031D,
3.339771958333333,0,0x0004,
3.339779625000000,0,0x0311,
3.339906083333333,0,0x0004,
3.339913750000000,0,0x0315,
3.340039750000000,0,0x0004,
3.340047416666667,0,0x0319,
3.340174708333334,0,0x0004,
3.340182375000000,0,0x031D,
3.340308583333333,0,0x0001,
3.340316291666667,0,0x1D11,
3.340368708333334,0,0x0003,
3.340376375000000,0,0x2415,
3.340476750000000,0,0x0005,
3.340484416666667,0,0x2D19,
3.340633458333333,0,0x0006,
3.340641125000000,0,0x3B1D,
3.340813625000000,0,0x000A,
3.340821291666667,0,0x4111,
3.341092833333333,0,0x0004,
3.341100541666667,0,0x0325,
3.341226166666666,0,0x0001,
3.341233875000000,0,0x1D29,
3.341285416666667,0,0x0003,
3.341293083333333,0,0x242D,
3.341393458333333,0,0x0005,
3.341401125000000,0,0x2D21,
3.341550583333333,0,0x0006,
3.341558291666667,0,0x3B25,
3.341730833333334,0,0x000A,
3.341738541666667,0,0x4129,
3.349611250000000,0,0x3C3F,
3.349618916666667,0,0x060F,
3.349646833333333,0,0x0004,
3.349654541666667,0,0x0311,
3.349781541666667,0,0x0004,
3.349789208333333,0,0x0315,
3.349915875000000,0,0x0004,
3.349923541666667,0,0x0319,
3.350050000000000,0,0x0004,
3.350057708333333,0,0x031D,
3.350184083333333,0,0x0004,
3.350191750000000,0,0x0311,
3.350317375000000,0,0x0001,
3.350325041666667,0,0x1D15,
3.350377833333333,0,0x0003,
3.350385500000000,0,0x2419,
3.350486416666667,0,0x0005,
3.350494125000000,0,0x2D1D,
3.350643833333333,0,0x0006,
3.350651541666667,0,0x3B11,
3.350825083333334,0,0x000A,
3.350832750000000,0,0x4115,
3.351103541666667,0,0x0004,
3.351111208333333,0,0x0329,
3.351236333333333,0,0x0001,
3.351244041666666,0,0x1D2D,
3.351296125000000,0,0x0003,
3.351303791666667,0,0x2421,
3.351403791666667,0,0x0005,
3.351411458333333,0,0x2D25,
3.351561166666666,0,0x0006,
3.351568833333333,0,0x3B29,
3.351740500000000,0,0x000A,
3.351748208333333,0,0x412D,
3.359741583333333,0,0x4C3F,
3.359749250000000,0,0x0603,
3.359776333333333,0,0x0004,
3.359784000000000,0,0x0315,
3.359910125000000,0,0x0004,
3.359917791666667,0,0x0319,
3.360044041666667,0,0x0004,
3.360051708333333,0,0x031D,
3.360177083333333,0,0x0004,
3.360184750000000,0,0x0311,
3.360310916666667,0,0x0004,
3.360318583333334,0,0x0315,
3.360444500000000,0,0x0001,
3.360452166666667,0,0x1D19,
3.360504125000000,0,0x0003,
3.360511791666667,0,0x241D,
3.360612125000000,0,0x0005,
3.360619791666667,0,0x2D11,
3.360768833333333,0,0x0006,
3.360776541666667,0,0x3B15,
3.360949750000000,0,0x000A,
3.360957416666666,0,0x4119,
3.361228083333333,0,0x0004,
3.361235750000000,0,0x032D,
3.361360458333333,0,0x0001,
3.361368166666667,0,0x1D21,
3.361420583333333,0,0x0003,
3.361428250000000,0,0x2425,
3.361527708333333,0,0x0005,
3.361535375000000,0,0x2D29,
3.361683708333334,0,0x0006,
3.361691375000000,0,0x3B2D,
3.361863458333334,0,0x000A,
3.361871125000000,0,0x4121,
3.369632041666667,0,0x5C3F,
3.369639708333333,0,0x0607,
3.369667458333333,0,0x0004,
3.369675166666667,0,0x0319,
3.369800750000000,0,0x0004,
3.369808458333333,0,0x031D,
3.369935166666667,0,0x0004,
3.369942875000000,0,0x0311,
3.370069625000000,0,0x0004,
3.370077291666667,0,0x0315,
3.370203375000000,0,0x0004,
3.370211083333333,0,0x0319,
3.370336875000000,0,0x0001,
3.370344541666667,0,0x1D1D,
3.370396583333333,0,0x0003,
3.370404291666667,0,0x2411,
3.370504958333334,0,0x0005,
3.370512625000000,0,0x2D15,
3.370662833333333,0,0x0006,
3.370670541666667,0,0x3B19,
3.370844666666667,0,0x000A,
3.370852375000000,0,0x411D,
3.371123458333333,0,0x0004,
3.371131166666667,0,0x0321,
3.371255791666667,0,0x0001,
3.371263500000000,0,0x1D25,
3.371315250000000,0,0x0003,
3.371322916666667,0,0x2429,
3.371422625000000,0,0x0005,
3.371430291666667,0,0x2D2D,
3.371579041666667,0,0x0006,
3.371586750000000,0,0x3B21,
3.371759083333334,0,0x000A,
3.371766791666666,0,0x4125,
3.379601041666667,0,0x6C3F,
3.379608708333333,0,0x060B,
3.379637125000000,0,0x0004,
3.379644833333333,0,0x031D,
3.379771375000000,0,0x0004,
3.379779041666667,0,0x0311,
3.379905666666667,0,0x0004,
3.379913333333334,0,0x0315,
3.380038666666667,0,0x0004,
3.380046333333333,0,0x0319,
3.380172000000000,0,0x0004,
3.380179708333333,0,0x031D,
3.380306500000000,0,0x0001,
3.380314166666667,0,0x1D11,
3.380366375000000,0,0x0003,
3.380374041666667,0,0x2415,
3.380474875000000,0,0x0005,
3.380482541666667,0,0x2D19,
3.380631625000000,0,0x0006,
3.380639333333333,0,0x3B1D,
3.380813250000000,0,0x000A,
3.380820958333334,0,0x4111,
3.381091083333333,0,0x0004,
3.381098750000000,0,0x0325,
3.381224125000000,0,0x0001,
3.381231791666667,0,0x1D29,
3.381283833333333,0,0x0003,
3.381291500000000,0,0x242D,
3.381391416666667,0,0x0005,
3.381399125000000,0,0x2D21,
3.381546791666667,0,0x0006,
3.381554458333333,0,0x3B25,
3.381726791666666,0,0x000A,
3.381734458333333,0,0x4129,
3.389632500000000,0,0x7C3F,
3.389640208333333,0,0x060F,
3.389668625000000,0,0x0004,
3.389676333333334,0,0x0311,
3.389802875000000,0,0x0004,
3.389810583333333,0,0x0315,
3.389936875000000,0,0x0004,
3.389944583333333,0,0x0319,
3.390070166666667,0,0x0004,
3.390077833333333,0,0x031D,
3.390203375000000,0,0x0004,
3.390211083333333,0,0x0311,
3.390337291666667,0,0x0001,
3.390344958333333,0,0x1D15,
3.390397375000000,0,0x0003,
3.390405083333333,0,0x2419,
3.390505375000000,0,0x0005,
3.390513041666666,0,0x2D1D,
3.390662333333333,0,0x0006,
3.390670000000000,0,0x3B11,
3.390843791666667,0,0x000A,
3.390851500000000,0,0x4115,
3.391122041666667,0,0x0004,
3.391129708333333,0,0x0329,
3.391255500000000,0,0x0001,
3.391263208333333,0,0x1D2D,
3.391315541666667,0,0x0003,
3.391323208333333,0,0x2421,
3.391423000000000,0,0x0005,
3.391430708333333,0,0x2D25,
3.391579708333333,0,0x0006,
3.391587416666667,0,0x3B29,
3.391760041666667,0,0x000A,
3.391767750000000,0,0x412D,
3.399632750000000,0,0x8C3F,
3.399640458333333,0,0x0603,
3.399667625000000,0,0x0004,
3.399675333333333,0,0x0315,
3.399801500000000,0,0x0004,
3.399809208333334,0,0x0319,
3.399935833333333,0,0x0004,
3.399943500000000,0,0x031D,
3.400070541666667,0,0x0004,
3.400078208333333,0,0x0311,
3.400204625000000,0,0x0004,
3.400212333333333,0,0x0315,
3.400338750000000,0,0x0001,
3.400346416666667,0,0x1D19,
3.400398750000000,0,0x0003,
3.400406416666667,0,0x241D,
3.400507666666666,0,0x0005,
3.400515375000000,0,0x2D11,
3.400664666666667,0,0x0006,
3.400672375000000,0,0x3B15,
3.400846041666667,0,0x000A,
3.400853750000000,0,0x4119,
3.401124375000000,0,0x0004,
3.401132041666667,0,0x032D,
3.401257708333334,0,0x0001,
3.401265375000000,0,0x1D21,
3.401317083333333,0,0x0003,
3.401324750000000,0,0x2425,
3.401424916666667,0,0x0005,
3.401432583333333,0,0x2D29,
3.401581583333333,0,0x0006,
3.401589250000000,0,0x3B2D,
3.401761000000000,0,0x000A,
3.401768666666667,0,0x4121,
3.409679875000000,0,0x9C3F,
3.409687541666667,0,0x0607,
3.409715375000000,0,0x0004,
3.409723041666667,0,0x0319,
3.409849500000000,0,0x0004,
3.409857208333333,0,0x031D,
3.409983333333333,0,0x0004,
3.409991000000000,0,0x0311,
3.410117500000000,0,0x0004,
3.410125166666667,0,0x0315,
3.410252333333333,0,0x0004,
3.410260041666667,0,0x0319,
3.410386041666666,0,0x0001,
3.410393708333333,0,0x1D1D,
3.410445958333333,0,0x0003,
3.410453625000000,0,0x2411,
3.410554416666667,0,0x0005,
3.410562125000000,0,0x2D15,
3.410711291666667,0,0x0006,
3.410718958333333,0,0x3B19,
3.410892041666667,0,0x000A,
3.410899708333333,0,0x411D,
3.411170250000000,0,0x0004,
3.411177916666666,0,0x0321,
3.411302791666667,0,0x0001,
3.411310458333333,0,0x1D25,
3.411362500000000,0,0x0003,
3.411370166666666,0,0x2429,
3.411470625000000,0,0x0005,
3.411478291666667,0,0x2D2D,
3.411626958333333,0,0x0006,
3.411634666666667,0,0x3B21,
3.411807541666667,0,0x000A,
3.411815250000000,0,0x4125,
3.419659375000000,0,0xAC3F,
3.419667083333333,0,0x060B,
3.419694750000000,0,0x0004,
3.419702416666667,0,0x031D,
3.419828833333333,0,0x0004,
3.419836541666667,0,0x0311,
3.419962000000000,0,0x0004,
3.419969708333333,0,0x0315,
3.420095291666667,0,0x0004,
3.420103000000000,0,0x0319,
3.420229291666667,0,0x0004,
3.420236958333333,0,0x031D,
3.420362916666666,0,0x0001,
3.420370583333333,0,0x1D11,
3.420422916666667,0,0x0003,
3.420430583333333,0,0x2415,
3.420531250000000,0,0x0005,
3.420538958333333,0,0x2D19,
3.420688541666667,0,0x0006,
3.420696208333333,0,0x3B1D,
3.420869500000000,0,0x000A,
3.420877166666667,0,0x4111,
3.421148083333333,0,0x0004,
3.421155750000000,0,0x0325,
3.421281458333334,0,0x0001,
3.421289125000000,0,0x1D29,
3.421341291666667,0,0x0003,
3.421348958333333,0,0x242D,
3.421449500000000,0,0x0005,
3.421457208333333,0,0x2D21,
3.421605250000000,0,0x0006,
3.421612916666667,0,0x3B25,
3.421785375000000,0,0x000A,
3.421793041666667,0,0x4129,
3.429613875000000,0,0xBC3F,
3.429621541666667,0,0x060F,
3.429649083333334,0,0x0004,
3.429656791666666,0,0x0311,
3.429782916666666,0,0x0004,
3.429790583333333,0,0x0315,
3.429916666666667,0,0x0004,
3.429924375000000,0,0x0319,
3.430049916666666,0,0x0004,
3.430057583333333,0,0x031D,
3.430183375000000,0,0x0004,
3.430191083333333,0,0x0311,
3.430317458333333,0,0x0001,
3.430325125000000,0,0x1D15,
3.430376958333333,0,0x0003,
3.430384625000000,0,0x2419,
3.430484791666667,0,0x0005,
3.430492500000000,0,0x2D1D,
3.430641291666667,0,0x0006,
3.430648958333333,0,0x3B11,
3.430821916666666,0,0x000A,
3.430829583333333,0,0x4115,
3.431100291666667,0,0x0004,
3.431108000000000,0,0x0329,
3.431232875000000,0,0x0001,
3.431240583333333,0,0x1D2D,
3.431292583333333,0,0x0003,
3.431300291666667,0,0x2421,
3.431401041666667,0,0x0005,
3.431408708333333,0,0x2D25,
3.431557625000000,0,0x0006,
3.431565291666667,0,0x3B29,
3.431738541666667,0,0x000A,
3.431746250000000,0,0x412D,
3.439628916666666,0,0xCC3F,
3.439636583333333,0,0x0603,
3.439664333333333,0,0x0004,
3.439672041666667,0,0x0315,
3.439798458333333,0,0x0004,
3.439806125000000,0,0x0319,
3.439933000000000,0,0x0004,
3.439940708333333,0,0x031D,
3.440066375000000,0,0x0004,
3.440074083333333,0,0x0311,
3.440200916666666,0,0x0004,
3.440208583333333,0,0x0315,
3.440335250000000,0,0x0001,
3.440342916666667,0,0x1D19,
3.440395250000000,0,0x0003,
3.440402958333333,0,0x241D,
3.440503458333333,0,0x0005,
3.440511125000000,0,0x2D11,
3.440660750000000,0,0x0006,
3.440668416666667,0,0x3B15,
3.440841541666666,0,0x000A,
3.440849208333333,0,0x4119,
3.441119833333333,0,0x0004,
3.441127500000000,0,0x032D,
3.441252875000000,0,0x0001,
3.441260541666667,0,0x1D21,
3.441312708333333,0,0x0003,
3.441320375000000,0,0x2425,
3.441420625000000,0,0x0005,
3.441428333333334,0,0x2D29,
3.441578375000000,0,0x0006,
3.441586083333333,0,0x3B2D,
3.441757750000000,0,0x000A,
3.441765416666667,0,0x4121,
3.449625500000000,0,0xDC3F,
3.449633166666667,0,0x0607,
3.449661041666667,0,0x0004,
3.449668708333333,0,0x0319,
3.449795208333333,0,0x0004,
3.449802875000000,0,0x031D,
3.449929416666667,0,0x0004,
3.449937083333333,0,0x0311,
3.450062833333333,0,0x0004,
3.450070500000000,0,0x0315,
3.450197291666667,0,0x0004,
3.450205000000000,0,0x0319,
3.450331166666667,0,0x0001,
3.450338833333333,0,0x1D1D,
3.450391125000000,0,0x0003,
3.450398791666667,0,0x2411,
3.450498958333333,0,0x0005,
3.450506625000000,0,0x2D15,
3.450655708333333,0,0x0006,
3.450663375000000,0,0x3B19,
3.450836416666667,0,0x000A,
3.450844125000000,0,0x411D,
3.451114666666667,0,0x0004,
3.451122375000000,0,0x0321,
3.451248625000000,0,0x0001,
3.451256333333333,0,0x1D25,
3.451308500000000,0,0x0003,
3.451316166666667,0,0x2429,
3.451416500000000,0,0x0005,
3.451424208333334,0,0x2D2D,
3.451574083333333,0,0x0006,
3.451581750000000,0,0x3B21,
3.451753625000000,0,0x000A,
3.451761291666667,0,0x4125,
3.459758083333333,0,0xEC3F,
3.459765791666667,0,0x060B,
3.459793291666667,0,0x0004,
3.459801000000000,0,0x031D,
3.459928000000000,0,0x0004,
3.459935708333334,0,0x0311,
3.460062291666667,0,0x0004,
3.460069958333333,0,0x0315,
3.460196583333333,0,0x0004,
3.460204250000000,0,0x0319,
3.460330708333333,0,0x0004,
3.460338375000000,0,0x031D,
3.460464833333333,0,0x0001,
3.460472500000000,0,0x1D11,
3.460525291666666,0,0x0003,
3.460532958333333,0,0x2415,
3.460633208333333,0,0x0005,
3.460640875000000,0,0x2D19,
3.460790083333333,0,0x0006,
3.460797750000000,0,0x3B1D,
3.460971083333333,0,0x000A,
3.460978750000000,0,0x4111,
3.461248958333333,0,0x0004,
3.461256625000000,0,0x0325,
3.461381666666667,0,0x0001,
3.461389375000000,0,0x1D29,
3.461442125000000,0,0x0003,
3.461449791666667,0,0x242D,
3.461549541666667,0,0x0005,
3.461557250000000,0,0x2D21,
3.461705125000000,0,0x0006,
3.461712791666667,0,0x3B25,
3.461884708333333,0,0x000A,
3.461892416666667,0,0x4129,
3.469676541666667,0,0xFC3F,
3.469684250000000,0,0x060F,
3.469712750000000,0,0x0004,
3.469720416666667,0,0x0311,
3.469846541666667,0,0x0004,
3.469854208333333,0,0x0315,
3.469980666666667,0,0x0004,
3.469988333333333,0,0x0319,
3.470114250000000,0,0x0004,
3.470121916666667,0,0x031D,
3.470247833333334,0,0x0004,
3.470255541666666,0,0x0311,
3.470381541666667,0,0x0001,
3.470389208333333,0,0x1D15,
3.470441125000000,0,0x0003,
3.470448833333333,0,0x2419,
3.470549500000000,0,0x0005,
3.470557166666667,0,0x2D1D,
3.470706333333333,0,0x0006,
3.470714000000000,0,0x3B11,
3.470887333333333,0,0x000A,
3.470895000000000,0,0x4115,
3.471165291666667,0,0x0004,
3.471172958333333,0,0x0329,
3.471298541666667,0,0x0001,
3.471306208333333,0,0x1D2D,
3.471357750000000,0,0x0003,
3.471365458333334,0,0x2421,
3.471465791666667,0,0x0005,
3.471473458333334,0,0x2D25,
3.471621583333333,0,0x0006,
3.471629250000000,0,0x3B29,
3.471802416666667,0,0x000A,
3.471810083333333,0,0x412D,
3.479627333333333,0,0x0C3F,
3.479635000000000,0,0x0603,
3.479662375000000,0,0x0004,
3.479670041666667,0,0x0315,
3.479796208333333,0,0x0004,
3.479803916666667,0,0x0319,
3.479930916666667,0,0x0004,
3.479938583333333,0,0x031D,
3.480064166666667,0,0x0004,
3.480071833333333,0,0x0311,
3.480198250000000,0,0x0004,
3.480205916666667,0,0x0315,
3.480331666666667,0,0x0001,
3.480339333333333,0,0x1D19,
3.480391583333333,0,0x0003,
3.480399291666667,0,0x241D,
3.480500166666667,0,0x0005,
3.480507875000000,0,0x2D11,
3.480657166666667,0,0x0006,
3.480664833333333,0,0x3B15,
3.480837666666666,0,0x000A,
3.480845333333333,0,0x4119,
3.481115875000000,0,0x0004,
3.481123541666667,0,0x032D,
3.481249250000000,0,0x0001,
3.481256916666667,0,0x1D21,
3.481308750000000,0,0x0003,
3.481316416666667,0,0x2425,
3.481416458333333,0,0x0005,
3.481424125000000,0,0x2D29,
3.481573708333333,0,0x0006,
3.481581375000000,0,0x3B2D,
3.481754208333333,0,0x000A,
3.481761916666667,0,0x4121,
3.489623166666667,0,0x1C3F,
3.489630833333333,0,0x0607,
3.489657875000000,0,0x0004,
3.489665583333333,0,0x0319,
3.489792791666666,0,0x0004,
3.489800500000000,0,0x031D,
3.489927041666667,0,0x0004,
3.489934750000000,0,0x0311,
3.490060416666667,0,0x0004,
3.490068083333334,0,0x0315,
3.490192958333334,0,0x0004,
3.490200625000000,0,0x0319,
3.490326708333333,0,0x0001,
3.490334375000000,0,0x1D1D,
3.490387000000000,0,0x0003,
3.490394708333334,0,0x2411,
3.490496083333333,0,0x0005,
3.490503750000000,0,0x2D15,
3.490653250000000,0,0x0006,
3.490660958333333,0,0x3B19,
3.490834250000000,0,0x000A,
3.490841958333333,0,0x411D,
3.491111625000000,0,0x0004,
3.491119291666667,0,0x0321,
3.491244083333333,0,0x0001,
3.491251791666667,0,0x1D25,
3.491304125000000,0,0x0003,
3.491311833333334,0,0x2429,
3.491411541666666,0,0x0005,
3.491419208333333,0,0x2D2D,
3.491566583333333,0,0x0006,
3.491574291666667,0,0x3B21,
3.491746208333333,0,0x000A,
3.491753875000000,0,0x4125,
3.499618000000000,0,0x2C3F,
3.499625666666667,0,0x060B,
3.499653333333333,0,0x0004,
3.499661041666667,0,0x031D,
3.499788541666667,0,0x0004,
3.499796208333333,0,0x0311,
3.499923125000000,0,0x0004,
3.499930833333333,0,0x0315,
3.500057208333333,0,0x0004,
3.500064916666667,0,0x0319,
3.500190208333333,0,0x0004,
3.500197875000000,0,0x031D,
3.500323750000000,0,0x0001,
3.500331416666667,0,0x1D11,
3.500383833333333,0,0x0003,
3.500391500000000,0,0x2415,
3.500491791666667,0,0x0005,
3.500499458333334,0,0x2D19,
3.500648541666667,0,0x0006,
3.500656250000000,0,0x3B1D,
3.500830541666667,0,0x000A,
3.500838208333333,0,0x4111,
3.501108458333333,0,0x0004,
3.501116125000000,0,0x0325,
3.501241458333333,0,0x0001,
3.501249125000000,0,0x1D29,
3.501302125000000,0,0x0003,
3.501309833333333,0,0x242D,
3.501409083333333,0,0x0005,
3.501416791666667,0,0x2D21,
3.501564583333333,0,0x0006,
3.501572291666667,0,0x3B25,
3.501744708333333,0,0x000A,
3.501752416666667,0,0x4129,
3.509640750000000,0,0x3C3F,
3.509648416666667,0,0x060F,
3.509676166666666,0,0x0004,
3.509683833333333,0,0x0311,
3.509810083333333,0,0x0004,
3.509817791666667,0,0x0315,
3.509943791666667,0,0x0004,
3.509951458333334,0,0x0319,
3.510077333333333,0,0x0004,
3.510085041666667,0,0x031D,
3.510211333333333,0,0x0004,
3.510219000000000,0,0x0311,
3.510346208333333,0,0x0001,
3.510353875000000,0,0x1D15,
3.510405666666667,0,0x0003,
3.510413333333333,0,0x2419,
3.510513958333333,0,0x0005,
3.510521625000000,0,0x2D1D,
3.510670541666667,0,0x0006,
3.510678208333333,0,0x3B11,
3.510851208333333,0,0x000A,
3.510858916666667,0,0x4115,
3.511129166666667,0,0x0004,
3.511136875000000,0,0x0329,
3.511261416666667,0,0x0001,
3.511269083333334,0,0x1D2D,
3.511321458333333,0,0x0003,
3.511329166666667,0,0x2421,
3.511429916666667,0,0x0005,
3.511437583333333,0,0x2D25,
3.511587375000000,0,0x0006,
3.511595041666667,0,0x3B29,
3.511767958333333,0,0x000A,
3.511775625000000,0,0x412D,
3.519669458333333,0,0x4C3F,
3.519677125000000,0,0x0603,
3.519705041666667,0,0x0004,
3.519712708333333,0,0x0315,
3.519839333333334,0,0x0004,
3.519847000000000,0,0x0319,
3.519973666666667,0,0x0004,
3.519981375000000,0,0x031D,
3.520106625000000,0,0x0004,
3.520114291666667,0,0x0311,
3.520240791666667,0,0x0004,
3.520248500000000,0,0x0315,
3.520375000000000,0,0x0001,
3.520382708333333,0,0x1D19,
3.520435208333333,0,0x0003,
3.520442916666667,0,0x241D,
3.520544208333333,0,0x0005,
3.520551875000000,0,0x2D11,
3.520700541666667,0,0x0006,
3.520708208333333,0,0x3B15,
3.520881708333333,0,0x000A,
3.520889416666667,0,0x4119,
3.521159666666667,0,0x0004,
3.521167333333334,0,0x032D,
3.521293500000000,0,0x0001,
3.521301166666666,0,0x1D21,
3.521354166666667,0,0x0003,
3.521361833333333,0,0x2425,
3.521461583333333,0,0x0005,
3.521469250000000,0,0x2D29,
3.521616875000000,0,0x0006,
3.521624583333333,0,0x3B2D,
3.521796625000000,0,0x000A,
3.521804291666667,0,0x4121,
3.529618291666667,0,0x5C3F,
3.529625958333333,0,0x0607,
3.529653208333333,0,0x0004,
3.529660916666667,0,0x0319,
3.529787208333333,0,0x0004,
3.529794875000000,0,0x031D,
3.529921250000000,0,0x0004,
3.529928916666667,0,0x0311,
3.530054500000000,0,0x0004,
3.530062166666667,0,0x0315,
3.530187333333333,0,0x0004,
3.530195000000000,0,0x0319,
3.530320833333333,0,0x0001,
3.530328500000000,0,0x1D1D,
3.530380833333334,0,0x0003,
3.530388500000000,0,0x2411,
3.530489000000000,0,0x0005,
3.530496666666667,0,0x2D15,
3.530645250000000,0,0x0006,
3.530652916666666,0,0x3B19,
3.530826750000000,0,0x000A,
3.530834458333334,0,0x411D,
3.531103708333333,0,0x0004,
3.531111416666667,0,0x0321,
3.531235875000000,0,0x0001,
3.531243541666667,0,0x1D25,
3.531295625000000,0,0x0003,
3.531303333333333,0,0x2429,
3.531403625000000,0,0x0005,
3.531411291666667,0,0x2D2D,
3.531559291666666,0,0x0006,
3.531566958333333,0,0x3B21,
3.531740041666667,0,0x000A,
3.531747750000000,0,0x4125,
3.539640708333333,0,0x6C3F,
3.539648416666667,0,0x060B,
3.539675875000000,0,0x0004,
3.539683541666667,0,0x031D,
3.539809416666666,0,0x0004,
3.539817083333333,0,0x0311,
3.539943416666667,0,0x0004,
3.539951083333333,0,0x0315,
3.540077708333333,0,0x0004,
3.540085416666667,0,0x0319,
3.540212333333333,0,0x0004,
3.540220000000000,0,0x031D,
3.540346625000000,0,0x0001,
3.540354333333333,0,0x1D11,
3.540406750000000,0,0x0003,
3.540414458333333,0,0x2415,
3.540515250000000,0,0x0005,
3.540522958333333,0,0x2D19,
3.540672250000000,0,0x0006,
3.540679916666666,0,0x3B1D,
3.540852833333333,0,0x000A,
3.540860541666667,0,0x4111,
3.541131708333333,0,0x0004,
3.541139416666667,0,0x0325,
3.541265333333333,0,0x0001,
3.541273041666666,0,0x1D29,
3.541325500000000,0,0x0003,
3.541333166666667,0,0x242D,
3.541433291666667,0,0x0005,
3.541441000000000,0,0x2D21,
3.541590416666667,0,0x0006,
3.541598083333333,0,0x3B25,
3.541769958333334,0,0x000A,
3.541777625000000,0,0x4129,
3.549640666666667,0,0x7C3F,
3.549648375000000,0,0x060F,
3.549675750000000,0,0x0004,
3.549683458333333,0,0x0311,
3.549809541666667,0,0x0004,
3.549817208333333,0,0x0315,
3.549943833333333,0,0x0004,
3.549951541666667,0,0x0319,
3.550077125000000,0,0x0004,
3.550084791666666,0,0x031D,
3.550210958333333,0,0x0004,
3.550218625000000,0,0x0311,
3.550344625000000,0,0x0001,
3.550352291666667,0,0x1D15,
3.550404291666667,0,0x0003,
3.550411958333333,0,0x2419,
3.550513291666667,0,0x0005,
3.550521000000000,0,0x2D1D,
3.550670541666667,0,0x0006,
3.550678208333333,0,0x3B11,
3.550851250000000,0,0x000A,
3.550858958333333,0,0x4115,
3.551129833333333,0,0x0004,
3.551137500000000,0,0x0329,
3.551262416666667,0,0x0001,
3.551270125000000,0,0x1D2D,
3.551322291666667,0,0x0003,
3.551329958333334,0,0x2421,
3.551430583333334,0,0x0005,
3.551438291666666,0,0x2D25,
3.551587625000000,0,0x0006,
3.551595291666667,0,0x3B29,
3.551768250000000,0,0x000A,
3.551775916666667,0,0x412D,
3.559799916666667,0,0x8C3F,
3.559807583333333,0,0x0603,
3.559834916666667,0,0x0004,
3.559842625000000,0,0x0315,
3.559968916666667,0,0x0004,
3.559976583333333,0,0x0319,
3.560102708333333,0,0x0004,
3.560110375000000,0,0x031D,
3.560236333333333,0,0x0004,
3.560244041666667,0,0x0311,
3.560370500000000,0,0x0004,
3.560378166666667,0,0x0315,
3.560504666666667,0,0x0001,
3.560512333333334,0,0x1D19,
3.560564250000000,0,0x0003,
3.560571958333334,0,0x241D,
3.560672333333333,0,0x0005,
3.560680000000000,0,0x2D11,
3.560829125000000,0,0x0006,
3.560836791666667,0,0x3B15,
3.561009750000000,0,0x000A,
3.561017458333333,0,0x4119,
3.561287958333333,0,0x0004,
3.561295666666667,0,0x032D,
3.561420708333333,0,0x0001,
3.561428375000000,0,0x1D21,
3.561481000000000,0,0x0003,
3.561488708333334,0,0x2425,
3.561589750000000,0,0x0005,
3.561597458333333,0,0x2D29,
3.561744875000000,0,0x0006,
3.561752541666667,0,0x3B2D,
3.561924416666667,0,0x000A,
3.561932125000000,0,0x4121,
3.569646583333333,0,0x9C3F,
3.569654291666667,0,0x0607,
3.569681750000000,0,0x0004,
3.569689416666667,0,0x0319,
3.569815375000000,0,0x0004,
3.569823041666667,0,0x031D,
3.569949625000000,0,0x0004,
3.569957291666667,0,0x0311,
3.570083333333333,0,0x0004,
3.570091000000000,0,0x0315,
3.570217166666667,0,0x0004,
3.570224833333334,0,0x0319,
3.570352000000000,0,0x0001,
3.570359666666667,0,0x1D1D,
3.570411333333333,0,0x0003,
3.570419041666667,0,0x2411,
3.570519791666667,0,0x0005,
3.570527458333333,0,0x2D15,
3.570677458333333,0,0x0006,
3.570685125000000,0,0x3B19,
3.570858000000000,0,0x000A,
3.570865666666667,0,0x411D,
3.571137083333333,0,0x0004,
3.571144750000000,0,0x0321,
3.571270125000000,0,0x0001,
3.571277791666667,0,0x1D25,
3.571329583333333,0,0x0003,
3.571337250000000,0,0x2429,
3.571437000000000,0,0x0005,
3.571444708333333,0,0x2D2D,
3.571592750000000,0,0x0006,
3.571600458333333,0,0x3B21,
3.571772416666667,0,0x000A,
3.571780083333334,0,0x4125,
3.579651625000000,0,0xAC3F,
3.579659291666667,0,0x060B,
3.579686333333334,0,0x0004,
3.579694000000000,0,0x031D,
3.579820291666667,0,0x0004,
3.579828000000000,0,0x0311,
3.579954291666667,0,0x0004,
3.579961958333334,0,0x0315,
3.580088000000000,0,0x0004,
3.580095666666667,0,0x0319,
3.580222041666667,0,0x0004,
3.580229750000000,0,0x031D,
3.580356625000000,0,0x0001,
3.580364333333333,0,0x1D11,
3.580416375000000,0,0x0003,
3.580424083333333,0,0x2415,
3.580524916666667,0,0x0005,
3.580532583333333,0,0x2D19,
3.580681875000000,0,0x0006,
3.580689541666667,0,0x3B1D,
3.580862750000000,0,0x000A,
3.580870416666667,0,0x4111,
3.581141458333333,0,0x0004,
3.581149166666667,0,0x0325,
3.581274375000000,0,0x0001,
3.581282083333333,0,0x1D29,
3.581334291666667,0,0x0003,
3.581341958333333,0,0x242D,
3.581442041666667,0,0x0005,
3.581449708333333,0,0x2D21,
3.581599166666666,0,0x0006,
3.581606833333333,0,0x3B25,
3.581779041666667,0,0x000A,
3.581786708333333,0,0x4129,
3.589632375000000,0,0xBC3F,
3.589640083333333,0,0x060F,
3.589668333333333,0,0x0004,
3.589676000000000,0,0x0311,
3.589802500000000,0,0x0004,
3.589810166666667,0,0x0315,
3.589936541666667,0,0x0004,
3.589944208333333,0,0x0319,
3.590070250000000,0,0x0004,
3.590077958333334,0,0x031D,
3.590204083333334,0,0x0004,
3.590211791666666,0,0x0311,
3.590337666666667,0,0x0001,
3.590345333333333,0,0x1D15,
3.590398250000000,0,0x0003,
3.590405916666667,0,0x2419,
3.590506416666666,0,0x0005,
3.590514083333333,0,0x2D1D,
3.590664333333333,0,0x0006,
3.590672000000000,0,0x3B11,
3.590846291666667,0,0x000A,
3.590854000000000,0,0x4115,
3.591124250000000,0,0x0004,
3.591131916666667,0,0x0329,
3.591257291666667,0,0x0001,
3.591264958333333,0,0x1D2D,
3.591317208333333,0,0x0003,
3.591324875000000,0,0x2421,
3.591424875000000,0,0x0005,
3.591432541666667,0,0x2D25,
3.591582416666667,0,0x0006,
3.591590083333333,0,0x3B29,
3.591762791666667,0,0x000A,
3.591770458333333,0,0x412D,
3.599642333333333,0,0xCC3F,
3.599650000000000,0,0x0603,
3.599677875000000,0,0x0004,
3.599685541666667,0,0x0315,
3.599812458333334,0,0x0004,
3.599820125000000,0,0x0319,
3.599946291666666,0,0x0004,
3.599953958333333,0,0x031D,
3.600080000000000,0,0x0004,
3.600087666666667,0,0x0311,
3.600213541666667,0,0x0004,
3.600221250000000,0,0x0315,
3.600347500000000,0,0x0001,
3.600355166666667,0,0x1D19,
3.600407666666666,0,0x0003,
3.600415333333333,0,0x241D,
3.600516916666667,0,0x0005,
3.600524583333333,0,0x2D11,
3.600673291666667,0,0x0006,
3.600681000000000,0,0x3B15,
3.600854250000000,0,0x000A,
3.600861916666667,0,0x4119,
3.601131708333333,0,0x0004,
3.601139416666667,0,0x032D,
3.601264875000000,0,0x0001,
3.601272541666667,0,0x1D21,
3.601324791666667,0,0x0003,
3.601332458333333,0,0x2425,
3.601432083333334,0,0x0005,
3.601439750000000,0,0x2D29,
3.601589791666667,0,0x0006,
3.601597500000000,0,0x3B2D,
3.601769791666667,0,0x000A,
3.601777458333333,0,0x4121,
3.609648041666667,0,0xDC3F,
3.609655708333333,0,0x0607,
3.609683041666667,0,0x0004,
3.609690750000000,0,0x0319,
3.609817166666667,0,0x0004,
3.609824833333333,0,0x031D,
3.609951458333333,0,0x0004,
3.609959125000000,0,0x0311,
3.610085583333333,0,0x0004,
3.610093250000000,0,0x0315,
3.610219500000000,0,0x0004,
3.610227166666667,0,0x0319,
3.610353500000000,0,0x0001,
3.610361166666667,0,0x1D1D,
3.610413416666667,0,0x0003,
3.610421125000000,0,0x2411,
3.610521541666667,0,0x0005,
3.610529208333333,0,0x2D15,
3.610679083333333,0,0x0006,
3.610686791666667,0,0x3B19,
3.610859500000000,0,0x000A,
3.610867208333334,0,0x411D,
3.611138041666667,0,0x0004,
3.611145708333333,0,0x0321,
3.611271000000000,0,0x0001,
3.611278666666667,0,0x1D25,
3.611330291666667,0,0x0003,
3.611338000000000,0,0x2429,
3.611438166666667,0,0x0005,
3.611445875000000,0,0x2D2D,
3.611594750000000,0,0x0006,
3.611602458333333,0,0x3B21,
3.611774833333333,0,0x000A,
3.611782541666666,0,0x4125,
3.619621166666667,0,0xEC3F,
3.619628833333334,0,0x060B,
3.619656500000000,0,0x0004,
3.619664166666666,0,0x031D,
3.619790208333333,0,0x0004,
3.619797916666667,0,0x0311,
3.619924125000000,0,0x0004,
3.619931791666667,0,0x0315,
3.620057666666667,0,0x0004,
3.620065333333333,0,0x0319,
3.620190625000000,0,0x0004,
3.620198333333333,0,0x031D,
3.620324625000000,0,0x0001,
3.620332333333333,0,0x1D11,
3.620384458333334,0,0x0003,
3.620392166666667,0,0x2415,
3.620492500000000,0,0x0005,
3.620500208333334,0,0x2D19,
3.620649791666667,0,0x0006,
3.620657500000000,0,0x3B1D,
3.620831333333333,0,0x000A,
3.620839000000000,0,0x4111,
3.621109291666667,0,0x0004,
3.621116958333333,0,0x0325,
3.621243250000000,0,0x0001,
3.621250916666667,0,0x1D29,
3.621302791666666,0,0x0003,
3.621310458333333,0,0x242D,
3.621409791666667,0,0x0005,
3.621417500000000,0,0x2D21,
3.621565000000000,0,0x0006,
3.621572666666667,0,0x3B25,
3.621744750000000,0,0x000A,
3.621752458333333,0,0x4129,
3.629632083333334,0,0xFC3F,
3.629639750000000,0,0x060F,
3.629667000000000,0,0x0004,
3.629674666666667,0,0x0311,
3.629800833333333,0,0x0004,
3.629808541666667,0,0x0315,
3.629934625000000,0,0x0004,
3.629942291666667,0,0x0319,
3.630068125000000,0,0x0004,
3.630075791666667,0,0x031D,
3.630201250000000,0,0x0004,
3.630208916666667,0,0x0311,
3.630335083333333,0,0x0001,
3.630342750000000,0,0x1D15,
3.630394833333333,0,0x0003,
3.630402500000000,0,0x2419,
3.630502666666667,0,0x0005,
3.630510333333334,0,0x2D1D,
3.630659750000000,0,0x0006,
3.630667416666667,0,0x3B11,
3.630840958333333,0,0x000A,
3.630848625000000,0,0x4115,
3.631118833333333,0,0x0004,
3.631126500000000,0,0x0329,
3.631252333333333,0,0x0001,
3.631260000000000,0,0x1D2D,
3.631311666666666,0,0x0003,
3.631319333333333,0,0x2421,
3.631419250000000,0,0x0005,
3.631426916666667,0,0x2D25,
3.631575500000000,0,0x0006,
3.631583166666667,0,0x3B29,
3.631755375000000,0,0x000A,
3.631763041666667,0,0x412D,
3.639635875000000,0,0x0C3F,
3.639643583333333,0,0x0603,
3.639671541666667,0,0x0004,
3.639679250000000,0,0x0315,
3.639805500000000,0,0x0004,
3.639813166666667,0,0x0319,
3.639939791666666,0,0x0004,
3.639947458333333,0,0x031D,
3.640073875000000,0,0x0004,
3.640081541666667,0,0x0311,
3.640208416666667,0,0x0004,
3.640216083333333,0,0x0315,
3.640342291666667,0,0x0001,
3.640349958333333,0,0x1D19,
3.640402583333334,0,0x0003,
3.640410250000000,0,0x241D,
3.640511583333333,0,0x0005,
3.640519291666667,0,0x2D11,
3.640668958333333,0,0x0006,
3.640676625000000,0,0x3B15,
3.640849916666667,0,0x000A,
3.640857583333333,0,0x4119,
3.641127750000000,0,0x0004,
3.641135416666667,0,0x032D,
3.641261208333333,0,0x0001,
3.641268916666667,0,0x1D21,
3.641321833333333,0,0x0003,
3.641329500000000,0,0x2425,
3.641429958333333,0,0x0005,
3.641437625000000,0,0x2D29,
3.641587666666667,0,0x0006,
3.641595375000000,0,0x3B2D,
3.641768291666667,0,0x000A,
3.641775958333333,0,0x4121,
3.649688916666667,0,0x1C3F,
3.649696583333333,0,0x0607,
3.649724791666667,0,0x0004,
3.649732458333333,0,0x0319,
3.649858916666667,0,0x0004,
3.649866583333333,0,0x031D,
3.649992250000000,0,0x0004,
3.649999916666667,0,0x0311,
3.650126500000000,0,0x0004,
3.650134166666667,0,0x0315,
3.650260000000000,0,0x0004,
3.650267708333333,0,0x0319,
3.650393583333333,0,0x0001,
3.650401291666667,0,0x1D1D,
3.650453458333333,0,0x0003,
3.650461166666667,0,0x2411,
3.650561750000000,0,0x0005,
3.650569416666666,0,0x2D15,
3.650718583333334,0,0x0006,
3.650726250000000,0,0x3B19,
3.650899208333333,0,0x000A,
3.650906875000000,0,0x411D,
3.651176750000000,0,0x0004,
3.651184458333333,0,0x0321,
3.651309291666667,0,0x0001,
3.651316958333333,0,0x1D25,
3.651369500000000,0,0x0003,
3.651377166666667,0,0x2429,
3.651476958333333,0,0x0005,
3.651484666666667,0,0x2D2D,
3.651632583333333,0,0x0006,
3.651640291666667,0,0x3B21,
3.651812666666667,0,0x000A,
3.651820333333333,0,0x4125,
3.659763333333333,0,0x2C3F,
3.659771041666667,0,0x060B,
3.659798333333333,0,0x0004,
3.659806000000000,0,0x031D,
3.659932583333333,0,0x0004,
3.659940291666667,0,0x0311,
3.660066208333333,0,0x0004,
3.660073916666667,0,0x0315,
3.660199916666667,0,0x0004,
3.660207625000000,0,0x0319,
3.660332833333333,0,0x0004,
3.660340500000000,0,0x031D,
3.660466791666667,0,0x0001,
3.660474500000000,0,0x1D11,
3.660526375000000,0,0x0003,
3.660534041666667,0,0x2415,
3.660634166666667,0,0x0005,
3.660641875000000,0,0x2D19,
3.660791750000000,0,0x0006,
3.660799416666667,0,0x3B1D,
3.660972958333333,0,0x000A,
3.660980625000000,0,0x4111,
3.661251125000000,0,0x0004,
3.661258791666667,0,0x0325,
3.661383375000000,0,0x0001,
3.661391083333333,0,0x1D29,
3.661443208333333,0,0x0003,
3.661450875000000,0,0x242D,
3.661550291666666,0,0x0005,
3.661557958333333,0,0x2D21,
3.661706416666667,0,0x0006,
3.661714125000000,0,0x3B25,
3.661886833333333,0,0x000A,
3.661894500000000,0,0x4129,
3.669686000000000,0,0x3C3F,
3.669693708333333,0,0x060F,
3.669721541666667,0,0x0004,
3.669729250000000,0,0x0311,
3.669856458333333,0,0x0004,
3.669864125000000,0,0x0315,
3.669990416666667,0,0x0004,
3.669998083333333,0,0x0319,
3.670123833333333,0,0x0004,
3.670131541666667,0,0x031D,
3.670257208333333,0,0x0004,
3.670264875000000,0,0x0311,
3.670390458333333,0,0x0001,
3.670398125000000,0,0x1D15,
3.670450041666667,0,0x0003,
3.670457708333333,0,0x2419,
3.670558250000000,0,0x0005,
3.670565916666667,0,0x2D1D,
3.670714791666667,0,0x0006,
3.670722500000000,0,0x3B11,
3.670896083333334,0,0x000A,
3.670903750000000,0,0x4115,
3.671174250000000,0,0x0004,
3.671181958333333,0,0x0329,
3.671306958333334,0,0x0001,
3.671314666666667,0,0x1D2D,
3.671367541666667,0,0x0003,
3.671375250000000,0,0x2421,
3.671475541666667,0,0x0005,
3.671483208333334,0,0x2D25,
3.671632166666666,0,0x0006,
3.671639875000000,0,0x3B29,
3.671812500000000,0,0x000A,
3.671820166666667,0,0x412D,
3.679662583333333,0,0x4C3F,
3.679670250000000,0,0x0603,
3.679697083333333,0,0x0004,
3.679704791666667,0,0x0315,
3.679830791666667,0,0x0004,
3.679838458333333,0,0x0319,
3.679964375000000,0,0x0004,
3.679972083333333,0,0x031D,
3.680098958333333,0,0x0004,
3.680106625000000,0,0x0311,
3.680233041666667,0,0x0004,
3.680240708333333,0,0x0315,
3.680366791666667,0,0x0001,
3.680374458333334,0,0x1D19,
3.680426875000000,0,0x0003,
3.680434541666667,0,0x241D,
3.680535541666667,0,0x0005,
3.680543208333333,0,0x2D11,
3.680692541666667,0,0x0006,
3.680700208333333,0,0x3B15,
3.680873583333333,0,0x000A,
3.680881250000000,0,0x4119,
3.681151833333333,0,0x0004,
3.681159500000000,0,0x032D,
3.681285458333333,0,0x0001,
3.681293125000000,0,0x1D21,
3.681344875000000,0,0x0003,
3.681352583333333,0,0x2425,
3.681452791666667,0,0x0005,
3.681460458333333,0,0x2D29,
3.681610375000000,0,0x0006,
3.681618041666667,0,0x3B2D,
3.681790208333333,0,0x000A,
3.681797875000000,0,0x4121,
3.689688458333333,0,0x5C3F,
3.689696166666667,0,0x0607,
3.689723625000000,0,0x0004,
3.689731291666666,0,0x0319,
3.689857166666667,0,0x0004,
3.689864833333333,0,0x031D,
3.689990708333333,0,0x0004,
3.689998416666667,0,0x0311,
3.690124958333334,0,0x0004,
3.690132625000000,0,0x0315,
3.690257916666666,0,0x0004,
3.690265583333333,0,0x0319,
3.690391583333333,0,0x0001,
3.690399291666667,0,0x1D1D,
3.690451041666666,0,0x0003,
3.690458750000000,0,0x2411,
3.690559166666667,0,0x0005,
3.690566875000000,0,0x2D15,
3.690715791666667,0,0x0006,
3.690723458333333,0,0x3B19,
3.690896916666667,0,0x000A,
3.690904583333333,0,0x411D,
3.691175041666667,0,0x0004,
3.691182750000000,0,0x0321,
3.691308166666667,0,0x0001,
3.691315833333333,0,0x1D25,
3.691367708333333,0,0x0003,
3.691375416666667,0,0x2429,
3.691475333333333,0,0x0005,
3.691483000000000,0,0x2D2D,
3.691631500000000,0,0x0006,
3.691639166666667,0,0x3B21,
3.691811041666667,0,0x000A,
3.691818750000000,0,0x4125,
3.699666250000000,0,0x6C3F,
3.699673916666667,0,0x060B,
3.699701708333333,0,0x0004,
3.699709375000000,0,0x031D,
3.699835791666667,0,0x0004,
3.699843458333334,0,0x0311,
3.699970500000000,0,0x0004,
3.699978166666666,0,0x0315,
3.700105208333333,0,0x0004,
3.700112916666667,0,0x0319,
3.700239208333334,0,0x0004,
3.700246875000000,0,0x031D,
3.700373291666667,0,0x0001,
3.700381000000000,0,0x1D11,
3.700432583333333,0,0x0003,
3.700440291666667,0,0x2415,
3.700540708333333,0,0x0005,
3.700548375000000,0,0x2D19,
3.700696666666667,0,0x0006,
3.700704375000000,0,0x3B1D,
3.700877458333333,0,0x000A,
3.700885125000000,0,0x4111,
3.701156000000000,0,0x0004,
3.701163666666667,0,0x0325,
3.701289500000000,0,0x0001,
3.701297166666667,0,0x1D29,
3.701349083333333,0,0x0003,
3.701356750000000,0,0x242D,
3.701457083333333,0,0x0005,
3.701464750000000,0,0x2D21,
3.701613000000000,0,0x0006,
3.701620666666666,0,0x3B25,
3.701793125000000,0,0x000A,
3.701800791666667,0,0x4129,
3.709663541666667,0,0x7C3F,
3.709671208333333,0,0x060F,
3.709698458333333,0,0x0004,
3.709706166666667,0,0x0311,
3.709832541666667,0,0x0004,
3.709840208333333,0,0x0315,
3.709966416666667,0,0x0004,
3.709974083333333,0,0x0319,
3.710100333333333,0,0x0004,
3.710108000000000,0,0x031D,
3.710234625000000,0,0x0004,
3.710242291666667,0,0x0311,
3.710368500000000,0,0x0001,
3.710376208333333,0,0x1D15,
3.710428791666667,0,0x0003,
3.710436500000000,0,0x2419,
3.710536916666667,0,0x0005,
3.710544583333333,0,0x2D1D,
3.710693916666667,0,0x0006,
3.710701583333333,0,0x3B11,
3.710874791666666,0,0x000A,
3.710882458333333,0,0x4115,
3.711153708333333,0,0x0004,
3.711161416666667,0,0x0329,
3.711286666666667,0,0x0001,
3.711294333333333,0,0x1D2D,
3.711346333333333,0,0x0003,
3.711354041666667,0,0x2421,
3.711454958333333,0,0x0005,
3.711462625000000,0,0x2D25,
3.711611708333333,0,0x0006,
3.711619416666667,0,0x3B29,
3.711792125000000,0,0x000A,
3.711799791666667,0,0x412D,
3.719639333333333,0,0x8C3F,
3.719647000000000,0,0x0603,
3.719674541666667,0,0x0004,
3.719682250000000,0,0x0315,
3.719809541666667,0,0x0004,
3.719817208333333,0,0x0319,
3.719942875000000,0,0x0004,
3.719950541666666,0,0x031D,
3.720075916666667,0,0x0004,
3.720083583333333,0,0x0311,
3.720208750000000,0,0x0004,
3.720216416666667,0,0x0315,
3.720342416666667,0,0x0001,
3.720350083333333,0,0x1D19,
3.720402500000000,0,0x0003,
3.720410208333333,0,0x241D,
3.720510375000000,0,0x0005,
3.720518041666667,0,0x2D11,
3.720666833333333,0,0x0006,
3.720674541666666,0,0x3B15,
3.720847458333334,0,0x000A,
3.720855125000000,0,0x4119,
3.721124958333333,0,0x0004,
3.721132666666667,0,0x032D,
3.721258125000000,0,0x0001,
3.721265791666667,0,0x1D21,
3.721317750000000,0,0x0003,
3.721325416666667,0,0x2425,
3.721425416666666,0,0x0005,
3.721433083333333,0,0x2D29,
3.721581291666667,0,0x0006,
3.721588958333333,0,0x3B2D,
3.721761791666667,0,0x000A,
3.721769500000000,0,0x4121,
3.729660250000000,0,0x9C3F,
3.729667916666667,0,0x0607,
3.729695416666666,0,0x0004,
3.729703083333333,0,0x0319,
3.729829583333333,0,0x0004,
3.729837250000000,0,0x031D,
3.729963833333333,0,0x0004,
3.729971500000000,0,0x0311,
3.730097583333333,0,0x0004,
3.730105250000000,0,0x0315,
3.730231750000000,0,0x0004,
3.730239416666667,0,0x0319,
3.730366208333333,0,0x0001,
3.730373916666667,0,0x1D1D,
3.730425375000000,0,0x0003,
3.730433041666667,0,0x2411,
3.730533666666667,0,0x0005,
3.730541375000000,0,0x2D15,
3.730690500000000,0,0x0006,
3.730698166666667,0,0x3B19,
3.730871041666667,0,0x000A,
3.730878750000000,0,0x411D,
3.731149375000000,0,0x0004,
3.731157041666667,0,0x0321,
3.731282041666667,0,0x0001,
3.731289708333333,0,0x1D25,
3.731341666666667,0,0x0003,
3.731349333333333,0,0x2429,
3.731449375000000,0,0x0005,
3.731457083333333,0,0x2D2D,
3.731606541666667,0,0x0006,
3.731614250000000,0,0x3B21,
3.731787750000000,0,0x000A,
3.731795416666666,0,0x4125,
3.739654458333333,0,0xAC3F,
3.739662125000000,0,0x060B,
3.739689666666667,0,0x0004,
3.739697333333333,0,0x031D,
3.739823791666667,0,0x0004,
3.739831458333333,0,0x0311,
3.739957375000000,0,0x0004,
3.739965041666667,0,0x0315,
3.740090958333333,0,0x0004,
3.740098666666666,0,0x0319,
3.740224916666667,0,0x0004,
3.740232583333333,0,0x031D,
3.740358416666667,0,0x0001,
3.740366125000000,0,0x1D11,
3.740418750000000,0,0x0003,
3.740426416666667,0,0x2415,
3.740528250000000,0,0x0005,
3.740535916666667,0,0x2D19,
3.740685500000000,0,0x0006,
3.740693208333334,0,0x3B1D,
3.740866625000000,0,0x000A,
3.740874291666667,0,0x4111,
3.741144916666667,0,0x0004,
3.741152625000000,0,0x0325,
3.741278958333333,0,0x0001,
3.741286625000000,0,0x1D29,
3.741338750000000,0,0x0003,
3.741346458333333,0,0x242D,
3.741446875000000,0,0x0005,
3.741454541666667,0,0x2D21,
3.741604708333333,0,0x0006,
3.741612416666667,0,0x3B25,
3.741784958333333,0,0x000A,
3.741792666666667,0,0x4129,
3.749647750000000,0,0xBC3F,
3.749655416666667,0,0x060F,
3.749683083333333,0,0x0004,
3.749690750000000,0,0x0311,
3.749817083333333,0,0x0004,
3.749824750000000,0,0x0315,
3.749950791666667,0,0x0004,
3.749958500000000,0,0x0319,
3.750084291666667,0,0x0004,
3.750092000000000,0,0x031D,
3.750217500000000,0,0x0004,
3.750225208333333,0,0x0311,
3.750351291666667,0,0x0001,
3.750358958333333,0,0x1D15,
3.750411083333333,0,0x0003,
3.750418750000000,0,0x2419,
3.750518750000000,0,0x0005,
3.750526458333333,0,0x2D1D,
3.750675625000000,0,0x0006,
3.750683333333333,0,0x3B11,
3.750856416666667,0,0x000A,
3.750864083333334,0,0x4115,
3.751134875000000,0,0x0004,
3.751142541666667,0,0x0329,
3.751268708333333,0,0x0001,
3.751276375000000,0,0x1D2D,
3.751328750000000,0,0x0003,
3.751336458333333,0,0x2421,
3.751436625000000,0,0x0005,
3.751444333333333,0,0x2D25,
3.751593083333333,0,0x0006,
3.751600750000000,0,0x3B29,
3.751773208333333,0,0x000A,
3.751780875000000,0,0x412D,
3.759797625000000,0,0xCC3F,
3.759805291666667,0,0x0603,
3.759832958333333,0,0x0004,
3.759840625000000,0,0x0315,
3.759966750000000,0,0x0004,
3.759974416666667,0,0x0319,
3.760100958333333,0,0x0004,
3.760108625000000,0,0x031D,
3.760234333333333,0,0x0004,
3.760242041666667,0,0x0311,
3.760368708333333,0,0x0004,
3.760376375000000,0,0x0315,
3.760502541666667,0,0x0001,
3.760510208333333,0,0x1D19,
3.760561791666666,0,0x0003,
3.760569458333333,0,0x241D,
3.760670166666667,0,0x0005,
3.760677875000000,0,0x2D11,
3.760827541666667,0,0x0006,
3.760835250000000,0,0x3B15,
3.761009125000000,0,0x000A,
3.761016833333333,0,0x4119,
3.761286791666667,0,0x0004,
3.761294458333333,0,0x032D,
3.761420708333334,0,0x0001,
3.761428416666666,0,0x1D21,
3.761480500000000,0,0x0003,
3.761488166666667,0,0x2425,
3.761589041666667,0,0x0005,
3.761596750000000,0,0x2D29,
3.761744750000000,0,0x0006,
3.761752458333333,0,0x3B2D,
3.761924083333333,0,0x000A,
3.761931750000000,0,0x4121,
3.770651916666667,0,0xDC3F,
3.770659625000000,0,0x0607,
3.770688000000000,0,0x0004,
3.770695708333333,0,0x0319,
3.770822041666666,0,0x0004,
3.770829708333333,0,0x031D,
3.770955333333333,0,0x0004,
3.770963000000000,0,0x0311,
3.771089250000000,0,0x0004,
3.771096916666667,0,0x0315,
3.771222875000000,0,0x0004,
3.771230583333333,0,0x0319,
3.771357333333333,0,0x0001,
3.771365000000000,0,0x1D1D,
3.771417166666667,0,0x0003,
3.771424833333333,0,0x2411,
3.771526458333333,0,0x0005,
3.771534125000000,0,0x2D15,
3.771683875000000,0,0x0006,
3.771691541666667,0,0x3B19,
3.771864958333333,0,0x000A,
3.771872666666667,0,0x411D,
3.772142041666667,0,0x0004,
3.772149708333334,0,0x0321,
3.772274791666667,0,0x0001,
3.772282500000000,0,0x1D25,
3.772334791666667,0,0x0003,
3.772342458333333,0,0x2429,
3.772442458333333,0,0x0005,
3.772450166666667,0,0x2D2D,
3.772597708333334,0,0x0006,
3.772605375000000,0,0x3B21,
3.772777333333333,0,0x000A,
3.772785000000000,0,0x4125,
3.779738500000000,0,0xEC3F,
3.779746166666667,0,0x060B,
3.779774291666667,0,0x0004,
3.779782000000000,0,0x031D,
3.779908500000000,0,0x0004,
3.779916208333333,0,0x0311,
3.780042250000000,0,0x0004,
3.780049916666667,0,0x0315,
3.780176750000000,0,0x0004,
3.780184416666667,0,0x0319,
3.780310083333333,0,0x0004,
3.780317791666667,0,0x031D,
3.780443666666667,0,0x0001,
3.780451333333333,0,0x1D11,
3.780503708333333,0,0x0003,
3.780511375000000,0,0x2415,
3.780611833333333,0,0x0005,
3.780619541666667,0,0x2D19,
3.780769625000000,0,0x0006,
3.780777291666667,0,0x3B1D,
3.780950041666667,0,0x000A,
3.780957708333333,0,0x4111,
3.781227583333334,0,0x0004,
3.781235250000000,0,0x0325,
3.781360291666667,0,0x0001,
3.781367958333334,0,0x1D29,
3.781419833333334,0,0x0003,
3.781427500000000,0,0x242D,
3.781528125000000,0,0x0005,
3.781535833333333,0,0x2D21,
3.781683875000000,0,0x0006,
3.781691541666667,0,0x3B25,
3.781864166666667,0,0x000A,
3.781871833333333,0,0x4129,
3.789662708333333,0,0xFC3F,
3.789670375000000,0,0x060F,
3.789698000000000,0,0x0004,
3.789705708333333,0,0x0311,
3.789832458333333,0,0x0004,
3.789840125000000,0,0x0315,
3.789966875000000,0,0x0004,
3.789974583333333,0,0x0319,
3.790101291666667,0,0x0004,
3.790108958333333,0,0x031D,
3.790235041666667,0,0x0004,
3.790242708333333,0,0x0311,
3.790368875000000,0,0x0001,
3.790376541666667,0,0x1D15,
3.790428666666667,0,0x0003,
3.790436333333334,0,0x2419,
3.790538250000000,0,0x0005,
3.790545916666667,0,0x2D1D,
3.790695333333333,0,0x0006,
3.790703041666667,0,0x3B11,
3.790876833333333,0,0x000A,
3.790884500000000,0,0x4115,
3.791154708333333,0,0x0004,
3.791162416666667,0,0x0329,
3.791287916666667,0,0x0001,
3.791295583333333,0,0x1D2D,
3.791347416666667,0,0x0003,
3.791355083333333,0,0x2421,
3.791454916666666,0,0x0005,
3.791462625000000,0,0x2D25,
3.791613000000000,0,0x0006,
3.791620666666667,0,0x3B29,
3.791793166666667,0,0x000A,
3.791800833333333,0,0x412D,
3.799638291666667,0,0x0C3F,
3.799646000000000,0,0x0603,
3.799673250000000,0,0x0004,
3.799680958333334,0,0x0315,
3.799806750000000,0,0x0004,
3.799814416666667,0,0x0319,
3.799941083333333,0,0x0004,
3.799948791666667,0,0x031D,
3.800075250000000,0,0x0004,
3.800082916666667,0,0x0311,
3.800208958333333,0,0x0004,
3.800216625000000,0,0x0315,
3.800342458333333,0,0x0001,
3.800350125000000,0,0x1D19,
3.800402416666667,0,0x0003,
3.800410083333333,0,0x241D,
3.800510916666667,0,0x0005,
3.800518583333333,0,0x2D11,
3.800667333333333,0,0x0006,
3.800675000000000,0,0x3B15,
3.800848416666667,0,0x000A,
3.800856083333333,0,0x4119,
3.801126416666667,0,0x0004,
3.801134125000000,0,0x032D,
3.801258666666667,0,0x0001,
3.801266333333333,0,0x1D21,
3.801317916666667,0,0x0003,
3.801325583333333,0,0x2425,
3.801425041666667,0,0x0005,
3.801432708333333,0,0x2D29,
3.801580166666667,0,0x0006,
3.801587875000000,0,0x3B2D,
3.801760041666667,0,0x000A,
3.801767708333333,0,0x4121,
3.809649041666667,0,0x1C3F,
3.809656708333333,0,0x0607,
3.809684250000000,0,0x0004,
3.809691916666667,0,0x0319,
3.809818791666667,0,0x0004,
3.809826458333333,0,0x031D,
3.809953458333333,0,0x0004,
3.809961166666667,0,0x0311,
3.810087375000000,0,0x0004,
3.810095041666667,0,0x0315,
3.810220750000000,0,0x0004,
3.810228458333333,0,0x0319,
3.810355250000000,0,0x0001,
3.810362916666667,0,0x1D1D,
3.810415125000000,0,0x0003,
3.810422791666667,0,0x2411,
3.810523791666667,0,0x0005,
3.810531500000000,0,0x2D15,
3.810680375000000,0,0x0006,
3.810688083333333,0,0x3B19,
3.810860500000000,0,0x000A,
3.810868166666667,0,0x411D,
3.811138791666667,0,0x0004,
3.811146458333333,0,0x0321,
3.811271458333333,0,0x0001,
3.811279166666667,0,0x1D25,
3.811331500000000,0,0x0003,
3.811339166666667,0,0x2429,
3.811439333333333,0,0x0005,
3.811447041666667,0,0x2D2D,
3.811595541666667,0,0x0006,
3.811603208333334,0,0x3B21,
3.811775375000000,0,0x000A,
3.811783041666667,0,0x4125,
3.819654083333333,0,0x2C3F,
3.819661750000000,0,0x060B,
3.819689166666667,0,0x0004,
3.819696833333333,0,0x031D,
3.819823291666667,0,0x0004,
3.819830958333333,0,0x0311,
3.819957458333334,0,0x0004,
3.819965125000000,0,0x0315,
3.820090500000000,0,0x0004,
3.820098166666666,0,0x0319,
3.820224541666667,0,0x0004,
3.820232208333334,0,0x031D,
3.820358416666667,0,0x0001,
3.820366083333333,0,0x1D11,
3.820418541666667,0,0x0003,
3.820426250000000,0,0x2415,
3.820526875000000,0,0x0005,
3.820534583333334,0,0x2D19,
3.820684208333333,0,0x0006,
3.820691875000000,0,0x3B1D,
3.820865208333333,0,0x000A,
3.820872916666667,0,0x4111,
3.821144208333333,0,0x0004,
3.821151875000000,0,0x0325,
3.821278416666666,0,0x0001,
3.821286125000000,0,0x1D29,
3.821338541666667,0,0x0003,
3.821346208333333,0,0x242D,
3.821445750000000,0,0x0005,
3.821453416666666,0,0x2D21,
3.821602666666667,0,0x0006,
3.821610333333334,0,0x3B25,
3.821783375000000,0,0x000A,
3.821791041666667,0,0x4129,
3.829664958333333,0,0x3C3F,
3.829672666666667,0,0x060F,
3.829699791666667,0,0x0004,
3.829707500000000,0,0x0311,
3.829834375000000,0,0x0004,
3.829842041666667,0,0x0315,
3.829968541666667,0,0x0004,
3.829976250000000,0,0x0319,
3.830102166666667,0,0x0004,
3.830109875000000,0,0x031D,
3.830236666666667,0,0x0004,
3.830244333333333,0,0x0311,
3.830369875000000,0,0x0001,
3.830377583333333,0,0x1D15,
3.830429750000000,0,0x0003,
3.830437416666667,0,0x2419,
3.830539083333333,0,0x0005,
3.830546750000000,0,0x2D1D,
3.830695750000000,0,0x0006,
3.830703416666667,0,0x3B11,
3.830877416666667,0,0x000A,
3.830885083333333,0,0x4115,
3.831155500000000,0,0x0004,
3.831163166666667,0,0x0329,
3.831288625000000,0,0x0001,
3.831296291666667,0,0x1D2D,
3.831348208333333,0,0x0003,
3.831355916666667,0,0x2421,
3.831456500000000,0,0x0005,
3.831464208333333,0,0x2D25,
3.831613416666667,0,0x0006,
3.831621125000000,0,0x3B29,
3.831793041666667,0,0x000A,
3.831800750000000,0,0x412D,
3.839652666666667,0,0x4C3F,
3.839660375000000,0,0x0603,
3.839687833333334,0,0x0004,
3.839695500000000,0,0x0315,
3.839821541666667,0,0x0004,
3.839829250000000,0,0x0319,
3.839955916666667,0,0x0004,
3.839963583333333,0,0x031D,
3.840089500000000,0,0x0004,
3.840097166666667,0,0x0311,
3.840223291666667,0,0x0004,
3.840231000000000,0,0x0315,
3.840357416666667,0,0x0001,
3.840365125000000,0,0x1D19,
3.840417958333334,0,0x0003,
3.840425666666667,0,0x241D,
3.840526125000000,0,0x0005,
3.840533791666667,0,0x2D11,
3.840683291666667,0,0x0006,
3.840690958333334,0,0x3B15,
3.840864333333333,0,0x000A,
3.840872041666667,0,0x4119,
3.841143041666667,0,0x0004,
3.841150708333333,0,0x032D,
3.841276125000000,0,0x0001,
3.841283833333333,0,0x1D21,
3.841335875000000,0,0x0003,
3.841343583333333,0,0x2425,
3.841443750000000,0,0x0005,
3.841451458333333,0,0x2D29,
3.841600875000000,0,0x0006,
3.841608541666667,0,0x3B2D,
3.841781333333333,0,0x000A,
3.841789000000000,0,0x4121,
3.849670625000000,0,0x5C3F,
3.849678291666667,0,0x0607,
3.849705708333333,0,0x0004,
3.849713416666667,0,0x0319,
3.849839291666667,0,0x0004,
3.849846958333333,0,0x031D,
3.849973291666667,0,0x0004,
3.849981000000000,0,0x0311,
3.850107708333333,0,0x0004,
3.850115375000000,0,0x0315,
3.850241958333333,0,0x0004,
3.850249625000000,0,0x0319,
3.850376166666666,0,0x0001,
3.850383875000000,0,0x1D1D,
3.850436250000000,0,0x0003,
3.850443958333333,0,0x2411,
3.850545125000000,0,0x0005,
3.850552833333333,0,0x2D15,
3.850702291666667,0,0x0006,
3.850710000000000,0,0x3B19,
3.850882875000000,0,0x000A,
3.850890541666667,0,0x411D,
3.851161250000000,0,0x0004,
3.851168916666666,0,0x0321,
3.851293916666667,0,0x0001,
3.851301625000000,0,0x1D25,
3.851353333333333,0,0x0003,
3.851361041666667,0,0x2429,
3.851461416666667,0,0x0005,
3.851469083333333,0,0x2D2D,
3.851618208333333,0,0x0006,
3.851625875000000,0,0x3B21,
3.851798041666667,0,0x000A,
3.851805750000000,0,0x4125,
3.859805750000000,0,0x6C3F,
3.859813416666667,0,0x060B,
3.859840875000000,0,0x0004,
3.859848541666667,0,0x031D,
3.859974916666667,0,0x0004,
3.859982583333333,0,0x0311,
3.860110208333333,0,0x0004,
3.860117875000000,0,0x0315,
3.860244708333334,0,0x0004,
3.860252375000000,0,0x0319,
3.860379291666667,0,0x0004,
3.860387000000000,0,0x031D,
3.860513125000000,0,0x0001,
3.860520791666667,0,0x1D11,
3.860573375000000,0,0x0003,
3.860581083333333,0,0x2415,
3.860681625000000,0,0x0005,
3.860689291666667,0,0x2D19,
3.860838958333333,0,0x0006,
3.860846625000000,0,0x3B1D,
3.861019625000000,0,0x000A,
3.861027291666667,0,0x4111,
3.861297333333333,0,0x0004,
3.861305041666667,0,0x0325,
3.861429916666667,0,0x0001,
3.861437583333333,0,0x1D29,
3.861489958333333,0,0x0003,
3.861497625000000,0,0x242D,
3.861598083333333,0,0x0005,
3.861605750000000,0,0x2D21,
3.861753458333333,0,0x0006,
3.861761125000000,0,0x3B25,
3.861933625000000,0,0x000A,
3.861941333333333,0,0x4129,
3.869670250000000,0,0x7C3F,
3.869677958333333,0,0x060F,
3.869705458333333,0,0x0004,
3.869713125000000,0,0x0311,
3.869839958333333,0,0x0004,
3.869847625000000,0,0x0315,
3.869973791666667,0,0x0004,
3.869981458333333,0,0x0319,
3.870107916666667,0,0x0004,
3.870115583333333,0,0x031D,
3.870242416666667,0,0x0004,
3.870250083333334,0,0x0311,
3.870375958333333,0,0x0001,
3.870383625000000,0,0x1D15,
3.870435625000000,0,0x0003,
3.870443291666667,0,0x2419,
3.870544750000000,0,0x0005,
3.870552458333334,0,0x2D1D,
3.870701291666667,0,0x0006,
3.870708958333333,0,0x3B11,
3.870882125000000,0,0x000A,
3.870889791666666,0,0x4115,
3.871160958333333,0,0x0004,
3.871168625000000,0,0x0329,
3.871293958333333,0,0x0001,
3.871301625000000,0,0x1D2D,
3.871353541666667,0,0x0003,
3.871361250000000,0,0x2421,
3.871461750000000,0,0x0005,
3.871469416666667,0,0x2D25,
3.871619250000000,0,0x0006,
3.871626916666667,0,0x3B29,
3.871799291666667,0,0x000A,
3.871807000000000,0,0x412D,
3.879708750000000,0,0x8C3F,
3.879716416666667,0,0x0603,
3.879744041666667,0,0x0004,
3.879751750000000,0,0x0315,
3.879878583333333,0,0x0004,
3.879886250000000,0,0x0319,
3.880012833333333,0,0x0004,
3.880020500000000,0,0x031D,
3.880146833333333,0,0x0004,
3.880154500000000,0,0x0311,
3.880280916666667,0,0x0004,
3.880288583333333,0,0x0315,
3.880414208333333,0,0x0001,
3.880421875000000,0,0x1D19,
3.880474250000000,0,0x0003,
3.880481916666667,0,0x241D,
3.880583041666667,0,0x0005,
3.880590708333334,0,0x2D11,
3.880740333333333,0,0x0006,
3.880748000000000,0,0x3B15,
3.880921375000000,0,0x000A,
3.880929083333333,0,0x4119,
3.881199541666667,0,0x0004,
3.881207250000000,0,0x032D,
3.881332250000000,0,0x0001,
3.881339958333333,0,0x1D21,
3.881392375000000,0,0x0003,
3.881400041666667,0,0x2425,
3.881499916666667,0,0x0005,
3.881507625000000,0,0x2D29,
3.881656208333333,0,0x0006,
3.881663916666667,0,0x3B2D,
3.881835583333333,0,0x000A,
3.881843250000000,0,0x4121,
3.889712541666666,0,0x9C3F,
3.889720250000000,0,0x0607,
3.889748208333333,0,0x0004,
3.889755875000000,0,0x0319,
3.889881916666666,0,0x0004,
3.889889583333333,0,0x031D,
3.890015500000000,0,0x0004,
3.890023208333333,0,0x0311,
3.890149250000000,0,0x0004,
3.890156916666667,0,0x0315,
3.890283583333333,0,0x0004,
3.890291250000000,0,0x0319,
3.890417541666667,0,0x0001,
3.890425208333333,0,0x1D1D,
3.890477125000000,0,0x0003,
3.890484791666667,0,0x2411,
3.890585958333333,0,0x0005,
3.890593625000000,0,0x2D15,
3.890741916666667,0,0x0006,
3.890749625000000,0,0x3B19,
3.890922541666667,0,0x000A,
3.890930208333333,0,0x411D,
3.891201291666667,0,0x0004,
3.891208958333333,0,0x0321,
3.891333750000000,0,0x0001,
3.891341416666667,0,0x1D25,
3.891394250000000,0,0x0003,
3.891401916666667,0,0x2429,
3.891502166666667,0,0x0005,
3.891509833333333,0,0x2D2D,
3.891658250000000,0,0x0006,
3.891665958333333,0,0x3B21,
3.891838916666666,0,0x000A,
3.891846583333333,0,0x4125,
3.899709125000000,0,0xAC3F,
3.899716791666667,0,0x060B,
3.899744750000000,0,0x0004,
3.899752416666667,0,0x031D,
3.899878416666667,0,0x0004,
3.899886083333334,0,0x0311,
3.900012250000000,0,0x0004,
3.900019916666666,0,0x0315,
3.900146250000000,0,0x0004,
3.900153916666667,0,0x0319,
3.900279875000000,0,0x0004,
3.900287583333333,0,0x031D,
3.900413458333333,0,0x0001,
3.900421125000000,0,0x1D11,
3.900474208333333,0,0x0003,
3.900481916666667,0,0x2415,
3.900582250000000,0,0x0005,
3.900589958333333,0,0x2D19,
3.900739666666666,0,0x0006,
3.900747375000000,0,0x3B1D,
3.900920125000000,0,0x000A,
3.900927833333333,0,0x4111,
3.901198375000000,0,0x0004,
3.901206041666667,0,0x0325,
3.901331708333333,0,0x0001,
3.901339416666667,0,0x1D29,
3.901391625000000,0,0x0003,
3.901399333333333,0,0x242D,
3.901499416666667,0,0x0005,
3.901507125000000,0,0x2D21,
3.901655416666667,0,0x0006,
3.901663125000000,0,0x3B25,
3.901835041666667,0,0x000A,
3.901842750000000,0,0x4129,
3.909729416666667,0,0xBC3F,
3.909737083333333,0,0x060F,
3.909765083333333,0,0x0004,
3.909772750000000,0,0x0311,
3.909899583333333,0,0x0004,
3.909907250000000,0,0x0315,
3.910032583333333,0,0x0004,
3.910040250000000,0,0x0319,
3.910166416666667,0,0x0004,
3.910174083333333,0,0x031D,
3.910299416666667,0,0x0004,
3.910307083333334,0,0x0311,
3.910432291666667,0,0x0001,
3.910439958333333,0,0x1D15,
3.910492666666667,0,0x0003,
3.910500333333333,0,0x2419,
3.910600833333334,0,0x0005,
3.910608541666666,0,0x2D1D,
3.910758083333334,0,0x0006,
3.910765750000000,0,0x3B11,
3.910940375000000,0,0x000A,
3.910948083333333,0,0x4115,
3.911218416666667,0,0x0004,
3.911226125000000,0,0x0329,
3.911350916666667,0,0x0001,
3.911358583333334,0,0x1D2D,
3.911410375000000,0,0x0003,
3.911418041666667,0,0x2421,
3.911517875000000,0,0x0005,
3.911525583333333,0,0x2D25,
3.911674000000000,0,0x0006,
3.911681666666667,0,0x3B29,
3.911853125000000,0,0x000A,
3.911860791666667,0,0x412D,
3.919655541666667,0,0xCC3F,
3.919663250000000,0,0x0603,
3.919690416666667,0,0x0004,
3.919698125000000,0,0x0315,
3.919824666666667,0,0x0004,
3.919832375000000,0,0x0319,
3.919958833333333,0,0x0004,
3.919966500000000,0,0x031D,
3.920092250000000,0,0x0004,
3.920099916666667,0,0x0311,
3.920225416666667,0,0x0004,
3.920233083333333,0,0x0315,
3.920358625000000,0,0x0001,
3.920366291666667,0,0x1D19,
3.920418250000000,0,0x0003,
3.920425958333333,0,0x241D,
3.920527083333333,0,0x0005,
3.920534750000000,0,0x2D11,
3.920683791666667,0,0x0006,
3.920691458333333,0,0x3B15,
3.920865166666667,0,0x000A,
3.920872833333333,0,0x4119,
3.921143541666666,0,0x0004,
3.921151208333333,0,0x032D,
3.921277083333333,0,0x0001,
3.921284750000000,0,0x1D21,
3.921337041666667,0,0x0003,
3.921344750000000,0,0x2425,
3.921444875000000,0,0x0005,
3.921452541666667,0,0x2D29,
3.921601750000000,0,0x0006,
3.921609416666667,0,0x3B2D,
3.921782750000000,0,0x000A,
3.921790416666667,0,0x4121,
3.929675541666667,0,0xDC3F,
3.929683208333334,0,0x0607,
3.929710375000000,0,0x0004,
3.929718041666667,0,0x0319,
3.929844291666666,0,0x0004,
3.929851958333333,0,0x031D,
3.929978666666667,0,0x0004,
3.929986333333333,0,0x0311,
3.930111958333333,0,0x0004,
3.930119625000000,0,0x0315,
3.930245583333333,0,0x0004,
3.930253250000000,0,0x0319,
3.930379166666667,0,0x0001,
3.930386833333333,0,0x1D1D,
3.930438833333334,0,0x0003,
3.930446500000000,0,0x2411,
3.930547250000000,0,0x0005,
3.930554916666666,0,0x2D15,
3.930703916666667,0,0x0006,
3.930711583333333,0,0x3B19,
3.930884583333333,0,0x000A,
3.930892250000000,0,0x411D,
3.931162458333334,0,0x0004,
3.931170125000000,0,0x0321,
3.931296208333333,0,0x0001,
3.931303916666667,0,0x1D25,
3.931356083333333,0,0x0003,
3.931363791666667,0,0x2429,
3.931464375000000,0,0x0005,
3.931472083333333,0,0x2D2D,
3.931621416666667,0,0x0006,
3.931629083333333,0,0x3B21,
3.931801708333333,0,0x000A,
3.931809375000000,0,0x4125,
3.939668041666667,0,0xEC3F,
3.939675750000000,0,0x060B,
3.939703208333333,0,0x0004,
3.939710875000000,0,0x031D,
3.939837416666667,0,0x0004,
3.939845083333333,0,0x0311,
3.939971958333333,0,0x0004,
3.939979666666667,0,0x0315,
3.940105750000000,0,0x0004,
3.940113458333333,0,0x0319,
3.940240833333333,0,0x0004,
3.940248500000000,0,0x031D,
3.940374416666667,0,0x0001,
3.940382083333333,0,0x1D11,
3.940434416666667,0,0x0003,
3.940442083333333,0,0x2415,
3.940543416666667,0,0x0005,
3.940551083333333,0,0x2D19,
3.940700291666666,0,0x0006,
3.940707958333333,0,0x3B1D,
3.940881083333333,0,0x000A,
3.940888750000000,0,0x4111,
3.941159375000000,0,0x0004,
3.941167041666667,0,0x0325,
3.941293416666667,0,0x0001,
3.941301083333333,0,0x1D29,
3.941353166666667,0,0x0003,
3.941360833333333,0,0x242D,
3.941461208333333,0,0x0005,
3.941468916666667,0,0x2D21,
3.941618166666667,0,0x0006,
3.941625875000000,0,0x3B25,
3.941798000000000,0,0x000A,
3.941805666666667,0,0x4129,
3.949658875000000,0,0xFC3F,
3.949666541666667,0,0x060F,
3.949693958333333,0,0x0004,
3.949701625000000,0,0x0311,
3.949828125000000,0,0x0004,
3.949835833333333,0,0x0315,
3.949962500000000,0,0x0004,
3.949970166666667,0,0x0319,
3.950096250000000,0,0x0004,
3.950103958333333,0,0x031D,
3.950229416666667,0,0x0004,
3.950237125000000,0,0x0311,
3.950363500000000,0,0x0001,
3.950371166666667,0,0x1D15,
3.950423833333333,0,0x0003,
3.950431500000000,0,0x2419,
3.950532458333333,0,0x0005,
3.950540125000000,0,0x2D1D,
3.950690125000000,0,0x0006,
3.950697791666667,0,0x3B11,
3.950870791666667,0,0x000A,
3.950878458333333,0,0x4115,
3.951148583333334,0,0x0004,
3.951156291666666,0,0x0329,
3.951281458333333,0,0x0001,
3.951289125000000,0,0x1D2D,
3.951341000000000,0,0x0003,
3.951348666666667,0,0x2421,
3.951448166666667,0,0x0005,
3.951455875000000,0,0x2D25,
3.951603541666667,0,0x0006,
3.951611208333333,0,0x3B29,
3.951784750000000,0,0x000A,
3.951792458333333,0,0x412D,
3.959929583333333,0,0x0C3F,
3.959937291666667,0,0x0603,
3.959964416666667,0,0x0004,
3.959972125000000,0,0x0315,
3.960098625000000,0,0x0004,
3.960106291666667,0,0x0319,
3.960232291666667,0,0x0004,
3.960239958333333,0,0x031D,
3.960365333333333,0,0x0004,
3.960373000000000,0,0x0311,
3.960498916666667,0,0x0004,
3.960506583333333,0,0x0315,
3.960632208333333,0,0x0001,
3.960639916666667,0,0x1D19,
3.960692083333333,0,0x0003,
3.960699791666667,0,0x241D,
3.960800583333334,0,0x0005,
3.960808250000000,0,0x2D11,
3.960957875000000,0,0x0006,
3.960965583333333,0,0x3B15,
3.961138958333333,0,0x000A,
3.961146666666667,0,0x4119,
3.961416750000000,0,0x0004,
3.961424416666667,0,0x032D,
3.961549291666667,0,0x0001,
3.961556958333333,0,0x1D21,
3.961609583333333,0,0x0003,
3.961617250000000,0,0x2425,
3.961718083333333,0,0x0005,
3.961725750000000,0,0x2D29,
3.961874125000000,0,0x0006,
3.961881791666667,0,0x3B2D,
3.962053333333333,0,0x000A,
3.962061000000000,0,0x4121,
3.969681625000000,0,0x1C3F,
3.969689333333333,0,0x0607,
3.969716541666667,0,0x0004,
3.969724208333334,0,0x0319,
3.969850708333333,0,0x0004,
3.969858416666667,0,0x031D,
3.969985708333333,0,0x0004,
3.969993416666667,0,0x0311,
3.970119875000000,0,0x0004,
3.970127541666667,0,0x0315,
3.970253833333333,0,0x0004,
3.970261500000000,0,0x0319,
3.970388250000000,0,0x0001,
3.970395916666666,0,0x1D1D,
3.970447666666667,0,0x0003,
3.970455375000000,0,0x2411,
3.970556458333333,0,0x0005,
3.970564125000000,0,0x2D15,
3.970713250000000,0,0x0006,
3.970720958333333,0,0x3B19,
3.970894333333333,0,0x000A,
3.970902000000000,0,0x411D,
3.971172166666667,0,0x0004,
3.971179833333333,0,0x0321,
3.971304958333334,0,0x0001,
3.971312625000000,0,0x1D25,
3.971364916666666,0,0x0003,
3.971372625000000,0,0x2429,
3.971472958333333,0,0x0005,
3.971480625000000,0,0x2D2D,
3.971629833333334,0,0x0006,
3.971637541666666,0,0x3B21,
3.971809958333334,0,0x000A,
3.971817666666666,0,0x4125,
3.979692083333333,0,0x2C3F,
3.979699750000000,0,0x060B,
3.979726666666667,0,0x0004,
3.979734333333333,0,0x031D,
3.979860708333333,0,0x0004,
3.979868416666667,0,0x0311,
3.979995041666667,0,0x0004,
3.980002750000000,0,0x0315,
3.980128833333333,0,0x0004,
3.980136500000000,0,0x0319,
3.980263333333333,0,0x0004,
3.980271000000000,0,0x031D,
3.980397666666667,0,0x0001,
3.980405333333333,0,0x1D11,
3.980457791666667,0,0x0003,
3.980465458333333,0,0x2415,
3.980565375000000,0,0x0005,
3.980573041666667,0,0x2D19,
3.980721458333333,0,0x0006,
3.980729125000000,0,0x3B1D,
3.980902958333334,0,0x000A,
3.980910625000000,0,0x4111,
3.981181875000000,0,0x0004,
3.981189541666667,0,0x0325,
3.981315958333334,0,0x0001,
3.981323625000000,0,0x1D29,
3.981375166666667,0,0x0003,
3.981382875000000,0,0x242D,
3.981483333333333,0,0x0005,
3.981491000000000,0,0x2D21,
3.981640291666667,0,0x0006,
3.981647958333333,0,0x3B25,
3.981820416666667,0,0x000A,
3.981828083333333,0,0x4129,
3.989716208333333,0,0x3C3F,
3.989723875000000,0,0x060F,
3.989751708333333,0,0x0004,
3.989759375000000,0,0x0311,
3.989884833333333,0,0x0004,
3.989892541666667,0,0x0315,
3.990018375000000,0,0x0004,
3.990026083333333,0,0x0319,
3.990151875000000,0,0x0004,
3.990159541666667,0,0x031D,
3.990285083333333,0,0x0004,
3.990292750000000,0,0x0311,
3.990418916666667,0,0x0001,
3.990426583333333,0,0x1D15,
3.990478291666667,0,0x0003,
3.990486000000000,0,0x2419,
3.990586625000000,0,0x0005,
3.990594333333333,0,0x2D1D,
3.990742833333333,0,0x0006,
3.990750500000000,0,0x3B11,
3.990923375000000,0,0x000A,
3.990931041666667,0,0x4115,
3.991201791666667,0,0x0004,
3.991209500000000,0,0x0329,
3.991335041666667,0,0x0001,
3.991342708333333,0,0x1D2D,
3.991395291666667,0,0x0003,
3.991402958333333,0,0x2421,
3.991503125000000,0,0x0005,
3.991510791666667,0,0x2D25,
3.991659250000000,0,0x0006,
3.991666916666667,0,0x3B29,
3.991839541666667,0,0x000A,
3.991847208333333,0,0x412D,
3.999679833333333,0,0x4C3F,
3.999687541666667,0,0x0603,
3.999715166666667,0,0x0004,
3.999722875000000,0,0x0315,
3.999849833333333,0,0x0004,
3.999857541666667,0,0x0319,
3.999984416666666,0,0x0004,
3.999992083333333,0,0x031D,
4.000118708333333,0,0x0004,
4.000126375000000,0,0x0311,
4.000253125000000,0,0x0004,
4.000260791666666,0,0x0315,
4.000387208333334,0,0x0001,
4.000394916666667,0,0x1D19,
4.000447291666666,0,0x0003,
4.000454958333333,0,0x241D,
4.000556166666667,0,0x0005,
4.000563875000000,0,0x2D11,
4.000713250000000,0,0x0006,
4.000720916666666,0,0x3B15,
4.000894000000000,0,0x000A,
4.000901708333333,0,0x4119,
4.001171916666666,0,0x0004,
4.001179583333333,0,0x032D,
4.001305208333333,0,0x0001,
4.001312875000000,0,0x1D21,
4.001365125000000,0,0x0003,
4.001372833333333,0,0x2425,
4.001473125000000,0,0x0005,
4.001480833333333,0,0x2D29,
4.001630375000000,0,0x0006,
4.001638041666666,0,0x3B2D,
4.001811208333334,0,0x000A,
4.001818875000000,0,0x4121,
4.009697625000000,0,0x5C3F,
4.009705291666666,0,0x0607,
4.009733208333333,0,0x0004,
4.009740875000000,0,0x0319,
4.009867083333333,0,0x0004,
4.009874750000000,0,0x031D,
4.010000916666667,0,0x0004,
4.010008625000000,0,0x0311,
4.010134833333334,0,0x0004,
4.010142500000000,0,0x0315,
4.010268250000000,0,0x0004,
4.010275916666667,0,0x0319,
4.010402791666666,0,0x0001,
4.010410458333333,0,0x1D1D,
4.010462708333334,0,0x0003,
4.010470416666666,0,0x2411,
4.010571083333334,0,0x0005,
4.010578791666667,0,0x2D15,
4.010728375000000,0,0x0006,
4.010736041666667,0,0x3B19,
4.010908958333333,0,0x000A,
4.010916625000000,0,0x411D,
4.011187875000000,0,0x0004,
4.011195541666667,0,0x0321,
4.011321166666667,0,0x0001,
4.011328875000000,0,0x1D25,
4.011380583333334,0,0x0003,
4.011388250000000,0,0x2429,
4.011487750000000,0,0x0005,
4.011495416666667,0,0x2D2D,
4.011643291666667,0,0x0006,
4.011651000000000,0,0x3B21,
4.011823625000000,0,0x000A,
4.011831291666667,0,0x4125,
4.019673333333333,0,0x6C3F,
4.019681000000000,0,0x060B,
4.019708166666667,0,0x0004,
4.019715833333334,0,0x031D,
4.019842500000000,0,0x0004,
4.019850208333334,0,0x0311,
4.019976333333333,0,0x0004,
4.019984000000000,0,0x0315,
4.020109500000000,0,0x0004,
4.020117208333334,0,0x0319,
4.020243041666666,0,0x0004,
4.020250708333333,0,0x031D,
4.020376583333333,0,0x0001,
4.020384250000000,0,0x1D11,
4.020436375000000,0,0x0003,
4.020444041666667,0,0x2415,
4.020544750000000,0,0x0005,
4.020552416666667,0,0x2D19,
4.020701208333334,0,0x0006,
4.020708875000000,0,0x3B1D,
4.020881916666666,0,0x000A,
4.020889625000000,0,0x4111,
4.021160208333334,0,0x0004,
4.021167916666666,0,0x0325,
4.021293833333333,0,0x0001,
4.021301500000000,0,0x1D29,
4.021353750000000,0,0x0003,
4.021361416666666,0,0x242D,
4.021461958333333,0,0x0005,
4.021469625000000,0,0x2D21,
4.021618666666667,0,0x0006,
4.021626333333334,0,0x3B25,
4.021798833333333,0,0x000A,
4.021806500000000,0,0x4129,
4.029677541666667,0,0x7C3F,
4.029685208333333,0,0x060F,
4.029712666666667,0,0x0004,
4.029720375000000,0,0x0311,
4.029846750000000,0,0x0004,
4.029854416666667,0,0x0315,
4.029980833333333,0,0x0004,
4.029988500000000,0,0x0319,
4.030114250000000,0,0x0004,
4.030121916666666,0,0x031D,
4.030249083333334,0,0x0004,
4.030256750000000,0,0x0311,
4.030382625000000,0,0x0001,
4.030390333333333,0,0x1D15,
4.030442125000000,0,0x0003,
4.030449791666666,0,0x2419,
4.030550875000000,0,0x0005,
4.030558583333334,0,0x2D1D,
4.030707750000000,0,0x0006,
4.030715416666666,0,0x3B11,
4.030889291666667,0,0x000A,
4.030896958333333,0,0x4115,
4.031166875000000,0,0x0004,
4.031174541666667,0,0x0329,
4.031299916666667,0,0x0001,
4.031307583333334,0,0x1D2D,
4.031359875000000,0,0x0003,
4.031367541666667,0,0x2421,
4.031467458333333,0,0x0005,
4.031475166666667,0,0x2D25,
4.031625291666667,0,0x0006,
4.031632958333334,0,0x3B29,
4.031805875000000,0,0x000A,
4.031813583333333,0,0x412D,
4.039680000000000,0,0x8C3F,
4.039687708333333,0,0x0603,
4.039715583333333,0,0x0004,
4.039723291666666,0,0x0315,
4.039850375000000,0,0x0004,
4.039858041666666,0,0x0319,
4.039984000000000,0,0x0004,
4.039991708333333,0,0x031D,
4.040117166666667,0,0x0004,
4.040124875000000,0,0x0311,
4.040251500000000,0,0x0004,
4.040259166666667,0,0x0315,
4.040385083333334,0,0x0001,
4.040392791666667,0,0x1D19,
4.040444916666667,0,0x0003,
4.040452583333333,0,0x241D,
4.040553333333333,0,0x0005,
4.040561041666667,0,0x2D11,
4.040710458333334,0,0x0006,
4.040718166666666,0,0x3B15,
4.040891291666667,0,0x000A,
4.040899000000000,0,0x4119,
4.041170083333333,0,0x0004,
4.041177750000000,0,0x032D,
4.041304083333333,0,0x0001,
4.041311750000000,0,0x1D21,
4.041364083333334,0,0x0003,
4.041371750000000,0,0x2425,
4.041471208333333,0,0x0005,
4.041478875000000,0,0x2D29,
4.041627541666666,0,0x0006,
4.041635208333333,0,0x3B2D,
4.041807958333333,0,0x000A,
4.041815666666666,0,0x4121,
4.049676458333333,0,0x9C3F,
4.049684125000000,0,0x0607,
4.049711625000000,0,0x0004,
4.049719291666666,0,0x0319,
4.049845750000000,0,0x0004,
4.049853458333334,0,0x031D,
4.049980833333334,0,0x0004,
4.049988541666667,0,0x0311,
4.050114291666667,0,0x0004,
4.050121958333333,0,0x0315,
4.050248500000000,0,0x0004,
4.050256166666666,0,0x0319,
4.050383333333333,0,0x0001,
4.050391041666667,0,0x1D1D,
4.050442750000000,0,0x0003,
4.050450458333334,0,0x2411,
4.050550458333333,0,0x0005,
4.050558125000000,0,0x2D15,
4.050706875000000,0,0x0006,
4.050714541666666,0,0x3B19,
4.050887583333333,0,0x000A,
4.050895291666667,0,0x411D,
4.051165791666667,0,0x0004,
4.051173458333333,0,0x0321,
4.051299541666666,0,0x0001,
4.051307208333333,0,0x1D25,
4.051359625000000,0,0x0003,
4.051367291666667,0,0x2429,
4.051467083333334,0,0x0005,
4.051474750000000,0,0x2D2D,
4.051624750000000,0,0x0006,
4.051632416666667,0,0x3B21,
4.051805000000000,0,0x000A,
4.051812708333333,0,0x4125,
4.059817041666666,0,0xAC3F,
4.059824708333333,0,0x060B,
4.059852458333333,0,0x0004,
4.059860166666667,0,0x031D,
4.059986166666667,0,0x0004,
4.059993875000000,0,0x0311,
4.060120958333333,0,0x0004,
4.060128625000000,0,0x0315,
4.060255208333333,0,0x0004,
4.060262875000000,0,0x0319,
4.060388708333333,0,0x0004,
4.060396416666666,0,0x031D,
4.060523500000000,0,0x0001,
4.060531166666666,0,0x1D11,
4.060583333333334,0,0x0003,
4.060591000000000,0,0x2415,
4.060691625000000,0,0x0005,
4.060699291666666,0,0x2D19,
4.060849416666667,0,0x0006,
4.060857083333334,0,0x3B1D,
4.061030458333334,0,0x000A,
4.061038125000000,0,0x4111,
4.061308333333334,0,0x0004,
4.061316000000000,0,0x0325,
4.061440833333333,0,0x0001,
4.061448500000000,0,0x1D29,
4.061501000000000,0,0x0003,
4.061508666666667,0,0x242D,
4.061608458333334,0,0x0005,
4.061616125000000,0,0x2D21,
4.061763708333333,0,0x0006,
4.061771375000000,0,0x3B25,
4.061944000000000,0,0x000A,
4.061951666666666,0,0x4129,
4.069693833333333,0,0xBC3F,
4.069701541666666,0,0x060F,
4.069729250000000,0,0x0004,
4.069736916666667,0,0x0311,
4.069863416666666,0,0x0004,
4.069871125000000,0,0x0315,
4.069998000000000,0,0x0004,
4.070005666666667,0,0x0319,
4.070131833333333,0,0x0004,
4.070139541666666,0,0x031D,
4.070265833333333,0,0x0004,
4.070273500000000,0,0x0311,
4.070399958333334,0,0x0001,
4.070407666666667,0,0x1D15,
4.070460000000000,0,0x0003,
4.070467708333333,0,0x2419,
4.070568250000000,0,0x0005,
4.070575958333333,0,0x2D1D,
4.070725625000000,0,0x0006,
4.070733333333333,0,0x3B11,
4.070906250000000,0,0x000A,
4.070913958333334,0,0x4115,
4.071185041666666,0,0x0004,
4.071192750000000,0,0x0329,
4.071317541666667,0,0x0001,
4.071325250000000,0,0x1D2D,
4.071376625000000,0,0x0003,
4.071384291666667,0,0x2421,
4.071485500000000,0,0x0005,
4.071493166666666,0,0x2D25,
4.071642875000000,0,0x0006,
4.071650541666667,0,0x3B29,
4.071822583333334,0,0x000A,
4.071830291666667,0,0x412D,
4.079686791666667,0,0xCC3F,
4.079694500000000,0,0x0603,
4.079721708333333,0,0x0004,
4.079729375000000,0,0x0315,
4.079856666666666,0,0x0004,
4.079864375000000,0,0x0319,
4.079990791666667,0,0x0004,
4.079998458333334,0,0x031D,
4.080124791666667,0,0x0004,
4.080132458333333,0,0x0311,
4.080259416666666,0,0x0004,
4.080267125000000,0,0x0315,
4.080393250000000,0,0x0001,
4.080400958333334,0,0x1D19,
4.080453208333333,0,0x0003,
4.080460875000000,0,0x241D,
4.080561833333333,0,0x0005,
4.080569500000000,0,0x2D11,
4.080719083333333,0,0x0006,
4.080726791666667,0,0x3B15,
4.080900291666667,0,0x000A,
4.080908000000000,0,0x4119,
4.081178166666667,0,0x0004,
4.081185833333334,0,0x032D,
4.081311500000000,0,0x0001,
4.081319166666667,0,0x1D21,
4.081370708333333,0,0x0003,
4.081378416666666,0,0x2425,
4.081478125000000,0,0x0005,
4.081485791666666,0,0x2D29,
4.081635625000000,0,0x0006,
4.081643291666667,0,0x3B2D,
4.081816083333333,0,0x000A,
4.081823791666666,0,0x4121,
4.089705625000000,0,0xDC3F,
4.089713291666667,0,0x0607,
4.089740500000000,0,0x0004,
4.089748208333333,0,0x0319,
4.089874750000000,0,0x0004,
4.089882416666667,0,0x031D,
4.090009083333333,0,0x0004,
4.090016791666667,0,0x0311,
4.090143125000000,0,0x0004,
4.090150791666667,0,0x0315,
4.090277708333334,0,0x0004,
4.090285375000000,0,0x0319,
4.090411125000000,0,0x0001,
4.090418791666667,0,0x1D1D,
4.090471041666667,0,0x0003,
4.090478708333333,0,0x2411,
4.090579250000000,0,0x0005,
4.090586916666667,0,0x2D15,
4.090736000000000,0,0x0006,
4.090743666666667,0,0x3B19,
4.090916875000000,0,0x000A,
4.090924541666666,0,0x411D,
4.091194083333333,0,0x0004,
4.091201750000000,0,0x0321,
4.091327333333333,0,0x0001,
4.091335041666667,0,0x1D25,
4.091387333333333,0,0x0003,
4.091395000000000,0,0x2429,
4.091494958333334,0,0x0005,
4.091502666666667,0,0x2D2D,
4.091652333333333,0,0x0006,
4.091660041666667,0,0x3B21,
4.091832458333333,0,0x000A,
4.091840125000000,0,0x4125,
4.099698000000000,0,0xEC3F,
4.099705708333333,0,0x060B,
4.099733416666667,0,0x0004,
4.099741083333333,0,0x031D,
4.099867166666667,0,0x0004,
4.099874833333334,0,0x0311,
4.100001166666667,0,0x0004,
4.100008875000000,0,0x0315,
4.100135958333333,0,0x0004,
4.100143625000000,0,0x0319,
4.100269833333333,0,0x0004,
4.100277500000000,0,0x031D,
4.100404083333333,0,0x0001,
4.100411791666667,0,0x1D11,
4.100464583333333,0,0x0003,
4.100472250000000,0,0x2415,
4.100573833333334,0,0x0005,
4.100581541666667,0,0x2D19,
4.100730625000000,0,0x0006,
4.100738291666667,0,0x3B1D,
4.100911625000000,0,0x000A,
4.100919291666667,0,0x4111,
4.101189875000000,0,0x0004,
4.101197541666667,0,0x0325,
4.101323458333333,0,0x0001,
4.101331125000000,0,0x1D29,
4.101383333333334,0,0x0003,
4.101391000000000,0,0x242D,
4.101491958333333,0,0x0005,
4.101499625000000,0,0x2D21,
4.101649291666667,0,0x0006,
4.101657000000000,0,0x3B25,
4.101829750000000,0,0x000A,
4.101837416666666,0,0x4129,
4.109702625000000,0,0xFC3F,
4.109710333333333,0,0x060F,
4.109738208333333,0,0x0004,
4.109745875000000,0,0x0311,
4.109871958333334,0,0x0004,
4.109879625000000,0,0x0315,
4.110005958333334,0,0x0004,
4.110013666666666,0,0x0319,
4.110139833333333,0,0x0004,
4.110147541666667,0,0x031D,
4.110273541666666,0,0x0004,
4.110281250000000,0,0x0311,
4.110408041666667,0,0x0001,
4.110415750000000,0,0x1D15,
4.110467916666667,0,0x0003,
4.110475583333334,0,0x2419,
4.110576083333333,0,0x0005,
4.110583791666667,0,0x2D1D,
4.110733166666667,0,0x0006,
4.110740833333334,0,0x3B11,
4.110914666666667,0,0x000A,
4.110922333333333,0,0x4115,
4.111193458333333,0,0x0004,
4.111201166666667,0,0x0329,
4.111326541666666,0,0x0001,
4.111334208333333,0,0x1D2D,
4.111386375000000,0,0x0003,
4.111394083333333,0,0x2421,
4.111494250000000,0,0x0005,
4.111501916666667,0,0x2D25,
4.111651333333334,0,0x0006,
4.111659000000000,0,0x3B29,
4.111831208333333,0,0x000A,
4.111838875000000,0,0x412D,
4.119699666666667,0,0x0C3F,
4.119707333333333,0,0x0603,
4.119734375000000,0,0x0004,
4.119742041666667,0,0x0315,
4.119868625000000,0,0x0004,
4.119876291666666,0,0x0319,
4.120002666666666,0,0x0004,
4.120010333333333,0,0x031D,
4.120136208333333,0,0x0004,
4.120143916666667,0,0x0311,
4.120270041666667,0,0x0004,
4.120277750000000,0,0x0315,
4.120403625000000,0,0x0001,
4.120411333333333,0,0x1D19,
4.120463708333333,0,0x0003,
4.120471375000000,0,0x241D,
4.120571875000000,0,0x0005,
4.120579541666666,0,0x2D11,
4.120729000000000,0,0x0006,
4.120736666666667,0,0x3B15,
4.120909375000000,0,0x000A,
4.120917041666667,0,0x4119,
4.121188083333333,0,0x0004,
4.121195791666667,0,0x032D,
4.121321791666666,0,0x0001,
4.121329458333333,0,0x1D21,
4.121381541666667,0,0x0003,
4.121389208333333,0,0x2425,
4.121489666666666,0,0x0005,
4.121497333333333,0,0x2D29,
4.121647541666666,0,0x0006,
4.121655250000000,0,0x3B2D,
4.121827916666667,0,0x000A,
4.121835583333334,0,0x4121,
4.129697208333333,0,0x1C3F,
4.129704916666666,0,0x0607,
4.129732333333333,0,0x0004,
4.129740000000000,0,0x0319,
4.129866416666666,0,0x0004,
4.129874083333333,0,0x031D,
4.130001583333334,0,0x0004,
4.130009291666667,0,0x0311,
4.130135500000000,0,0x0004,
4.130143166666667,0,0x0315,
4.130269583333333,0,0x0004,
4.130277250000000,0,0x0319,
4.130404000000000,0,0x0001,
4.130411708333333,0,0x1D1D,
4.130463916666667,0,0x0003,
4.130471625000000,0,0x2411,
4.130573375000000,0,0x0005,
4.130581041666667,0,0x2D15,
4.130730958333333,0,0x0006,
4.130738625000000,0,0x3B19,
4.130912375000000,0,0x000A,
4.130920041666666,0,0x411D,
4.131190125000000,0,0x0004,
4.131197791666667,0,0x0321,
4.131323458333333,0,0x0001,
4.131331125000000,0,0x1D25,
4.131383083333334,0,0x0003,
4.131390791666667,0,0x2429,
4.131490541666667,0,0x0005,
4.131498208333333,0,0x2D2D,
4.131647791666667,0,0x0006,
4.131655458333333,0,0x3B21,
4.131828458333334,0,0x000A,
4.131836125000000,0,0x4125,
4.139694916666667,0,0x2C3F,
4.139702583333333,0,0x060B,
4.139729208333334,0,0x0004,
4.139736875000000,0,0x031D,
4.139863458333333,0,0x0004,
4.139871125000000,0,0x0311,
4.139997166666666,0,0x0004,
4.140004833333333,0,0x0315,
4.140130666666667,0,0x0004,
4.140138333333334,0,0x0319,
4.140264875000000,0,0x0004,
4.140272541666667,0,0x031D,
4.140398833333333,0,0x0001,
4.140406500000000,0,0x1D11,
4.140458500000000,0,0x0003,
4.140466208333334,0,0x2415,
4.140566958333333,0,0x0005,
4.140574666666667,0,0x2D19,
4.140723708333334,0,0x0006,
4.140731416666667,0,0x3B1D,
4.140905041666667,0,0x000A,
4.140912708333333,0,0x4111,
4.141183500000000,0,0x0004,
4.141191208333334,0,0x0325,
4.141316500000000,0,0x0001,
4.141324166666666,0,0x1D29,
4.141376500000000,0,0x0003,
4.141384208333333,0,0x242D,
4.141484958333334,0,0x0005,
4.141492625000000,0,0x2D21,
4.141642000000000,0,0x0006,
4.141649708333333,0,0x3B25,
4.141822166666667,0,0x000A,
4.141829833333333,0,0x4129,
4.149692958333334,0,0x3C3F,
4.149700666666667,0,0x060F,
4.149727791666667,0,0x0004,
4.149735458333334,0,0x0311,
4.149862791666667,0,0x0004,
4.149870500000000,0,0x0315,
4.149997708333333,0,0x0004,
4.150005416666667,0,0x0319,
4.150131291666667,0,0x0004,
4.150139000000000,0,0x031D,
4.150265916666667,0,0x0004,
4.150273583333333,0,0x0311,
4.150399708333333,0,0x0001,
4.150407416666667,0,0x1D15,
4.150459791666667,0,0x0003,
4.150467500000000,0,0x2419,
4.150568041666666,0,0x0005,
4.150575708333333,0,0x2D1D,
4.150725291666666,0,0x0006,
4.150733000000000,0,0x3B11,
4.150905833333334,0,0x000A,
4.150913500000000,0,0x4115,
4.151184375000000,0,0x0004,
4.151192041666667,0,0x0329,
4.151317250000000,0,0x0001,
4.151324916666667,0,0x1D2D,
4.151376666666667,0,0x0003,
4.151384333333334,0,0x2421,
4.151484375000000,0,0x0005,
4.151492083333333,0,0x2D25,
4.151641125000000,0,0x0006,
4.151648791666666,0,0x3B29,
4.151821333333333,0,0x000A,
4.151829041666667,0,0x412D,
4.159828875000000,0,0x4C3F,
4.159836541666666,0,0x0603,
4.159864541666667,0,0x0004,
4.159872250000000,0,0x0315,
4.159999291666667,0,0x0004,
4.160007000000000,0,0x0319,
4.160132291666667,0,0x0004,
4.160139958333334,0,0x031D,
4.160266625000000,0,0x0004,
4.160274291666667,0,0x0311,
4.160399583333334,0,0x0004,
4.160407250000000,0,0x0315,
4.160533416666667,0,0x0001,
4.160541083333333,0,0x1D19,
4.160593500000000,0,0x0003,
4.160601208333333,0,0x241D,
4.160702375000000,0,0x0005,
4.160710041666666,0,0x2D11,
4.160860000000000,0,0x0006,
4.160867666666666,0,0x3B15,
4.161041541666667,0,0x000A,
4.161049208333333,0,0x4119,
4.161320916666667,0,0x0004,
4.161328583333334,0,0x032D,
4.161454333333333,0,0x0001,
4.161462000000000,0,0x1D21,
4.161514666666666,0,0x0003,
4.161522333333333,0,0x2425,
4.161622375000000,0,0x0005,
4.161630041666666,0,0x2D29,
4.161778333333333,0,0x0006,
4.161786000000000,0,0x3B2D,
4.161958166666667,0,0x000A,
4.161965875000000,0,0x4121,
4.169741625000000,0,0x5C3F,
4.169749291666666,0,0x0607,
4.169777666666667,0,0x0004,
4.169785333333333,0,0x0319,
4.169911125000000,0,0x0004,
4.169918833333333,0,0x031D,
4.170045583333334,0,0x0004,
4.170053250000000,0,0x0311,
4.170179708333333,0,0x0004,
4.170187375000000,0,0x0315,
4.170313000000000,0,0x0004,
4.170320666666667,0,0x0319,
4.170446500000000,0,0x0001,
4.170454166666667,0,0x1D1D,
4.170506458333334,0,0x0003,
4.170514166666667,0,0x2411,
4.170614875000000,0,0x0005,
4.170622583333333,0,0x2D15,
4.170772791666667,0,0x0006,
4.170780500000000,0,0x3B19,
4.170953208333334,0,0x000A,
4.170960875000000,0,0x411D,
4.171231500000000,0,0x0004,
4.171239166666667,0,0x0321,
4.171364083333334,0,0x0001,
4.171371750000000,0,0x1D25,
4.171423625000000,0,0x0003,
4.171431333333333,0,0x2429,
4.171531750000000,0,0x0005,
4.171539416666667,0,0x2D2D,
4.171688166666667,0,0x0006,
4.171695833333334,0,0x3B21,
4.171868125000000,0,0x000A,
4.171875791666666,0,0x4125,
4.179736166666666,0,0x6C3F,
4.179743833333333,0,0x060B,
4.179771791666667,0,0x0004,
4.179779458333333,0,0x031D,
4.179906125000000,0,0x0004,
4.179913833333333,0,0x0311,
4.180040083333333,0,0x0004,
4.180047750000000,0,0x0315,
4.180173416666666,0,0x0004,
4.180181083333333,0,0x0319,
4.180307958333334,0,0x0004,
4.180315666666667,0,0x031D,
4.180442041666667,0,0x0001,
4.180449708333334,0,0x1D11,
4.180501416666667,0,0x0003,
4.180509125000000,0,0x2415,
4.180609875000000,0,0x0005,
4.180617541666667,0,0x2D19,
4.180766458333333,0,0x0006,
4.180774125000000,0,0x3B1D,
4.180946791666667,0,0x000A,
4.180954500000000,0,0x4111,
4.181224541666666,0,0x0004,
4.181232208333333,0,0x0325,
4.181357916666666,0,0x0001,
4.181365583333333,0,0x1D29,
4.181418083333333,0,0x0003,
4.181425750000000,0,0x242D,
4.181525416666667,0,0x0005,
4.181533125000000,0,0x2D21,
4.181681500000000,0,0x0006,
4.181689166666667,0,0x3B25,
4.181860083333333,0,0x000A,
4.181867791666667,0,0x4129,
4.189716000000000,0,0x7C3F,
4.189723666666667,0,0x060F,
4.189751458333333,0,0x0004,
4.189759125000000,0,0x0311,
4.189884708333333,0,0x0004,
4.189892375000000,0,0x0315,
4.190019416666667,0,0x0004,
4.190027083333334,0,0x0319,
4.190152833333333,0,0x0004,
4.190160500000000,0,0x031D,
4.190286625000000,0,0x0004,
4.190294291666667,0,0x0311,
4.190420166666667,0,0x0001,
4.190427833333334,0,0x1D15,
4.190480208333334,0,0x0003,
4.190487875000000,0,0x2419,
4.190588250000000,0,0x0005,
4.190595958333334,0,0x2D1D,
4.190745583333333,0,0x0006,
4.190753291666667,0,0x3B11,
4.190926791666667,0,0x000A,
4.190934500000000,0,0x4115,
4.191204666666667,0,0x0004,
4.191212333333334,0,0x0329,
4.191338500000000,0,0x0001,
4.191346166666666,0,0x1D2D,
4.191397625000000,0,0x0003,
4.191405291666666,0,0x2421,
4.191504958333334,0,0x0005,
4.191512625000000,0,0x2D25,
4.191662000000000,0,0x0006,
4.191669708333333,0,0x3B29,
4.191842250000000,0,0x000A,
4.191849916666667,0,0x412D,
4.199712708333333,0,0x8C3F,
4.199720416666667,0,0x0603,
4.199747833333333,0,0x0004,
4.199755500000000,0,0x0315,
4.199881291666666,0,0x0004,
4.199888958333333,0,0x0319,
4.200015541666667,0,0x0004,
4.200023208333334,0,0x031D,
4.200150166666667,0,0x0004,
4.200157833333333,0,0x0311,
4.200284208333334,0,0x0004,
4.200291875000000,0,0x0315,
4.200418375000000,0,0x0001,
4.200426041666667,0,0x1D19,
4.200478500000000,0,0x0003,
4.200486208333333,0,0x241D,
4.200586708333334,0,0x0005,
4.200594375000000,0,0x2D11,
4.200743958333334,0,0x0006,
4.200751666666667,0,0x3B15,
4.200924916666667,0,0x000A,
4.200932583333334,0,0x4119,
4.201203208333333,0,0x0004,
4.201210875000000,0,0x032D,
4.201337208333333,0,0x0001,
4.201344875000000,0,0x1D21,
4.201396166666667,0,0x0003,
4.201403833333333,0,0x2425,
4.201504000000000,0,0x0005,
4.201511666666667,0,0x2D29,
4.201661125000000,0,0x0006,
4.201668791666667,0,0x3B2D,
4.201841541666667,0,0x000A,
4.201849250000000,0,0x4121,
4.209700541666667,0,0x9C3F,
4.209708250000000,0,0x0607,
4.209735375000000,0,0x0004,
4.209743083333334,0,0x0319,
4.209869666666667,0,0x0004,
4.209877333333333,0,0x031D,
4.210004333333333,0,0x0004,
4.210012041666666,0,0x0311,
4.210137208333333,0,0x0004,
4.210144916666667,0,0x0315,
4.210271333333333,0,0x0004,
4.210279000000000,0,0x0319,
4.210404916666667,0,0x0001,
4.210412583333333,0,0x1D1D,
4.210464916666667,0,0x0003,
4.210472583333333,0,0x2411,
4.210573375000000,0,0x0005,
4.210581041666667,0,0x2D15,
4.210730291666667,0,0x0006,
4.210738000000000,0,0x3B19,
4.210910875000000,0,0x000A,
4.210918583333333,0,0x411D,
4.211188875000000,0,0x0004,
4.211196541666666,0,0x0321,
4.211321375000000,0,0x0001,
4.211329083333333,0,0x1D25,
4.211380958333334,0,0x0003,
4.211388666666666,0,0x2429,
4.211488833333333,0,0x0005,
4.211496500000000,0,0x2D2D,
4.211645583333333,0,0x0006,
4.211653250000000,0,0x3B21,
4.211826625000000,0,0x000A,
4.211834291666666,0,0x4125,
4.219712791666667,0,0xAC3F,
4.219720458333334,0,0x060B,
4.219747791666666,0,0x0004,
4.219755500000000,0,0x031D,
4.219881750000000,0,0x0004,
4.219889416666667,0,0x0311,
4.220015333333333,0,0x0004,
4.220023000000000,0,0x0315,
4.220149208333333,0,0x0004,
4.220156875000000,0,0x0319,
4.220282708333333,0,0x0004,
4.220290375000000,0,0x031D,
4.220416958333334,0,0x0001,
4.220424625000000,0,0x1D11,
4.220476666666666,0,0x0003,
4.220484333333333,0,0x2415,
4.220585125000000,0,0x0005,
4.220592791666666,0,0x2D19,
4.220742458333334,0,0x0006,
4.220750125000000,0,0x3B1D,
4.220923583333334,0,0x000A,
4.220931250000000,0,0x4111,
4.221202458333333,0,0x0004,
4.221210166666666,0,0x0325,
4.221335666666667,0,0x0001,
4.221343333333333,0,0x1D29,
4.221394875000000,0,0x0003,
4.221402583333333,0,0x242D,
4.221502291666667,0,0x0005,
4.221510000000000,0,0x2D21,
4.221658958333333,0,0x0006,
4.221666666666667,0,0x3B25,
4.221839083333333,0,0x000A,
4.221846750000000,0,0x4129,
4.229706666666667,0,0xBC3F,
4.229714375000000,0,0x060F,
4.229741625000000,0,0x0004,
4.229749291666667,0,0x0311,
4.229875625000000,0,0x0004,
4.229883333333333,0,0x0315,
4.230010625000000,0,0x0004,
4.230018291666667,0,0x0319,
4.230144125000000,0,0x0004,
4.230151791666667,0,0x031D,
4.230277708333333,0,0x0004,
4.230285375000000,0,0x0311,
4.230411916666666,0,0x0001,
4.230419583333333,0,0x1D15,
4.230470833333333,0,0x0003,
4.230478541666667,0,0x2419,
4.230579166666667,0,0x0005,
4.230586875000000,0,0x2D1D,
4.230735958333334,0,0x0006,
4.230743625000000,0,0x3B11,
4.230916916666667,0,0x000A,
4.230924625000000,0,0x4115,
4.231196000000000,0,0x0004,
4.231203666666667,0,0x0329,
4.231329541666667,0,0x0001,
4.231337208333334,0,0x1D2D,
4.231388958333334,0,0x0003,
4.231396625000000,0,0x2421,
4.231496875000000,0,0x0005,
4.231504583333333,0,0x2D25,
4.231653833333334,0,0x0006,
4.231661500000000,0,0x3B29,
4.231834000000000,0,0x000A,
4.231841666666667,0,0x412D,
4.239713500000000,0,0xCC3F,
4.239721166666667,0,0x0603,
4.239748333333333,0,0x0004,
4.239756041666666,0,0x0315,
4.239882708333333,0,0x0004,
4.239890416666666,0,0x0319,
4.240016750000000,0,0x0004,
4.240024416666667,0,0x031D,
4.240150916666667,0,0x0004,
4.240158583333334,0,0x0311,
4.240285916666667,0,0x0004,
4.240293583333333,0,0x0315,
4.240419583333333,0,0x0001,
4.240427250000000,0,0x1D19,
4.240479000000000,0,0x0003,
4.240486666666667,0,0x241D,
4.240587166666667,0,0x0005,
4.240594875000000,0,0x2D11,
4.240744375000000,0,0x0006,
4.240752083333334,0,0x3B15,
4.240925083333333,0,0x000A,
4.240932791666666,0,0x4119,
4.241204250000000,0,0x0004,
4.241211916666667,0,0x032D,
4.241337750000000,0,0x0001,
4.241345416666666,0,0x1D21,
4.241397750000000,0,0x0003,
4.241405458333333,0,0x2425,
4.241506083333333,0,0x0005,
4.241513750000000,0,0x2D29,
4.241662583333333,0,0x0006,
4.241670291666667,0,0x3B2D,
4.241842583333334,0,0x000A,
4.241850291666666,0,0x4121,
4.249693333333333,0,0xDC3F,
4.249701000000000,0,0x0607,
4.249728541666666,0,0x0004,
4.249736250000000,0,0x0319,
4.249863000000000,0,0x0004,
4.249870666666666,0,0x031D,
4.249996583333333,0,0x0004,
4.250004291666666,0,0x0311,
4.250130500000000,0,0x0004,
4.250138166666667,0,0x0315,
4.250264541666667,0,0x0004,
4.250272208333334,0,0x0319,
4.250397750000000,0,0x0001,
4.250405458333334,0,0x1D1D,
4.250458250000000,0,0x0003,
4.250465916666666,0,0x2411,
4.250566583333334,0,0x0005,
4.250574250000000,0,0x2D15,
4.250724125000000,0,0x0006,
4.250731833333333,0,0x3B19,
4.250905416666667,0,0x000A,
4.250913125000000,0,0x411D,
4.251183458333333,0,0x0004,
4.251191125000000,0,0x0321,
4.251316916666666,0,0x0001,
4.251324583333333,0,0x1D25,
4.251376541666667,0,0x0003,
4.251384250000000,0,0x2429,
4.251484166666667,0,0x0005,
4.251491833333334,0,0x2D2D,
4.251641583333333,0,0x0006,
4.251649250000000,0,0x3B21,
4.251821708333333,0,0x000A,
4.251829416666666,0,0x4125,
4.259842000000000,0,0xEC3F,
4.259849708333333,0,0x060B,
4.259877750000000,0,0x0004,
4.259885416666667,0,0x031D,
4.260012041666666,0,0x0004,
4.260019708333333,0,0x0311,
4.260146583333333,0,0x0004,
4.260154250000000,0,0x0315,
4.260280541666667,0,0x0004,
4.260288208333334,0,0x0319,
4.260414416666666,0,0x0004,
4.260422083333333,0,0x031D,
4.260548625000000,0,0x0001,
4.260556291666667,0,0x1D11,
4.260608916666667,0,0x0003,
4.260616625000000,0,0x2415,
4.260716958333333,0,0x0005,
4.260724625000000,0,0x2D19,
4.260874750000000,0,0x0006,
4.260882416666667,0,0x3B1D,
4.261055500000000,0,0x000A,
4.261063208333334,0,0x4111,
4.261333041666667,0,0x0004,
4.261340708333333,0,0x0325,
4.261466375000000,0,0x0001,
4.261474041666666,0,0x1D29,
4.261526416666666,0,0x0003,
4.261534125000000,0,0x242D,
4.261633291666667,0,0x0005,
4.261640958333333,0,0x2D21,
4.261788541666666,0,0x0006,
4.261796208333333,0,0x3B25,
4.261968708333334,0,0x000A,
4.261976416666666,0,0x4129,
4.269708250000000,0,0xFC3F,
4.269715958333333,0,0x060F,
4.269742916666667,0,0x0004,
4.269750583333333,0,0x0311,
4.269877208333333,0,0x0004,
4.269884916666666,0,0x0315,
4.270011708333334,0,0x0004,
4.270019416666667,0,0x0319,
4.270145583333333,0,0x0004,
4.270153291666666,0,0x031D,
4.270279333333334,0,0x0004,
4.270287000000000,0,0x0311,
4.270412625000000,0,0x0001,
4.270420291666666,0,0x1D15,
4.270471958333333,0,0x0003,
4.270479625000000,0,0x2419,
4.270580958333333,0,0x0005,
4.270588666666667,0,0x2D1D,
4.270737458333334,0,0x0006,
4.270745125000000,0,0x3B11,
4.270918541666667,0,0x000A,
4.270926250000000,0,0x4115,
4.271196166666667,0,0x0004,
4.271203833333334,0,0x0329,
4.271329208333333,0,0x0001,
4.271336916666667,0,0x1D2D,
4.271389416666667,0,0x0003,
4.271397083333333,0,0x2421,
4.271496291666667,0,0x0005,
4.271504000000000,0,0x2D25,
4.271654125000000,0,0x0006,
4.271661791666666,0,0x3B29,
4.271833625000000,0,0x000A,
4.271841291666667,0,0x412D,
4.279724083333333,0,0x0C3F,
4.279731750000000,0,0x0603,
4.279758875000000,0,0x0004,
4.279766541666667,0,0x0315,
4.279892833333333,0,0x0004,
4.279900500000000,0,0x0319,
4.280027291666666,0,0x0004,
4.280034958333333,0,0x031D,
4.280162000000000,0,0x0004,
4.280169708333333,0,0x0311,
4.280295916666667,0,0x0004,
4.280303583333334,0,0x0315,
4.280430125000000,0,0x0001,
4.280437833333333,0,0x1D19,
4.280489916666666,0,0x0003,
4.280497625000000,0,0x241D,
4.280598125000000,0,0x0005,
4.280605791666667,0,0x2D11,
4.280754958333334,0,0x0006,
4.280762666666667,0,0x3B15,
4.280935333333334,0,0x000A,
4.280943000000000,0,0x4119,
4.281213416666667,0,0x0004,
4.281221083333334,0,0x032D,
4.281346708333333,0,0x0001,
4.281354416666667,0,0x1D21,
4.281406500000000,0,0x0003,
4.281414166666667,0,0x2425,
4.281514083333334,0,0x0005,
4.281521750000000,0,0x2D29,
4.281669750000000,0,0x0006,
4.281677416666667,0,0x3B2D,
4.281849291666667,0,0x000A,
4.281857000000000,0,0x4121,
4.289747416666667,0,0x1C3F,
4.289755083333334,0,0x0607,
4.289782791666667,0,0x0004,
4.289790458333333,0,0x0319,
4.289916083333333,0,0x0004,
4.289923791666666,0,0x031D,
4.290049958333333,0,0x0004,
4.290057625000000,0,0x0311,
4.290183583333333,0,0x0004,
4.290191250000000,0,0x0315,
4.290317333333333,0,0x0004,
4.290325041666667,0,0x0319,
4.290451041666667,0,0x0001,
4.290458708333333,0,0x1D1D,
4.290511000000000,0,0x0003,
4.290518666666666,0,0x2411,
4.290619333333333,0,0x0005,
4.290627000000000,0,0x2D15,
4.290776750000000,0,0x0006,
4.290784416666667,0,0x3B19,
4.290957583333333,0,0x000A,
4.290965250000000,0,0x411D,
4.291236708333333,0,0x0004,
4.291244375000000,0,0x0321,
4.291368916666666,0,0x0001,
4.291376583333333,0,0x1D25,
4.291427916666667,0,0x0003,
4.291435583333334,0,0x2429,
4.291535916666667,0,0x0005,
4.291543583333334,0,0x2D2D,
4.291691916666666,0,0x0006,
4.291699583333333,0,0x3B21,
4.291871750000000,0,0x000A,
4.291879416666666,0,0x4125,
4.299723166666666,0,0x2C3F,
4.299730875000000,0,0x060B,
4.299758166666667,0,0x0004,
4.299765875000000,0,0x031D,
4.299891916666667,0,0x0004,
4.299899583333334,0,0x0311,
4.300026958333333,0,0x0004,
4.300034666666667,0,0x0315,
4.300161250000000,0,0x0004,
4.300168958333333,0,0x0319,
4.300294791666667,0,0x0004,
4.300302500000000,0,0x031D,
4.300428791666667,0,0x0001,
4.300436458333333,0,0x1D11,
4.300488541666667,0,0x0003,
4.300496208333334,0,0x2415,
4.300597083333333,0,0x0005,
4.300604791666666,0,0x2D19,
4.300753458333333,0,0x0006,
4.300761166666667,0,0x3B1D,
4.300933875000000,0,0x000A,
4.300941541666667,0,0x4111,
4.301212666666666,0,0x0004,
4.301220375000000,0,0x0325,
4.301345666666666,0,0x0001,
4.301353333333333,0,0x1D29,
4.301405291666667,0,0x0003,
4.301412958333334,0,0x242D,
4.301513083333333,0,0x0005,
4.301520750000000,0,0x2D21,
4.301671208333333,0,0x0006,
4.301678875000000,0,0x3B25,
4.301851000000000,0,0x000A,
4.301858666666667,0,0x4129,
4.309712583333333,0,0x3C3F,
4.309720250000000,0,0x060F,
4.309747500000000,0,0x0004,
4.309755208333334,0,0x0311,
4.309881541666667,0,0x0004,
4.309889208333334,0,0x0315,
4.310015583333334,0,0x0004,
4.310023250000000,0,0x0319,
4.310148458333333,0,0x0004,
4.310156125000000,0,0x031D,
4.310282000000000,0,0x0004,
4.310289666666667,0,0x0311,
4.310416458333333,0,0x0001,
4.310424125000000,0,0x1D15,
4.310476291666666,0,0x0003,
4.310483958333333,0,0x2419,
4.310584125000000,0,0x0005,
4.310591833333334,0,0x2D1D,
4.310741083333333,0,0x0006,
4.310748750000000,0,0x3B11,
4.310922458333334,0,0x000A,
4.310930166666667,0,0x4115,
4.311200791666667,0,0x0004,
4.311208458333334,0,0x0329,
4.311332833333333,0,0x0001,
4.311340541666667,0,0x1D2D,
4.311392791666667,0,0x0003,
4.311400500000000,0,0x2421,
4.311500708333333,0,0x0005,
4.311508416666666,0,0x2D25,
4.311657916666666,0,0x0006,
4.311665583333333,0,0x3B29,
4.311839000000000,0,0x000A,
4.311846666666667,0,0x412D,
4.319719791666667,0,0x4C3F,
4.319727500000000,0,0x0603,
4.319754708333333,0,0x0004,
4.319762375000000,0,0x0315,
4.319888583333333,0,0x0004,
4.319896291666667,0,0x0319,
4.320022291666667,0,0x0004,
4.320030000000000,0,0x031D,
4.320156333333333,0,0x0004,
4.320164000000000,0,0x0311,
4.320290500000000,0,0x0004,
4.320298166666666,0,0x0315,
4.320423708333333,0,0x0001,
4.320431375000000,0,0x1D19,
4.320483708333334,0,0x0003,
4.320491375000000,0,0x241D,
4.320593250000000,0,0x0005,
4.320600916666667,0,0x2D11,
4.320750041666667,0,0x0006,
4.320757750000000,0,0x3B15,
4.320931541666667,0,0x000A,
4.320939208333333,0,0x4119,
4.321209916666667,0,0x0004,
4.321217625000000,0,0x032D,
4.321343708333333,0,0x0001,
4.321351416666666,0,0x1D21,
4.321402916666667,0,0x0003,
4.321410583333333,0,0x2425,
4.321510750000000,0,0x0005,
4.321518416666667,0,0x2D29,
4.321668125000000,0,0x0006,
4.321675791666666,0,0x3B2D,
4.321847583333334,0,0x000A,
4.321855291666667,0,0x4121,
4.329723416666667,0,0x5C3F,
4.329731083333333,0,0x0607,
4.329758250000000,0,0x0004,
4.329765916666667,0,0x0319,
4.329892166666666,0,0x0004,
4.329899833333333,0,0x031D,
4.330027208333333,0,0x0004,
4.330034875000000,0,0x0311,
4.330161083333333,0,0x0004,
4.330168791666667,0,0x0315,
4.330295416666667,0,0x0004,
4.330303083333333,0,0x0319,
4.330429833333334,0,0x0001,
4.330437500000000,0,0x1D1D,
4.330489583333334,0,0x0003,
4.330497250000000,0,0x2411,
4.330597833333333,0,0x0005,
4.330605500000000,0,0x2D15,
4.330754250000000,0,0x0006,
4.330761916666667,0,0x3B19,
4.330935083333333,0,0x000A,
4.330942791666667,0,0x411D,
4.331213416666666,0,0x0004,
4.331221083333333,0,0x0321,
4.331346291666667,0,0x0001,
4.331354000000000,0,0x1D25,
4.331405750000000,0,0x0003,
4.331413458333333,0,0x2429,
4.331513791666667,0,0x0005,
4.331521500000000,0,0x2D2D,
4.331671000000000,0,0x0006,
4.331678666666667,0,0x3B21,
4.331851500000000,0,0x000A,
4.331859166666667,0,0x4125,
4.339714833333334,0,0x6C3F,
4.339722500000000,0,0x060B,
4.339750208333333,0,0x0004,
4.339757875000000,0,0x031D,
4.339884375000000,0,0x0004,
4.339892041666666,0,0x0311,
4.340018833333334,0,0x0004,
4.340026541666667,0,0x0315,
4.340153458333333,0,0x0004,
4.340161166666666,0,0x0319,
4.340288083333333,0,0x0004,
4.340295791666667,0,0x031D,
4.340421458333333,0,0x0001,
4.340429125000000,0,0x1D11,
4.340481541666667,0,0x0003,
4.340489250000000,0,0x2415,
4.340590500000000,0,0x0005,
4.340598166666667,0,0x2D19,
4.340747583333333,0,0x0006,
4.340755250000000,0,0x3B1D,
4.340928875000000,0,0x000A,
4.340936541666666,0,0x4111,
4.341207125000000,0,0x0004,
4.341214791666666,0,0x0325,
4.341340625000000,0,0x0001,
4.341348291666667,0,0x1D29,
4.341400291666667,0,0x0003,
4.341408000000000,0,0x242D,
4.341508416666667,0,0x0005,
4.341516083333333,0,0x2D21,
4.341666125000000,0,0x0006,
4.341673791666667,0,0x3B25,
4.341846125000000,0,0x000A,
4.341853833333333,0,0x4129,
4.349691500000000,0,0x7C3F,
4.349699166666666,0,0x060F,
4.349726500000000,0,0x0004,
4.349734208333333,0,0x0311,
4.349859791666667,0,0x0004,
4.349867500000000,0,0x0315,
4.349993583333333,0,0x0004,
4.350001250000000,0,0x0319,
4.350126958333333,0,0x0004,
4.350134625000000,0,0x031D,
4.350261000000000,0,0x0004,
4.350268708333333,0,0x0311,
4.350394708333333,0,0x0001,
4.350402416666666,0,0x1D15,
4.350454291666667,0,0x0003,
4.350461958333334,0,0x2419,
4.350562708333333,0,0x0005,
4.350570375000000,0,0x2D1D,
4.350719333333333,0,0x0006,
4.350727000000000,0,0x3B11,
4.350900000000000,0,0x000A,
4.350907666666667,0,0x4115,
4.351177750000000,0,0x0004,
4.351185416666667,0,0x0329,
4.351311166666667,0,0x0001,
4.351318833333333,0,0x1D2D,
4.351371625000000,0,0x0003,
4.351379291666666,0,0x2421,
4.351479000000000,0,0x0005,
4.351486666666666,0,0x2D25,
4.351634708333333,0,0x0006,
4.351642375000000,0,0x3B29,
4.351814666666667,0,0x000A,
4.351822333333334,0,0x412D,
4.359845083333333,0,0x8C3F,
4.359852791666667,0,0x0603,
4.359880625000000,0,0x0004,
4.359888333333333,0,0x0315,
4.360015208333333,0,0x0004,
4.360022916666667,0,0x0319,
4.360149666666667,0,0x0004,
4.360157333333333,0,0x031D,
4.360284625000000,0,0x0004,
4.360292291666667,0,0x0311,
4.360418375000000,0,0x0004,
4.360426041666667,0,0x0315,
4.360553666666667,0,0x0001,
4.360561333333333,0,0x1D19,
4.360613125000000,0,0x0003,
4.360620791666666,0,0x241D,
4.360721583333333,0,0x0005,
4.360729291666667,0,0x2D11,
4.360878750000000,0,0x0006,
4.360886458333334,0,0x3B15,
4.361060166666666,0,0x000A,
4.361067833333333,0,0x4119,
4.361338583333334,0,0x0004,
4.361346291666667,0,0x032D,
4.361472083333333,0,0x0001,
4.361479791666667,0,0x1D21,
4.361531958333333,0,0x0003,
4.361539625000000,0,0x2425,
4.361639458333333,0,0x0005,
4.361647166666667,0,0x2D29,
4.361795000000000,0,0x0006,
4.361802666666667,0,0x3B2D,
4.361974791666666,0,0x000A,
4.361982458333333,0,0x4121,
4.369712000000000,0,0x9C3F,
4.369719666666667,0,0x0607,
4.369747125000000,0,0x0004,
4.369754833333333,0,0x0319,
4.369881458333333,0,0x0004,
4.369889125000000,0,0x031D,
4.370015458333333,0,0x0004,
4.370023166666667,0,0x0311,
4.370150000000000,0,0x0004,
4.370157666666667,0,0x0315,
4.370283541666667,0,0x0004,
4.370291208333334,0,0x0319,
4.370416958333333,0,0x0001,
4.370424625000000,0,0x1D1D,
4.370476791666666,0,0x0003,
4.370484458333333,0,0x2411,
4.370585166666666,0,0x0005,
4.370592833333333,0,0x2D15,
4.370742000000000,0,0x0006,
4.370749708333333,0,0x3B19,
4.370923125000000,0,0x000A,
4.370930791666667,0,0x411D,
4.371201125000000,0,0x0004,
4.371208791666667,0,0x0321,
4.371334416666667,0,0x0001,
4.371342083333333,0,0x1D25,
4.371394583333333,0,0x0003,
4.371402250000000,0,0x2429,
4.371501625000000,0,0x0005,
4.371509291666666,0,0x2D2D,
4.371658583333334,0,0x0006,
4.371666291666667,0,0x3B21,
4.371838833333333,0,0x000A,
4.371846500000000,0,0x4125,
4.379759166666667,0,0xAC3F,
4.379766833333333,0,0x060B,
4.379795041666667,0,0x0004,
4.379802708333333,0,0x031D,
4.379929541666667,0,0x0004,
4.379937208333334,0,0x0311,
4.380063250000000,0,0x0004,
4.380070958333333,0,0x0315,
4.380197125000000,0,0x0004,
4.380204791666666,0,0x0319,
4.380330375000000,0,0x0004,
4.380338041666667,0,0x031D,
4.380463250000000,0,0x0001,
4.380470958333333,0,0x1D11,
4.380523791666667,0,0x0003,
4.380531458333333,0,0x2415,
4.380632375000000,0,0x0005,
4.380640083333334,0,0x2D19,
4.380789500000000,0,0x0006,
4.380797166666667,0,0x3B1D,
4.380971333333333,0,0x000A,
4.380979000000000,0,0x4111,
4.381250083333334,0,0x0004,
4.381257791666667,0,0x0325,
4.381382791666667,0,0x0001,
4.381390458333334,0,0x1D29,
4.381441791666667,0,0x0003,
4.381449458333333,0,0x242D,
4.381548916666667,0,0x0005,
4.381556583333333,0,0x2D21,
4.381704916666667,0,0x0006,
4.381712583333333,0,0x3B25,
4.381884791666667,0,0x000A,
4.381892500000000,0,0x4129,
4.389707958333333,0,0xBC3F,
4.389715625000000,0,0x060F,
4.389743458333333,0,0x0004,
4.389751125000000,0,0x0311,
4.389878083333334,0,0x0004,
4.389885750000000,0,0x0315,
4.390012416666667,0,0x0004,
4.390020083333333,0,0x0319,
4.390146708333333,0,0x0004,
4.390154416666666,0,0x031D,
4.390279583333333,0,0x0004,
4.390287291666667,0,0x0311,
4.390413583333333,0,0x0001,
4.390421250000000,0,0x1D15,
4.390474041666667,0,0x0003,
4.390481750000000,0,0x2419,
4.390582750000000,0,0x0005,
4.390590416666667,0,0x2D1D,
4.390739541666667,0,0x0006,
4.390747208333333,0,0x3B11,
4.390919750000000,0,0x000A,
4.390927416666667,0,0x4115,
4.391197458333333,0,0x0004,
4.391205125000000,0,0x0329,
4.391329625000000,0,0x0001,
4.391337333333333,0,0x1D2D,
4.391389375000000,0,0x0003,
4.391397083333334,0,0x2421,
4.391497416666667,0,0x0005,
4.391505083333334,0,0x2D25,
4.391653041666666,0,0x0006,
4.391660708333333,0,0x3B29,
4.391833791666667,0,0x000A,
4.391841458333333,0,0x412D,
4.399711291666667,0,0xCC3F,
4.399718958333334,0,0x0603,
4.399746291666666,0,0x0004,
4.399753958333333,0,0x0315,
4.399880791666667,0,0x0004,
4.399888458333334,0,0x0319,
4.400014208333333,0,0x0004,
4.400021875000000,0,0x031D,
4.400148208333333,0,0x0004,
4.400155875000000,0,0x0311,
4.400281083333334,0,0x0004,
4.400288791666667,0,0x0315,
4.400414375000000,0,0x0001,
4.400422041666666,0,0x1D19,
4.400475000000000,0,0x0003,
4.400482708333334,0,0x241D,
4.400583041666667,0,0x0005,
4.400590708333334,0,0x2D11,
4.400739958333333,0,0x0006,
4.400747625000000,0,0x3B15,
4.400921375000000,0,0x000A,
4.400929041666667,0,0x4119,
4.401199666666667,0,0x0004,
4.401207333333334,0,0x032D,
4.401332416666667,0,0x0001,
4.401340083333333,0,0x1D21,
4.401391833333333,0,0x0003,
4.401399500000000,0,0x2425,
4.401499208333333,0,0x0005,
4.401506875000000,0,0x2D29,
4.401656416666667,0,0x0006,
4.401664083333333,0,0x3B2D,
4.401836166666667,0,0x000A,
4.401843833333333,0,0x4121,
4.409717000000000,0,0xDC3F,
4.409724708333333,0,0x0607,
4.409752250000000,0,0x0004,
4.409759958333333,0,0x0319,
4.409886208333333,0,0x0004,
4.409893875000000,0,0x031D,
4.410020166666667,0,0x0004,
4.410027833333333,0,0x0311,
4.410154500000000,0,0x0004,
4.410162208333333,0,0x0315,
4.410288541666667,0,0x0004,
4.410296208333333,0,0x0319,
4.410422791666667,0,0x0001,
4.410430500000000,0,0x1D1D,
4.410483083333333,0,0x0003,
4.410490750000000,0,0x2411,
4.410591583333333,0,0x0005,
4.410599250000000,0,0x2D15,
4.410748791666666,0,0x0006,
4.410756458333333,0,0x3B19,
4.410929916666666,0,0x000A,
4.410937583333333,0,0x411D,
4.411207916666666,0,0x0004,
4.411215583333333,0,0x0321,
4.411341250000000,0,0x0001,
4.411348916666666,0,0x1D25,
4.411401083333334,0,0x0003,
4.411408750000000,0,0x2429,
4.411508875000000,0,0x0005,
4.411516541666667,0,0x2D2D,
4.411666125000000,0,0x0006,
4.411673791666667,0,0x3B21,
4.411845666666666,0,0x000A,
4.411853333333333,0,0x4125,
4.419734416666667,0,0xEC3F,
4.419742125000000,0,0x060B,
4.419769416666667,0,0x0004,
4.419777083333333,0,0x031D,
4.419903000000000,0,0x0004,
4.419910666666667,0,0x0311,
4.420037291666667,0,0x0004,
4.420044958333333,0,0x0315,
4.420171583333333,0,0x0004,
4.420179250000000,0,0x0319,
4.420306000000000,0,0x0004,
4.420313666666667,0,0x031D,
4.420439833333333,0,0x0001,
4.420447541666666,0,0x1D11,
4.420500541666667,0,0x0003,
4.420508250000000,0,0x2415,
4.420609333333333,0,0x0005,
4.420617041666667,0,0x2D19,
4.420766791666667,0,0x0006,
4.420774458333334,0,0x3B1D,
4.420947916666667,0,0x000A,
4.420955583333333,0,0x4111,
4.421226583333334,0,0x0004,
4.421234250000000,0,0x0325,
4.421359500000000,0,0x0001,
4.421367166666666,0,0x1D29,
4.421419250000000,0,0x0003,
4.421426916666666,0,0x242D,
4.421526583333334,0,0x0005,
4.421534291666666,0,0x2D21,
4.421682458333334,0,0x0006,
4.421690166666667,0,0x3B25,
4.421862125000000,0,0x000A,
4.421869791666666,0,0x4129,
4.429717458333333,0,0xFC3F,
4.429725166666667,0,0x060F,
4.429752541666667,0,0x0004,
4.429760250000000,0,0x0311,
4.429886541666667,0,0x0004,
4.429894208333334,0,0x0315,
4.430020791666666,0,0x0004,
4.430028458333333,0,0x0319,
4.430154041666666,0,0x0004,
4.430161750000000,0,0x031D,
4.430289125000000,0,0x0004,
4.430296791666667,0,0x0311,
4.430423208333333,0,0x0001,
4.430430916666666,0,0x1D15,
4.430482875000000,0,0x0003,
4.430490541666667,0,0x2419,
4.430591416666666,0,0x0005,
4.430599083333333,0,0x2D1D,
4.430748041666667,0,0x0006,
4.430755708333334,0,0x3B11,
4.430928333333333,0,0x000A,
4.430936041666667,0,0x4115,
4.431206583333333,0,0x0004,
4.431214250000000,0,0x0329,
4.431339333333334,0,0x0001,
4.431347000000000,0,0x1D2D,
4.431399041666666,0,0x0003,
4.431406708333333,0,0x2421,
4.431506916666667,0,0x0005,
4.431514583333334,0,0x2D25,
4.431664083333334,0,0x0006,
4.431671791666667,0,0x3B29,
4.431844750000000,0,0x000A,
4.431852416666667,0,0x412D,
4.439770250000000,0,0x0C3F,
4.439777916666666,0,0x0603,
4.439805625000000,0,0x0004,
4.439813333333333,0,0x0315,
4.439940000000000,0,0x0004,
4.439947708333333,0,0x0319,
4.440073750000000,0,0x0004,
4.440081458333333,0,0x031D,
4.440207791666666,0,0x0004,
4.440215458333333,0,0x0311,
4.440342458333333,0,0x0004,
4.440350125000000,0,0x0315,
4.440475541666666,0,0x0001,
4.440483208333333,0,0x1D19,
4.440535291666666,0,0x0003,
4.440542958333333,0,0x241D,
4.440644291666667,0,0x0005,
4.440651958333333,0,0x2D11,
4.440801833333333,0,0x0006,
4.440809500000000,0,0x3B15,
4.440982916666667,0,0x000A,
4.440990583333333,0,0x4119,
4.441260666666667,0,0x0004,
4.441268333333333,0,0x032D,
4.441393666666666,0,0x0001,
4.441401333333333,0,0x1D21,
4.441453541666666,0,0x0003,
4.441461208333333,0,0x2425,
4.441561125000000,0,0x0005,
4.441568833333333,0,0x2D29,
4.441717083333334,0,0x0006,
4.441724750000000,0,0x3B2D,
4.441896416666666,0,0x000A,
4.441904125000000,0,0x4121,
4.449731125000000,0,0x1C3F,
4.449738791666666,0,0x0607,
4.449766625000000,0,0x0004,
4.449774291666666,0,0x0319,
4.449900458333333,0,0x0004,
4.449908125000000,0,0x031D,
4.450034458333334,0,0x0004,
4.450042125000000,0,0x0311,
4.450168666666666,0,0x0004,
4.450176375000000,0,0x0315,
4.450302583333333,0,0x0004,
4.450310291666667,0,0x0319,
4.450436375000000,0,0x0001,
4.450444083333333,0,0x1D1D,
4.450496958333333,0,0x0003,
4.450504625000000,0,0x2411,
4.450605750000000,0,0x0005,
4.450613458333334,0,0x2D15,
4.450762750000000,0,0x0006,
4.450770416666667,0,0x3B19,
4.450944083333333,0,0x000A,
4.450951791666666,0,0x411D,
4.451222416666667,0,0x0004,
4.451230083333333,0,0x0321,
4.451355916666667,0,0x0001,
4.451363625000000,0,0x1D25,
4.451415625000000,0,0x0003,
4.451423291666667,0,0x2429,
4.451523208333334,0,0x0005,
4.451530875000000,0,0x2D2D,
4.451680500000000,0,0x0006,
4.451688166666667,0,0x3B21,
4.451860750000000,0,0x000A,
4.451868416666667,0,0x4125,
4.459997541666667,0,0x2C3F,
4.460005208333333,0,0x060B,
4.460032833333333,0,0x0004,
4.460040500000000,0,0x031D,
4.460166833333333,0,0x0004,
4.460174500000000,0,0x0311,
4.460300833333333,0,0x0004,
4.460308500000000,0,0x0315,
4.460434500000000,0,0x0004,
4.460442166666667,0,0x0319,
4.460568166666667,0,0x0004,
4.460575875000000,0,0x031D,
4.460701750000000,0,0x0001,
4.460709458333334,0,0x1D11,
4.460762208333334,0,0x0003,
4.460769875000000,0,0x2415,
4.460871041666667,0,0x0005,
4.460878750000000,0,0x2D19,
4.461027916666667,0,0x0006,
4.461035583333333,0,0x3B1D,
4.461209875000000,0,0x000A,
4.461217541666667,0,0x4111,
4.461488458333333,0,0x0004,
4.461496125000000,0,0x0325,
4.461621375000000,0,0x0001,
4.461629041666667,0,0x1D29,
4.461681166666667,0,0x0003,
4.461688833333334,0,0x242D,
4.461788916666666,0,0x0005,
4.461796583333333,0,0x2D21,
4.461944208333334,0,0x0006,
4.461951875000000,0,0x3B25,
4.462123333333333,0,0x000A,
4.462131000000000,0,0x4129,
4.469731625000000,0,0x3C3F,
4.469739291666667,0,0x060F,
4.469766541666667,0,0x0004,
4.469774208333333,0,0x0311,
4.469900375000000,0,0x0004,
4.469908083333333,0,0x0315,
4.470034666666667,0,0x0004,
4.470042333333334,0,0x0319,
4.470168583333333,0,0x0004,
4.470176250000000,0,0x031D,
4.470302458333333,0,0x0004,
4.470310166666667,0,0x0311,
4.470436125000000,0,0x0001,
4.470443791666667,0,0x1D15,
4.470496250000000,0,0x0003,
4.470503958333333,0,0x2419,
4.470605541666667,0,0x0005,
4.470613208333333,0,0x2D1D,
4.470762333333333,0,0x0006,
4.470770041666666,0,0x3B11,
4.470943541666666,0,0x000A,
4.470951208333333,0,0x4115,
4.471221416666666,0,0x0004,
4.471229125000000,0,0x0329,
4.471354750000000,0,0x0001,
4.471362416666667,0,0x1D2D,
4.471414666666667,0,0x0003,
4.471422375000000,0,0x2421,
4.471522625000000,0,0x0005,
4.471530333333333,0,0x2D25,
4.471679791666666,0,0x0006,
4.471687458333333,0,0x3B29,
4.471859875000000,0,0x000A,
4.471867541666667,0,0x412D,
4.479766666666666,0,0x4C3F,
4.479774375000000,0,0x0603,
4.479801958333334,0,0x0004,
4.479809625000000,0,0x0315,
4.479936166666667,0,0x0004,
4.479943833333333,0,0x0319,
4.480069500000000,0,0x0004,
4.480077166666667,0,0x031D,
4.480203333333334,0,0x0004,
4.480211041666666,0,0x0311,
4.480337166666667,0,0x0004,
4.480344833333334,0,0x0315,
4.480470208333333,0,0x0001,
4.480477916666667,0,0x1D19,
4.480530291666667,0,0x0003,
4.480537958333334,0,0x241D,
4.480639000000000,0,0x0005,
4.480646666666667,0,0x2D11,
4.480796875000000,0,0x0006,
4.480804583333334,0,0x3B15,
4.480977708333334,0,0x000A,
4.480985375000000,0,0x4119,
4.481255500000000,0,0x0004,
4.481263166666666,0,0x032D,
4.481387958333333,0,0x0001,
4.481395666666667,0,0x1D21,
4.481448416666667,0,0x0003,
4.481456083333334,0,0x2425,
4.481556708333334,0,0x0005,
4.481564375000000,0,0x2D29,
4.481712791666666,0,0x0006,
4.481720458333333,0,0x3B2D,
4.481892333333334,0,0x000A,
4.481900000000000,0,0x4121,
4.489782833333333,0,0x5C3F,
4.489790500000000,0,0x0607,
4.489818291666666,0,0x0004,
4.489826000000000,0,0x0319,
4.489951791666667,0,0x0004,
4.489959458333334,0,0x031D,
4.490085458333334,0,0x0004,
4.490093125000000,0,0x0311,
4.490219250000000,0,0x0004,
4.490226958333333,0,0x0315,
4.490352750000000,0,0x0004,
4.490360416666666,0,0x0319,
4.490485833333334,0,0x0001,
4.490493500000000,0,0x1D1D,
4.490545958333334,0,0x0003,
4.490553625000000,0,0x2411,
4.490653916666667,0,0x0005,
4.490661583333333,0,0x2D15,
4.490810916666667,0,0x0006,
4.490818583333334,0,0x3B19,
4.490991875000000,0,0x000A,
4.490999541666667,0,0x411D,
4.491269583333334,0,0x0004,
4.491277250000000,0,0x0321,
4.491402541666667,0,0x0001,
4.491410208333333,0,0x1D25,
4.491461791666667,0,0x0003,
4.491469458333333,0,0x2429,
4.491569791666667,0,0x0005,
4.491577458333333,0,0x2D2D,
4.491725500000000,0,0x0006,
4.491733166666667,0,0x3B21,
4.491906166666666,0,0x000A,
4.491913875000000,0,0x4125,
4.500707125000000,0,0x6C3F,
4.500714833333333,0,0x060B,
4.500742250000000,0,0x0004,
4.500749958333333,0,0x031D,
4.500875791666667,0,0x0004,
4.500883458333333,0,0x0311,
4.501010166666667,0,0x0004,
4.501017833333333,0,0x0315,
4.501143458333333,0,0x0004,
4.501151125000000,0,0x0319,
4.501277166666667,0,0x0004,
4.501284875000000,0,0x031D,
4.501410916666667,0,0x0001,
4.501418583333333,0,0x1D11,
4.501470666666667,0,0x0003,
4.501478333333333,0,0x2415,
4.501578916666666,0,0x0005,
4.501586583333333,0,0x2D19,
4.501736083333333,0,0x0006,
4.501743791666667,0,0x3B1D,
4.501917000000000,0,0x000A,
4.501924708333333,0,0x4111,
4.502194708333334,0,0x0004,
4.502202416666667,0,0x0325,
4.502327666666667,0,0x0001,
4.502335375000000,0,0x1D29,
4.502388458333333,0,0x0003,
4.502396125000000,0,0x242D,
4.502495625000000,0,0x0005,
4.502503291666667,0,0x2D21,
4.502650750000000,0,0x0006,
4.502658458333333,0,0x3B25,
4.502830083333333,0,0x000A,
4.502837791666667,0,0x4129,
4.509803333333333,0,0x7C3F,
4.509811000000000,0,0x060F,
4.509838875000000,0,0x0004,
4.509846583333333,0,0x0311,
4.509972583333333,0,0x0004,
4.509980250000000,0,0x0315,
4.510106416666667,0,0x0004,
4.510114083333334,0,0x0319,
4.510240708333333,0,0x0004,
4.510248416666666,0,0x031D,
4.510374125000000,0,0x0004,
4.510381791666667,0,0x0311,
4.510507541666667,0,0x0001,
4.510515250000000,0,0x1D15,
4.510568208333333,0,0x0003,
4.510575875000000,0,0x2419,
4.510676416666667,0,0x0005,
4.510684125000000,0,0x2D1D,
4.510833583333334,0,0x0006,
4.510841291666667,0,0x3B11,
4.511015083333334,0,0x000A,
4.511022750000000,0,0x4115,
4.511292583333334,0,0x0004,
4.511300250000000,0,0x0329,
4.511425125000000,0,0x0001,
4.511432791666667,0,0x1D2D,
4.511484958333333,0,0x0003,
4.511492666666666,0,0x2421,
4.511592500000000,0,0x0005,
4.511600166666667,0,0x2D25,
4.511748666666667,0,0x0006,
4.511756333333333,0,0x3B29,
4.511929375000000,0,0x000A,
4.511937041666667,0,0x412D,
4.519744583333333,0,0x8C3F,
4.519752250000000,0,0x0603,
4.519779708333333,0,0x0004,
4.519787375000000,0,0x0315,
4.519913833333334,0,0x0004,
4.519921500000000,0,0x0319,
4.520048125000000,0,0x0004,
4.520055791666667,0,0x031D,
4.520181875000000,0,0x0004,
4.520189541666666,0,0x0311,
4.520316291666667,0,0x0004,
4.520324000000000,0,0x0315,
4.520450000000000,0,0x0001,
4.520457708333334,0,0x1D19,
4.520509625000000,0,0x0003,
4.520517333333333,0,0x241D,
4.520618250000000,0,0x0005,
4.520625916666667,0,0x2D11,
4.520775958333333,0,0x0006,
4.520783666666667,0,0x3B15,
4.520957000000000,0,0x000A,
4.520964666666667,0,0x4119,
4.521236250000000,0,0x0004,
4.521243958333334,0,0x032D,
4.521370208333333,0,0x0001,
4.521377875000000,0,0x1D21,
4.521429750000000,0,0x0003,
4.521437416666667,0,0x2425,
4.521537541666667,0,0x0005,
4.521545250000000,0,0x2D29,
4.521693750000000,0,0x0006,
4.521701458333333,0,0x3B2D,
4.521873250000000,0,0x000A,
4.521880958333333,0,0x4121,
4.529735583333333,0,0x9C3F,
4.529743250000000,0,0x0607,
4.529770791666667,0,0x0004,
4.529778458333333,0,0x0319,
4.529905000000000,0,0x0004,
4.529912666666666,0,0x031D,
4.530039458333333,0,0x0004,
4.530047125000000,0,0x0311,
4.530173708333334,0,0x0004,
4.530181375000000,0,0x0315,
4.530307416666667,0,0x0004,
4.530315125000000,0,0x0319,
4.530441541666667,0,0x0001,
4.530449250000000,0,0x1D1D,
4.530500791666666,0,0x0003,
4.530508458333333,0,0x2411,
4.530609916666666,0,0x0005,
4.530617583333333,0,0x2D15,
4.530766250000000,0,0x0006,
4.530773916666667,0,0x3B19,
4.530946750000000,0,0x000A,
4.530954416666667,0,0x411D,
4.531225375000000,0,0x0004,
4.531233041666667,0,0x0321,
4.531359250000000,0,0x0001,
4.531366916666666,0,0x1D25,
4.531418666666666,0,0x0003,
4.531426375000000,0,0x2429,
4.531526416666667,0,0x0005,
4.531534125000000,0,0x2D2D,
4.531683708333333,0,0x0006,
4.531691375000000,0,0x3B21,
4.531863500000000,0,0x000A,
4.531871166666667,0,0x4125,
4.539711041666667,0,0xAC3F,
4.539718750000000,0,0x060B,
4.539745791666666,0,0x0004,
4.539753458333333,0,0x031D,
4.539879791666666,0,0x0004,
4.539887500000000,0,0x0311,
4.540013625000000,0,0x0004,
4.540021333333334,0,0x0315,
4.540147458333333,0,0x0004,
4.540155125000000,0,0x0319,
4.540280833333333,0,0x0004,
4.540288500000000,0,0x031D,
4.540414208333333,0,0x0001,
4.540421916666666,0,0x1D11,
4.540474166666667,0,0x0003,
4.540481833333334,0,0x2415,
4.540582666666666,0,0x0005,
4.540590333333333,0,0x2D19,
4.540739916666666,0,0x0006,
4.540747583333333,0,0x3B1D,
4.540921333333333,0,0x000A,
4.540929000000000,0,0x4111,
4.541199125000000,0,0x0004,
4.541206791666666,0,0x0325,
4.541332791666667,0,0x0001,
4.541340458333333,0,0x1D29,
4.541393166666666,0,0x0003,
4.541400833333333,0,0x242D,
4.541501000000000,0,0x0005,
4.541508666666667,0,0x2D21,
4.541656750000000,0,0x0006,
4.541664416666666,0,0x3B25,
4.541836416666666,0,0x000A,
4.541844083333333,0,0x4129,
4.549720625000000,0,0xBC3F,
4.549728291666667,0,0x060F,
4.549755625000000,0,0x0004,
4.549763291666666,0,0x0311,
4.549890375000000,0,0x0004,
4.549898041666666,0,0x0315,
4.550024208333333,0,0x0004,
4.550031875000000,0,0x0319,
4.550158166666667,0,0x0004,
4.550165833333334,0,0x031D,
4.550291291666666,0,0x0004,
4.550298958333333,0,0x0311,
4.550424416666667,0,0x0001,
4.550432083333333,0,0x1D15,
4.550484583333334,0,0x0003,
4.550492250000000,0,0x2419,
4.550592958333334,0,0x0005,
4.550600666666667,0,0x2D1D,
4.550750333333333,0,0x0006,
4.550758041666667,0,0x3B11,
4.550931875000000,0,0x000A,
4.550939541666667,0,0x4115,
4.551209916666667,0,0x0004,
4.551217625000000,0,0x0329,
4.551343041666667,0,0x0001,
4.551350708333334,0,0x1D2D,
4.551402666666666,0,0x0003,
4.551410333333333,0,0x2421,
4.551510333333334,0,0x0005,
4.551518041666666,0,0x2D25,
4.551667625000000,0,0x0006,
4.551675333333334,0,0x3B29,
4.551848875000000,0,0x000A,
4.551856583333334,0,0x412D,
4.559865833333333,0,0xCC3F,
4.559873500000000,0,0x0603,
4.559901208333334,0,0x0004,
4.559908875000000,0,0x0315,
4.560034875000000,0,0x0004,
4.560042583333333,0,0x0319,
4.560168541666667,0,0x0004,
4.560176250000000,0,0x031D,
4.560302291666667,0,0x0004,
4.560309958333334,0,0x0311,
4.560436125000000,0,0x0004,
4.560443791666667,0,0x0315,
4.560570375000000,0,0x0001,
4.560578083333334,0,0x1D19,
4.560629875000000,0,0x0003,
4.560637583333333,0,0x241D,
4.560738291666667,0,0x0005,
4.560746000000000,0,0x2D11,
4.560895791666667,0,0x0006,
4.560903458333334,0,0x3B15,
4.561077125000000,0,0x000A,
4.561084791666667,0,0x4119,
4.561355791666666,0,0x0004,
4.561363500000000,0,0x032D,
4.561489708333333,0,0x0001,
4.561497416666667,0,0x1D21,
4.561549083333333,0,0x0003,
4.561556750000000,0,0x2425,
4.561656083333333,0,0x0005,
4.561663750000000,0,0x2D29,
4.561812250000000,0,0x0006,
4.561819916666667,0,0x3B2D,
4.561992375000000,0,0x000A,
4.562000041666667,0,0x4121,
4.569785291666666,0,0xDC3F,
4.569792958333333,0,0x0607,
4.569820416666666,0,0x0004,
4.569828083333333,0,0x0319,
4.569953958333334,0,0x0004,
4.569961666666667,0,0x031D,
4.570087458333333,0,0x0004,
4.570095166666666,0,0x0311,
4.570221458333333,0,0x0004,
4.570229166666667,0,0x0315,
4.570354958333334,0,0x0004,
4.570362625000000,0,0x0319,
4.570489250000000,0,0x0001,
4.570496958333333,0,0x1D1D,
4.570549416666666,0,0x0003,
4.570557083333333,0,0x2411,
4.570657666666667,0,0x0005,
4.570665333333333,0,0x2D15,
4.570815041666667,0,0x0006,
4.570822708333333,0,0x3B19,
4.570995833333333,0,0x000A,
4.571003500000000,0,0x411D,
4.571274250000000,0,0x0004,
4.571281916666667,0,0x0321,
4.571406958333333,0,0x0001,
4.571414625000000,0,0x1D25,
4.571467000000000,0,0x0003,
4.571474666666667,0,0x2429,
4.571575166666666,0,0x0005,
4.571582833333333,0,0x2D2D,
4.571730916666667,0,0x0006,
4.571738625000000,0,0x3B21,
4.571911458333333,0,0x000A,
4.571919166666667,0,0x4125,
4.579729208333333,0,0xEC3F,
4.579736875000000,0,0x060B,
4.579764333333333,0,0x0004,
4.579772000000000,0,0x031D,
4.579898958333334,0,0x0004,
4.579906625000000,0,0x0311,
4.580033250000000,0,0x0004,
4.580040916666666,0,0x0315,
4.580166875000000,0,0x0004,
4.580174541666667,0,0x0319,
4.580300333333334,0,0x0004,
4.580308000000000,0,0x031D,
4.580433958333334,0,0x0001,
4.580441625000000,0,0x1D11,
4.580494000000000,0,0x0003,
4.580501708333333,0,0x2415,
4.580602541666667,0,0x0005,
4.580610208333334,0,0x2D19,
4.580759041666667,0,0x0006,
4.580766708333333,0,0x3B1D,
4.580939708333333,0,0x000A,
4.580947416666667,0,0x4111,
4.581217041666667,0,0x0004,
4.581224708333333,0,0x0325,
4.581350458333334,0,0x0001,
4.581358125000000,0,0x1D29,
4.581409708333333,0,0x0003,
4.581417375000000,0,0x242D,
4.581517458333333,0,0x0005,
4.581525125000000,0,0x2D21,
4.581675083333334,0,0x0006,
4.581682750000000,0,0x3B25,
4.581855458333333,0,0x000A,
4.581863125000000,0,0x4129,
4.589780375000000,0,0xFC3F,
4.589788041666667,0,0x060F,
4.589815125000000,0,0x0004,
4.589822791666666,0,0x0311,
4.589948875000000,0,0x0004,
4.589956541666667,0,0x0315,
4.590082708333333,0,0x0004,
4.590090375000000,0,0x0319,
4.590216916666667,0,0x0004,
4.590224583333334,0,0x031D,
4.590350875000000,0,0x0004,
4.590358541666666,0,0x0311,
4.590484750000000,0,0x0001,
4.590492458333333,0,0x1D15,
4.590544083333334,0,0x0003,
4.590551750000000,0,0x2419,
4.590652333333333,0,0x0005,
4.590660000000000,0,0x2D1D,
4.590808708333333,0,0x0006,
4.590816375000000,0,0x3B11,
4.590989458333333,0,0x000A,
4.590997125000000,0,0x4115,
4.591267875000000,0,0x0004,
4.591275541666667,0,0x0329,
4.591400583333333,0,0x0001,
4.591408250000000,0,0x1D2D,
4.591461000000000,0,0x0003,
4.591468666666667,0,0x2421,
4.591568416666667,0,0x0005,
4.591576083333333,0,0x2D25,
4.591725000000000,0,0x0006,
4.591732666666666,0,0x3B29,
4.591904125000000,0,0x000A,
4.591911791666667,0,0x412D,
4.599751208333333,0,0x0C3F,
4.599758875000000,0,0x0603,
4.599786375000000,0,0x0004,
4.599794041666667,0,0x0315,
4.599920833333333,0,0x0004,
4.599928541666666,0,0x0319,
4.600054750000000,0,0x0004,
4.600062416666667,0,0x031D,
4.600188625000000,0,0x0004,
4.600196291666666,0,0x0311,
4.600323166666667,0,0x0004,
4.600330833333333,0,0x0315,
4.600457083333334,0,0x0001,
4.600464791666667,0,0x1D19,
4.600517333333333,0,0x0003,
4.600525041666667,0,0x241D,
4.600625125000000,0,0x0005,
4.600632791666666,0,0x2D11,
4.600782333333333,0,0x0006,
4.600790000000000,0,0x3B15,
4.600962875000000,0,0x000A,
4.600970541666666,0,0x4119,
4.601241916666667,0,0x0004,
4.601249583333333,0,0x032D,
4.601375166666666,0,0x0001,
4.601382833333333,0,0x1D21,
4.601434916666666,0,0x0003,
4.601442625000000,0,0x2425,
4.601542708333334,0,0x0005,
4.601550416666667,0,0x2D29,
4.601700000000000,0,0x0006,
4.601707666666667,0,0x3B2D,
4.601880666666666,0,0x000A,
4.601888333333333,0,0x4121,
4.609749666666667,0,0x1C3F,
4.609757333333333,0,0x0607,
4.609784833333333,0,0x0004,
4.609792541666667,0,0x0319,
4.609918875000000,0,0x0004,
4.609926541666667,0,0x031D,
4.610052791666667,0,0x0004,
4.610060458333334,0,0x0311,
4.610187000000000,0,0x0004,
4.610194666666667,0,0x0315,
4.610321291666667,0,0x0004,
4.610328958333334,0,0x0319,
4.610456166666666,0,0x0001,
4.610463875000000,0,0x1D1D,
4.610516166666667,0,0x0003,
4.610523833333334,0,0x2411,
4.610623500000000,0,0x0005,
4.610631166666667,0,0x2D15,
4.610780375000000,0,0x0006,
4.610788041666667,0,0x3B19,
4.610961333333333,0,0x000A,
4.610969000000000,0,0x411D,
4.611239541666666,0,0x0004,
4.611247208333333,0,0x0321,
4.611372708333334,0,0x0001,
4.611380375000000,0,0x1D25,
4.611431916666667,0,0x0003,
4.611439625000000,0,0x2429,
4.611539708333333,0,0x0005,
4.611547375000000,0,0x2D2D,
4.611696291666667,0,0x0006,
4.611703958333333,0,0x3B21,
4.611876666666666,0,0x000A,
4.611884333333333,0,0x4125,
4.619744458333333,0,0x2C3F,
4.619752166666666,0,0x060B,
4.619779375000000,0,0x0004,
4.619787083333334,0,0x031D,
4.619913625000000,0,0x0004,
4.619921291666667,0,0x0311,
4.620047916666667,0,0x0004,
4.620055583333333,0,0x0315,
4.620181958333333,0,0x0004,
4.620189625000000,0,0x0319,
4.620316208333334,0,0x0004,
4.620323916666667,0,0x031D,
4.620450291666667,0,0x0001,
4.620458000000000,0,0x1D11,
4.620510000000000,0,0x0003,
4.620517708333334,0,0x2415,
4.620618208333333,0,0x0005,
4.620625875000000,0,0x2D19,
4.620775125000000,0,0x0006,
4.620782791666667,0,0x3B1D,
4.620956416666667,0,0x000A,
4.620964083333333,0,0x4111,
4.621235666666666,0,0x0004,
4.621243333333333,0,0x0325,
4.621369541666667,0,0x0001,
4.621377208333334,0,0x1D29,
4.621428416666666,0,0x0003,
4.621436125000000,0,0x242D,
4.621536125000000,0,0x0005,
4.621543791666666,0,0x2D21,
4.621693625000000,0,0x0006,
4.621701291666667,0,0x3B25,
4.621873958333333,0,0x000A,
4.621881625000000,0,0x4129,
4.629740333333333,0,0x3C3F,
4.629748000000000,0,0x060F,
4.629774916666666,0,0x0004,
4.629782625000000,0,0x0311,
4.629909541666667,0,0x0004,
4.629917250000000,0,0x0315,
4.630042916666667,0,0x0004,
4.630050625000000,0,0x0319,
4.630176583333333,0,0x0004,
4.630184250000000,0,0x031D,
4.630310708333333,0,0x0004,
4.630318375000000,0,0x0311,
4.630444208333333,0,0x0001,
4.630451875000000,0,0x1D15,
4.630504125000000,0,0x0003,
4.630511791666667,0,0x2419,
4.630612416666667,0,0x0005,
4.630620083333334,0,0x2D1D,
4.630769208333334,0,0x0006,
4.630776875000000,0,0x3B11,
4.630950375000000,0,0x000A,
4.630958083333334,0,0x4115,
4.631228416666667,0,0x0004,
4.631236083333333,0,0x0329,
4.631361333333333,0,0x0001,
4.631369000000000,0,0x1D2D,
4.631421583333333,0,0x0003,
4.631429291666667,0,0x2421,
4.631528916666666,0,0x0005,
4.631536583333333,0,0x2D25,
4.631686250000000,0,0x0006,
4.631693916666666,0,0x3B29,
4.631866375000000,0,0x000A,
4.631874041666666,0,0x412D,
4.639749291666667,0,0x4C3F,
4.639756958333333,0,0x0603,
4.639784458333334,0,0x0004,
4.639792166666667,0,0x0315,
4.639918375000000,0,0x0004,
4.639926041666667,0,0x0319,
4.640053166666666,0,0x0004,
4.640060833333333,0,0x031D,
4.640187791666667,0,0x0004,
4.640195500000000,0,0x0311,
4.640322500000000,0,0x0004,
4.640330166666667,0,0x0315,
4.640456541666667,0,0x0001,
4.640464208333333,0,0x1D19,
4.640516583333334,0,0x0003,
4.640524291666667,0,0x241D,
4.640625250000000,0,0x0005,
4.640632916666667,0,0x2D11,
4.640783041666666,0,0x0006,
4.640790708333333,0,0x3B15,
4.640964416666667,0,0x000A,
4.640972083333334,0,0x4119,
4.641242916666667,0,0x0004,
4.641250625000000,0,0x032D,
4.641376541666666,0,0x0001,
4.641384250000000,0,0x1D21,
4.641436958333333,0,0x0003,
4.641444625000000,0,0x2425,
4.641544333333333,0,0x0005,
4.641552000000000,0,0x2D29,
4.641700166666666,0,0x0006,
4.641707875000000,0,0x3B2D,
4.641880041666667,0,0x000A,
4.641887708333333,0,0x4121,
4.649741500000000,0,0x5C3F,
4.649749208333334,0,0x0607,
4.649776083333333,0,0x0004,
4.649783750000000,0,0x0319,
4.649911083333333,0,0x0004,
4.649918750000000,0,0x031D,
4.650045791666667,0,0x0004,
4.650053458333334,0,0x0311,
4.650179166666667,0,0x0004,
4.650186833333334,0,0x0315,
4.650313875000000,0,0x0004,
4.650321583333334,0,0x0319,
4.650447250000000,0,0x0001,
4.650454958333333,0,0x1D1D,
4.650507625000000,0,0x0003,
4.650515333333333,0,0x2411,
4.650615875000000,0,0x0005,
4.650623541666667,0,0x2D15,
4.650772833333333,0,0x0006,
4.650780541666666,0,0x3B19,
4.650953291666666,0,0x000A,
4.650960958333333,0,0x411D,
4.651231458333333,0,0x0004,
4.651239166666667,0,0x0321,
4.651365583333333,0,0x0001,
4.651373250000000,0,0x1D25,
4.651425250000000,0,0x0003,
4.651432958333333,0,0x2429,
4.651532833333333,0,0x0005,
4.651540500000000,0,0x2D2D,
4.651689791666667,0,0x0006,
4.651697458333333,0,0x3B21,
4.651869375000000,0,0x000A,
4.651877041666666,0,0x4125,
4.659876458333334,0,0x6C3F,
4.659884166666667,0,0x060B,
4.659911416666667,0,0x0004,
4.659919083333333,0,0x031D,
4.660046541666667,0,0x0004,
4.660054208333333,0,0x0311,
4.660180208333333,0,0x0004,
4.660187875000000,0,0x0315,
4.660313958333333,0,0x0004,
4.660321666666666,0,0x0319,
4.660447750000000,0,0x0004,
4.660455458333334,0,0x031D,
4.660581625000000,0,0x0001,
4.660589291666667,0,0x1D11,
4.660641750000000,0,0x0003,
4.660649416666667,0,0x2415,
4.660749875000000,0,0x0005,
4.660757583333333,0,0x2D19,
4.660906833333334,0,0x0006,
4.660914541666667,0,0x3B1D,
4.661087625000000,0,0x000A,
4.661095291666666,0,0x4111,
4.661365958333334,0,0x0004,
4.661373625000000,0,0x0325,
4.661498250000000,0,0x0001,
4.661505916666667,0,0x1D29,
4.661558958333333,0,0x0003,
4.661566625000000,0,0x242D,
4.661666333333334,0,0x0005,
4.661674041666667,0,0x2D21,
4.661822750000000,0,0x0006,
4.661830416666667,0,0x3B25,
4.662002208333333,0,0x000A,
4.662009916666666,0,0x4129,
4.669759083333333,0,0x7C3F,
4.669766750000000,0,0x060F,
4.669793916666666,0,0x0004,
4.669801583333333,0,0x0311,
4.669927541666667,0,0x0004,
4.669935250000000,0,0x0315,
4.670061541666667,0,0x0004,
4.670069208333333,0,0x0319,
4.670195875000000,0,0x0004,
4.670203583333334,0,0x031D,
4.670329666666666,0,0x0004,
4.670337333333333,0,0x0311,
4.670464000000000,0,0x0001,
4.670471708333333,0,0x1D15,
4.670523958333333,0,0x0003,
4.670531625000000,0,0x2419,
4.670632375000000,0,0x0005,
4.670640041666666,0,0x2D1D,
4.670789666666667,0,0x0006,
4.670797375000000,0,0x3B11,
4.670970750000000,0,0x000A,
4.670978416666666,0,0x4115,
4.671249208333333,0,0x0004,
4.671256875000000,0,0x0329,
4.671381333333334,0,0x0001,
4.671389000000000,0,0x1D2D,
4.671440583333333,0,0x0003,
4.671448291666667,0,0x2421,
4.671547958333333,0,0x0005,
4.671555625000000,0,0x2D25,
4.671703916666667,0,0x0006,
4.671711625000000,0,0x3B29,
4.671883208333333,0,0x000A,
4.671890916666666,0,0x412D,
4.679753416666666,0,0x8C3F,
4.679761083333333,0,0x0603,
4.679788041666667,0,0x0004,
4.679795750000000,0,0x0315,
4.679922375000000,0,0x0004,
4.679930041666666,0,0x0319,
4.680056125000000,0,0x0004,
4.680063791666667,0,0x031D,
4.680189875000000,0,0x0004,
4.680197541666667,0,0x0311,
4.680323625000000,0,0x0004,
4.680331333333333,0,0x0315,
4.680457333333333,0,0x0001,
4.680465041666666,0,0x1D19,
4.680517250000000,0,0x0003,
4.680524958333334,0,0x241D,
4.680626416666667,0,0x0005,
4.680634083333334,0,0x2D11,
4.680783250000000,0,0x0006,
4.680790916666667,0,0x3B15,
4.680964291666666,0,0x000A,
4.680971958333333,0,0x4119,
4.681243000000000,0,0x0004,
4.681250666666666,0,0x032D,
4.681376333333334,0,0x0001,
4.681384041666667,0,0x1D21,
4.681435666666666,0,0x0003,
4.681443375000000,0,0x2425,
4.681543375000000,0,0x0005,
4.681551083333333,0,0x2D29,
4.681700916666666,0,0x0006,
4.681708583333333,0,0x3B2D,
4.681881208333333,0,0x000A,
4.681888875000000,0,0x4121,
4.689756958333334,0,0x9C3F,
4.689764625000000,0,0x0607,
4.689791500000000,0,0x0004,
4.689799208333334,0,0x0319,
4.689925708333333,0,0x0004,
4.689933375000000,0,0x031D,
4.690059208333333,0,0x0004,
4.690066875000000,0,0x0311,
4.690192375000000,0,0x0004,
4.690200041666666,0,0x0315,
4.690326791666667,0,0x0004,
4.690334458333333,0,0x0319,
4.690460333333333,0,0x0001,
4.690468000000000,0,0x1D1D,
4.690520708333334,0,0x0003,
4.690528416666667,0,0x2411,
4.690629958333333,0,0x0005,
4.690637666666666,0,0x2D15,
4.690786458333333,0,0x0006,
4.690794125000000,0,0x3B19,
4.690967291666666,0,0x000A,
4.690975000000000,0,0x411D,
4.691245208333333,0,0x0004,
4.691252875000000,0,0x0321,
4.691377875000000,0,0x0001,
4.691385541666667,0,0x1D25,
4.691437583333333,0,0x0003,
4.691445291666667,0,0x2429,
4.691545416666667,0,0x0005,
4.691553083333333,0,0x2D2D,
4.691702666666667,0,0x0006,
4.691710375000000,0,0x3B21,
4.691882458333334,0,0x000A,
4.691890125000000,0,0x4125,
4.699763416666666,0,0xAC3F,
4.699771083333333,0,0x060B,
4.699798416666667,0,0x0004,
4.699806125000000,0,0x031D,
4.699931458333333,0,0x0004,
4.699939125000000,0,0x0311,
4.700065791666667,0,0x0004,
4.700073500000000,0,0x0315,
4.700200083333334,0,0x0004,
4.700207791666666,0,0x0319,
4.700334083333333,0,0x0004,
4.700341750000000,0,0x031D,
4.700468291666667,0,0x0001,
4.700475958333334,0,0x1D11,
4.700528041666667,0,0x0003,
4.700535708333334,0,0x2415,
4.700636291666667,0,0x0005,
4.700643958333333,0,0x2D19,
4.700792833333334,0,0x0006,
4.700800541666666,0,0x3B1D,
4.700973083333333,0,0x000A,
4.700980750000000,0,0x4111,
4.701251750000000,0,0x0004,
4.701259458333333,0,0x0325,
4.701385000000000,0,0x0001,
4.701392708333334,0,0x1D29,
4.701444291666666,0,0x0003,
4.701452000000000,0,0x242D,
4.701552500000000,0,0x0005,
4.701560166666667,0,0x2D21,
4.701709833333333,0,0x0006,
4.701717500000000,0,0x3B25,
4.701889333333333,0,0x000A,
4.701897000000000,0,0x4129,
4.709757750000000,0,0xBC3F,
4.709765458333333,0,0x060F,
4.709793208333333,0,0x0004,
4.709800916666667,0,0x0311,
4.709926333333334,0,0x0004,
4.709934000000000,0,0x0315,
4.710060041666667,0,0x0004,
4.710067750000000,0,0x0319,
4.710193750000000,0,0x0004,
4.710201458333334,0,0x031D,
4.710327416666667,0,0x0004,
4.710335083333334,0,0x0311,
4.710461458333334,0,0x0001,
4.710469125000000,0,0x1D15,
4.710522125000000,0,0x0003,
4.710529833333333,0,0x2419,
4.710630916666666,0,0x0005,
4.710638583333333,0,0x2D1D,
4.710787625000000,0,0x0006,
4.710795291666667,0,0x3B11,
4.710969125000000,0,0x000A,
4.710976791666667,0,0x4115,
4.711247375000000,0,0x0004,
4.711255083333334,0,0x0329,
4.711380875000000,0,0x0001,
4.711388583333333,0,0x1D2D,
4.711441166666667,0,0x0003,
4.711448875000000,0,0x2421,
4.711548833333334,0,0x0005,
4.711556500000000,0,0x2D25,
4.711705833333333,0,0x0006,
4.711713500000000,0,0x3B29,
4.711886541666667,0,0x000A,
4.711894250000000,0,0x412D,
4.719746041666666,0,0xCC3F,
4.719753708333333,0,0x0603,
4.719780750000000,0,0x0004,
4.719788416666667,0,0x0315,
4.719914458333333,0,0x0004,
4.719922125000000,0,0x0319,
4.720048833333333,0,0x0004,
4.720056500000000,0,0x031D,
4.720182500000000,0,0x0004,
4.720190208333333,0,0x0311,
4.720317000000000,0,0x0004,
4.720324708333333,0,0x0315,
4.720451083333334,0,0x0001,
4.720458791666666,0,0x1D19,
4.720511250000000,0,0x0003,
4.720518916666666,0,0x241D,
4.720619875000000,0,0x0005,
4.720627541666667,0,0x2D11,
4.720777208333334,0,0x0006,
4.720784875000000,0,0x3B15,
4.720958208333333,0,0x000A,
4.720965916666667,0,0x4119,
4.721236416666667,0,0x0004,
4.721244083333334,0,0x032D,
4.721371041666667,0,0x0001,
4.721378750000000,0,0x1D21,
4.721430333333333,0,0x0003,
4.721438000000000,0,0x2425,
4.721537791666667,0,0x0005,
4.721545458333333,0,0x2D29,
4.721694583333333,0,0x0006,
4.721702250000000,0,0x3B2D,
4.721875208333334,0,0x000A,
4.721882916666667,0,0x4121,
4.729764041666667,0,0xDC3F,
4.729771750000000,0,0x0607,
4.729798916666667,0,0x0004,
4.729806583333334,0,0x0319,
4.729932875000000,0,0x0004,
4.729940583333334,0,0x031D,
4.730068041666667,0,0x0004,
4.730075708333334,0,0x0311,
4.730201666666667,0,0x0004,
4.730209333333334,0,0x0315,
4.730335625000000,0,0x0004,
4.730343291666666,0,0x0319,
4.730470333333334,0,0x0001,
4.730478000000000,0,0x1D1D,
4.730530333333333,0,0x0003,
4.730538000000000,0,0x2411,
4.730639000000000,0,0x0005,
4.730646666666667,0,0x2D15,
4.730795916666667,0,0x0006,
4.730803583333334,0,0x3B19,
4.730977125000000,0,0x000A,
4.730984833333333,0,0x411D,
4.731255333333333,0,0x0004,
4.731263000000000,0,0x0321,
4.731388541666667,0,0x0001,
4.731396208333333,0,0x1D25,
4.731448208333333,0,0x0003,
4.731455916666667,0,0x2429,
4.731555708333333,0,0x0005,
4.731563416666667,0,0x2D2D,
4.731712541666667,0,0x0006,
4.731720208333333,0,0x3B21,
4.731892583333333,0,0x000A,
4.731900250000000,0,0x4125,
4.739746666666667,0,0xEC3F,
4.739754333333333,0,0x060B,
4.739781666666667,0,0x0004,
4.739789375000000,0,0x031D,
4.739915208333334,0,0x0004,
4.739922875000000,0,0x0311,
4.740049291666667,0,0x0004,
4.740057000000000,0,0x0315,
4.740182916666667,0,0x0004,
4.740190625000000,0,0x0319,
4.740318250000000,0,0x0004,
4.740325958333333,0,0x031D,
4.740452125000000,0,0x0001,
4.740459791666667,0,0x1D11,
4.740511833333334,0,0x0003,
4.740519500000000,0,0x2415,
4.740619916666667,0,0x0005,
4.740627583333334,0,0x2D19,
4.740777166666667,0,0x0006,
4.740784875000000,0,0x3B1D,
4.740957916666667,0,0x000A,
4.740965583333334,0,0x4111,
4.741236291666667,0,0x0004,
4.741243958333333,0,0x0325,
4.741370875000000,0,0x0001,
4.741378541666666,0,0x1D29,
4.741431291666666,0,0x0003,
4.741439000000000,0,0x242D,
4.741538875000000,0,0x0005,
4.741546583333333,0,0x2D21,
4.741696458333333,0,0x0006,
4.741704125000000,0,0x3B25,
4.741876041666667,0,0x000A,
4.741883750000000,0,0x4129,
4.749748083333333,0,0xFC3F,
4.749755750000000,0,0x060F,
4.749783125000000,0,0x0004,
4.749790791666666,0,0x0311,
4.749917333333333,0,0x0004,
4.749925000000000,0,0x0315,
4.750051500000000,0,0x0004,
4.750059208333333,0,0x0319,
4.750184375000000,0,0x0004,
4.750192083333333,0,0x031D,
4.750318375000000,0,0x0004,
4.750326041666667,0,0x0311,
4.750452375000000,0,0x0001,
4.750460083333333,0,0x1D15,
4.750512625000000,0,0x0003,
4.750520291666667,0,0x2419,
4.750620875000000,0,0x0005,
4.750628541666667,0,0x2D1D,
4.750778000000000,0,0x0006,
4.750785666666666,0,0x3B11,
4.750958708333333,0,0x000A,
4.750966375000000,0,0x4115,
4.751237166666667,0,0x0004,
4.751244875000000,0,0x0329,
4.751369666666666,0,0x0001,
4.751377333333333,0,0x1D2D,
4.751429166666667,0,0x0003,
4.751436875000000,0,0x2421,
4.751537208333334,0,0x0005,
4.751544875000000,0,0x2D25,
4.751694333333333,0,0x0006,
4.751702000000000,0,0x3B29,
4.751874458333333,0,0x000A,
4.751882125000000,0,0x412D,
4.759887208333334,0,0x0C3F,
4.759894875000000,0,0x0603,
4.759923000000000,0,0x0004,
4.759930666666667,0,0x0315,
4.760057666666667,0,0x0004,
4.760065333333333,0,0x0319,
4.760191208333334,0,0x0004,
4.760198875000000,0,0x031D,
4.760326125000000,0,0x0004,
4.760333833333333,0,0x0311,
4.760459416666666,0,0x0004,
4.760467083333333,0,0x0315,
4.760593875000000,0,0x0001,
4.760601583333333,0,0x1D19,
4.760654083333334,0,0x0003,
4.760661791666666,0,0x241D,
4.760763000000000,0,0x0005,
4.760770666666667,0,0x2D11,
4.760920458333334,0,0x0006,
4.760928166666667,0,0x3B15,
4.761101625000000,0,0x000A,
4.761109291666667,0,0x4119,
4.761379916666667,0,0x0004,
4.761387625000000,0,0x032D,
4.761512958333333,0,0x0001,
4.761520625000000,0,0x1D21,
4.761572958333334,0,0x0003,
4.761580666666666,0,0x2425,
4.761681166666667,0,0x0005,
4.761688833333333,0,0x2D29,
4.761837375000000,0,0x0006,
4.761845041666667,0,0x3B2D,
4.762017333333334,0,0x000A,
4.762025041666667,0,0x4121,
4.769799208333334,0,0x1C3F,
4.769806916666667,0,0x0607,
4.769834333333334,0,0x0004,
4.769842000000000,0,0x0319,
4.769967958333333,0,0x0004,
4.769975625000000,0,0x031D,
4.770101791666667,0,0x0004,
4.770109458333334,0,0x0311,
4.770235333333333,0,0x0004,
4.770243000000000,0,0x0315,
4.770368666666666,0,0x0004,
4.770376333333333,0,0x0319,
4.770502041666667,0,0x0001,
4.770509708333333,0,0x1D1D,
4.770561875000000,0,0x0003,
4.770569583333334,0,0x2411,
4.770669375000000,0,0x0005,
4.770677041666667,0,0x2D15,
4.770826500000000,0,0x0006,
4.770834166666667,0,0x3B19,
4.771007500000000,0,0x000A,
4.771015208333333,0,0x411D,
4.771285208333333,0,0x0004,
4.771292875000000,0,0x0321,
4.771418041666666,0,0x0001,
4.771425750000000,0,0x1D25,
4.771477583333334,0,0x0003,
4.771485250000000,0,0x2429,
4.771585291666667,0,0x0005,
4.771592958333334,0,0x2D2D,
4.771741458333334,0,0x0006,
4.771749125000000,0,0x3B21,
4.771921250000000,0,0x000A,
4.771928916666667,0,0x4125,
4.779744833333333,0,0x2C3F,
4.779752500000000,0,0x060B,
4.779779708333334,0,0x0004,
4.779787375000000,0,0x031D,
4.779913458333334,0,0x0004,
4.779921125000000,0,0x0311,
4.780047708333333,0,0x0004,
4.780055375000000,0,0x0315,
4.780181250000000,0,0x0004,
4.780188916666667,0,0x0319,
4.780314375000000,0,0x0004,
4.780322041666667,0,0x031D,
4.780448083333333,0,0x0001,
4.780455750000000,0,0x1D11,
4.780508041666667,0,0x0003,
4.780515708333334,0,0x2415,
4.780616750000000,0,0x0005,
4.780624416666667,0,0x2D19,
4.780773791666666,0,0x0006,
4.780781458333333,0,0x3B1D,
4.780954875000000,0,0x000A,
4.780962541666667,0,0x4111,
4.781232458333333,0,0x0004,
4.781240125000000,0,0x0325,
4.781365708333333,0,0x0001,
4.781373416666667,0,0x1D29,
4.781425541666667,0,0x0003,
4.781433208333334,0,0x242D,
4.781532750000000,0,0x0005,
4.781540458333334,0,0x2D21,
4.781688458333333,0,0x0006,
4.781696125000000,0,0x3B25,
4.781867750000000,0,0x000A,
4.781875416666667,0,0x4129,
4.789771708333333,0,0x3C3F,
4.789779375000000,0,0x060F,
4.789807500000000,0,0x0004,
4.789815208333334,0,0x0311,
4.789941833333334,0,0x0004,
4.789949541666667,0,0x0315,
4.790076208333334,0,0x0004,
4.790083916666667,0,0x0319,
4.790210291666667,0,0x0004,
4.790217958333334,0,0x031D,
4.790344208333333,0,0x0004,
4.790351916666666,0,0x0311,
4.790478791666667,0,0x0001,
4.790486458333334,0,0x1D15,
4.790539041666666,0,0x0003,
4.790546708333333,0,0x2419,
4.790647375000000,0,0x0005,
4.790655041666667,0,0x2D1D,
4.790805083333334,0,0x0006,
4.790812791666666,0,0x3B11,
4.790985166666666,0,0x000A,
4.790992833333333,0,0x4115,
4.791263583333333,0,0x0004,
4.791271250000000,0,0x0329,
4.791395875000000,0,0x0001,
4.791403583333333,0,0x1D2D,
4.791455916666667,0,0x0003,
4.791463625000000,0,0x2421,
4.791564000000000,0,0x0005,
4.791571708333334,0,0x2D25,
4.791719916666667,0,0x0006,
4.791727583333333,0,0x3B29,
4.791900833333333,0,0x000A,
4.791908541666666,0,0x412D,
4.799771708333333,0,0x4C3F,
4.799779375000000,0,0x0603,
4.799806541666666,0,0x0004,
4.799814250000000,0,0x0315,
4.799940000000000,0,0x0004,
4.799947666666666,0,0x0319,
4.800074583333333,0,0x0004,
4.800082250000000,0,0x031D,
4.800209375000000,0,0x0004,
4.800217041666667,0,0x0311,
4.800343750000000,0,0x0004,
4.800351416666667,0,0x0315,
4.800477708333333,0,0x0001,
4.800485416666667,0,0x1D19,
4.800537125000000,0,0x0003,
4.800544833333333,0,0x241D,
4.800645583333333,0,0x0005,
4.800653291666666,0,0x2D11,
4.800801708333333,0,0x0006,
4.800809375000000,0,0x3B15,
4.800982041666667,0,0x000A,
4.800989708333334,0,0x4119,
4.801260958333334,0,0x0004,
4.801268625000000,0,0x032D,
4.801393625000000,0,0x0001,
4.801401291666667,0,0x1D21,
4.801453375000000,0,0x0003,
4.801461083333334,0,0x2425,
4.801561875000000,0,0x0005,
4.801569541666667,0,0x2D29,
4.801719583333333,0,0x0006,
4.801727250000000,0,0x3B2D,
4.801899208333333,0,0x000A,
4.801906875000000,0,0x4121,
4.809750041666667,0,0x5C3F,
4.809757708333334,0,0x0607,
4.809785416666666,0,0x0004,
4.809793083333333,0,0x0319,
4.809920541666667,0,0x0004,
4.809928250000000,0,0x031D,
4.810053875000000,0,0x0004,
4.810061583333333,0,0x0311,
4.810187375000000,0,0x0004,
4.810195083333333,0,0x0315,
4.810320708333333,0,0x0004,
4.810328375000000,0,0x0319,
4.810454291666667,0,0x0001,
4.810461958333334,0,0x1D1D,
4.810514500000000,0,0x0003,
4.810522166666667,0,0x2411,
4.810623083333334,0,0x0005,
4.810630791666667,0,0x2D15,
4.810779833333333,0,0x0006,
4.810787500000000,0,0x3B19,
4.810960750000000,0,0x000A,
4.810968458333333,0,0x411D,
4.811239416666667,0,0x0004,
4.811247083333333,0,0x0321,
4.811371875000000,0,0x0001,
4.811379583333333,0,0x1D25,
4.811431291666667,0,0x0003,
4.811438958333333,0,0x2429,
4.811538458333334,0,0x0005,
4.811546166666667,0,0x2D2D,
4.811694041666667,0,0x0006,
4.811701708333334,0,0x3B21,
4.811873833333333,0,0x000A,
4.811881541666667,0,0x4125,
4.819754541666667,0,0x6C3F,
4.819762250000000,0,0x060B,
4.819789458333333,0,0x0004,
4.819797125000000,0,0x031D,
4.819923666666667,0,0x0004,
4.819931333333333,0,0x0311,
4.820058250000000,0,0x0004,
4.820065916666667,0,0x0315,
4.820191708333334,0,0x0004,
4.820199416666667,0,0x0319,
4.820326041666666,0,0x0004,
4.820333708333333,0,0x031D,
4.820460125000000,0,0x0001,
4.820467791666666,0,0x1D11,
4.820519875000000,0,0x0003,
4.820527583333333,0,0x2415,
4.820628750000000,0,0x0005,
4.820636458333333,0,0x2D19,
4.820785125000000,0,0x0006,
4.820792791666666,0,0x3B1D,
4.820966375000000,0,0x000A,
4.820974041666667,0,0x4111,
4.821244875000000,0,0x0004,
4.821252583333333,0,0x0325,
4.821378833333333,0,0x0001,
4.821386500000000,0,0x1D29,
4.821438166666667,0,0x0003,
4.821445833333334,0,0x242D,
4.821545500000000,0,0x0005,
4.821553208333333,0,0x2D21,
4.821702791666667,0,0x0006,
4.821710458333333,0,0x3B25,
4.821883041666666,0,0x000A,
4.821890708333333,0,0x4129,
4.829754750000000,0,0x7C3F,
4.829762416666667,0,0x060F,
4.829789458333333,0,0x0004,
4.829797125000000,0,0x0311,
4.829923541666667,0,0x0004,
4.829931208333333,0,0x0315,
4.830057000000000,0,0x0004,
4.830064666666667,0,0x0319,
4.830190166666666,0,0x0004,
4.830197833333333,0,0x031D,
4.830323833333333,0,0x0004,
4.830331541666666,0,0x0311,
4.830457708333333,0,0x0001,
4.830465375000000,0,0x1D15,
4.830517333333334,0,0x0003,
4.830525041666666,0,0x2419,
4.830626375000000,0,0x0005,
4.830634083333333,0,0x2D1D,
4.830783875000000,0,0x0006,
4.830791583333333,0,0x3B11,
4.830965000000000,0,0x000A,
4.830972666666667,0,0x4115,
4.831242708333333,0,0x0004,
4.831250375000000,0,0x0329,
4.831375833333333,0,0x0001,
4.831383500000000,0,0x1D2D,
4.831436041666667,0,0x0003,
4.831443750000000,0,0x2421,
4.831543583333334,0,0x0005,
4.831551250000000,0,0x2D25,
4.831700791666667,0,0x0006,
4.831708458333333,0,0x3B29,
4.831880916666667,0,0x000A,
4.831888625000000,0,0x412D,
4.839764083333334,0,0x8C3F,
4.839771750000000,0,0x0603,
4.839799083333333,0,0x0004,
4.839806750000000,0,0x0315,
4.839933750000000,0,0x0004,
4.839941416666667,0,0x0319,
4.840067916666666,0,0x0004,
4.840075583333333,0,0x031D,
4.840202166666667,0,0x0004,
4.840209833333334,0,0x0311,
4.840336833333334,0,0x0004,
4.840344541666667,0,0x0315,
4.840470875000000,0,0x0001,
4.840478541666666,0,0x1D19,
4.840530333333334,0,0x0003,
4.840538000000000,0,0x241D,
4.840638541666666,0,0x0005,
4.840646250000000,0,0x2D11,
4.840795458333333,0,0x0006,
4.840803166666666,0,0x3B15,
4.840976166666667,0,0x000A,
4.840983875000000,0,0x4119,
4.841254250000000,0,0x0004,
4.841261916666666,0,0x032D,
4.841388041666667,0,0x0001,
4.841395708333334,0,0x1D21,
4.841448041666666,0,0x0003,
4.841455708333333,0,0x2425,
4.841555625000000,0,0x0005,
4.841563333333333,0,0x2D29,
4.841712250000000,0,0x0006,
4.841719958333333,0,0x3B2D,
4.841891875000000,0,0x000A,
4.841899541666667,0,0x4121,
4.849769750000000,0,0x9C3F,
4.849777416666667,0,0x0607,
4.849805083333333,0,0x0004,
4.849812791666666,0,0x0319,
4.849939166666666,0,0x0004,
4.849946875000000,0,0x031D,
4.850073250000000,0,0x0004,
4.850080958333334,0,0x0311,
4.850207541666666,0,0x0004,
4.850215250000000,0,0x0315,
4.850341625000000,0,0x0004,
4.850349291666666,0,0x0319,
4.850475708333334,0,0x0001,
4.850483416666667,0,0x1D1D,
4.850535791666666,0,0x0003,
4.850543458333333,0,0x2411,
4.850644750000000,0,0x0005,
4.850652416666667,0,0x2D15,
4.850801875000000,0,0x0006,
4.850809541666667,0,0x3B19,
4.850982208333333,0,0x000A,
4.850989875000000,0,0x411D,
4.851260666666667,0,0x0004,
4.851268375000000,0,0x0321,
4.851393375000000,0,0x0001,
4.851401041666667,0,0x1D25,
4.851453041666667,0,0x0003,
4.851460708333334,0,0x2429,
4.851560750000000,0,0x0005,
4.851568416666667,0,0x2D2D,
4.851718708333333,0,0x0006,
4.851726375000000,0,0x3B21,
4.851898750000000,0,0x000A,
4.851906416666667,0,0x4125,
4.859895708333333,0,0xAC3F,
4.859903375000000,0,0x060B,
4.859931083333334,0,0x0004,
4.859938750000000,0,0x031D,
4.860065375000000,0,0x0004,
4.860073041666666,0,0x0311,
4.860199166666667,0,0x0004,
4.860206875000000,0,0x0315,
4.860333708333333,0,0x0004,
4.860341416666667,0,0x0319,
4.860467583333334,0,0x0004,
4.860475250000000,0,0x031D,
4.860601916666667,0,0x0001,
4.860609583333333,0,0x1D11,
4.860662166666667,0,0x0003,
4.860669833333334,0,0x2415,
4.860771041666666,0,0x0005,
4.860778750000000,0,0x2D19,
4.860928500000000,0,0x0006,
4.860936208333333,0,0x3B1D,
4.861109958333333,0,0x000A,
4.861117625000000,0,0x4111,
4.861388000000000,0,0x0004,
4.861395666666667,0,0x0325,
4.861520958333333,0,0x0001,
4.861528666666667,0,0x1D29,
4.861581333333334,0,0x0003,
4.861589041666667,0,0x242D,
4.861689000000000,0,0x0005,
4.861696708333334,0,0x2D21,
4.861845000000000,0,0x0006,
4.861852666666667,0,0x3B25,
4.862024083333333,0,0x000A,
4.862031750000000,0,0x4129,
4.869772625000000,0,0xBC3F,
4.869780291666666,0,0x060F,
4.869807666666667,0,0x0004,
4.869815333333333,0,0x0311,
4.869941375000000,0,0x0004,
4.869949083333333,0,0x0315,
4.870075875000000,0,0x0004,
4.870083541666666,0,0x0319,
4.870209958333334,0,0x0004,
4.870217625000000,0,0x031D,
4.870344166666666,0,0x0004,
4.870351833333333,0,0x0311,
4.870478875000000,0,0x0001,
4.870486583333333,0,0x1D15,
4.870538666666667,0,0x0003,
4.870546333333333,0,0x2419,
4.870647000000000,0,0x0005,
4.870654708333333,0,0x2D1D,
4.870804041666666,0,0x0006,
4.870811708333333,0,0x3B11,
4.870985166666666,0,0x000A,
4.870992875000000,0,0x4115,
4.871263375000000,0,0x0004,
4.871271041666667,0,0x0329,
4.871396625000000,0,0x0001,
4.871404291666667,0,0x1D2D,
4.871455875000000,0,0x0003,
4.871463583333333,0,0x2421,
4.871563750000000,0,0x0005,
4.871571416666667,0,0x2D25,
4.871721041666667,0,0x0006,
4.871728708333333,0,0x3B29,
4.871901625000000,0,0x000A,
4.871909333333333,0,0x412D,
4.879761375000000,0,0xCC3F,
4.879769041666667,0,0x0603,
4.879797083333333,0,0x0004,
4.879804750000000,0,0x0315,
4.879931250000000,0,0x0004,
4.879938916666666,0,0x0319,
4.880065166666666,0,0x0004,
4.880072833333333,0,0x031D,
4.880198833333333,0,0x0004,
4.880206500000000,0,0x0311,
4.880332958333334,0,0x0004,
4.880340625000000,0,0x0315,
4.880467125000000,0,0x0001,
4.880474791666667,0,0x1D19,
4.880526958333333,0,0x0003,
4.880534666666667,0,0x241D,
4.880635250000000,0,0x0005,
4.880642916666667,0,0x2D11,
4.880792375000000,0,0x0006,
4.880800041666666,0,0x3B15,
4.880973041666667,0,0x000A,
4.880980750000000,0,0x4119,
4.881251500000000,0,0x0004,
4.881259166666666,0,0x032D,
4.881385166666667,0,0x0001,
4.881392875000000,0,0x1D21,
4.881445041666667,0,0x0003,
4.881452708333334,0,0x2425,
4.881552666666667,0,0x0005,
4.881560333333334,0,0x2D29,
4.881709791666666,0,0x0006,
4.881717458333333,0,0x3B2D,
4.881889541666666,0,0x000A,
4.881897208333333,0,0x4121,
4.889776791666667,0,0xDC3F,
4.889784458333334,0,0x0607,
4.889812000000000,0,0x0004,
4.889819708333333,0,0x0319,
4.889946208333333,0,0x0004,
4.889953875000000,0,0x031D,
4.890080250000000,0,0x0004,
4.890087916666666,0,0x0311,
4.890214250000000,0,0x0004,
4.890221916666667,0,0x0315,
4.890347875000000,0,0x0004,
4.890355583333333,0,0x0319,
4.890482250000000,0,0x0001,
4.890489958333333,0,0x1D1D,
4.890542041666667,0,0x0003,
4.890549708333333,0,0x2411,
4.890650666666667,0,0x0005,
4.890658375000000,0,0x2D15,
4.890807541666667,0,0x0006,
4.890815208333334,0,0x3B19,
4.890988458333333,0,0x000A,
4.890996125000000,0,0x411D,
4.891266208333334,0,0x0004,
4.891273916666667,0,0x0321,
4.891399833333334,0,0x0001,
4.891407500000000,0,0x1D25,
4.891459333333334,0,0x0003,
4.891467000000000,0,0x2429,
4.891566750000000,0,0x0005,
4.891574416666667,0,0x2D2D,
4.891724083333333,0,0x0006,
4.891731791666666,0,0x3B21,
4.891904958333333,0,0x000A,
4.891912625000000,0,0x4125,
4.899769333333333,0,0xEC3F,
4.899777000000000,0,0x060B,
4.899804958333333,0,0x0004,
4.899812666666667,0,0x031D,
4.899938708333333,0,0x0004,
4.899946375000000,0,0x0311,
4.900072833333334,0,0x0004,
4.900080500000000,0,0x0315,
4.900206916666667,0,0x0004,
4.900214583333334,0,0x0319,
4.900340875000000,0,0x0004,
4.900348541666666,0,0x031D,
4.900474541666667,0,0x0001,
4.900482250000000,0,0x1D11,
4.900535125000000,0,0x0003,
4.900542791666667,0,0x2415,
4.900643875000000,0,0x0005,
4.900651541666667,0,0x2D19,
4.900800750000000,0,0x0006,
4.900808416666667,0,0x3B1D,
4.900981916666667,0,0x000A,
4.900989583333334,0,0x4111,
4.901259791666667,0,0x0004,
4.901267458333334,0,0x0325,
4.901393083333334,0,0x0001,
4.901400791666667,0,0x1D29,
4.901452125000000,0,0x0003,
4.901459791666666,0,0x242D,
4.901559750000000,0,0x0005,
4.901567416666667,0,0x2D21,
4.901716875000000,0,0x0006,
4.901724583333333,0,0x3B25,
4.901896375000000,0,0x000A,
4.901904083333333,0,0x4129,
4.909831333333333,0,0xFC3F,
4.909839000000000,0,0x060F,
4.909867041666667,0,0x0004,
4.909874708333334,0,0x0311,
4.910000500000000,0,0x0004,
4.910008166666667,0,0x0315,
4.910133916666667,0,0x0004,
4.910141625000000,0,0x0319,
4.910267208333333,0,0x0004,
4.910274916666666,0,0x031D,
4.910400375000000,0,0x0004,
4.910408041666667,0,0x0311,
4.910534125000000,0,0x0001,
4.910541791666667,0,0x1D15,
4.910593916666667,0,0x0003,
4.910601583333333,0,0x2419,
4.910702125000000,0,0x0005,
4.910709833333334,0,0x2D1D,
4.910859375000000,0,0x0006,
4.910867041666667,0,0x3B11,
4.911040333333333,0,0x000A,
4.911048000000000,0,0x4115,
4.911319083333333,0,0x0004,
4.911326791666666,0,0x0329,
4.911451750000000,0,0x0001,
4.911459416666666,0,0x1D2D,
4.911511666666667,0,0x0003,
4.911519375000000,0,0x2421,
4.911619791666666,0,0x0005,
4.911627458333333,0,0x2D25,
4.911776333333333,0,0x0006,
4.911784041666666,0,0x3B29,
4.911957000000000,0,0x000A,
4.911964666666667,0,0x412D,
4.919765125000000,0,0x0C3F,
4.919772833333333,0,0x0603,
4.919800291666666,0,0x0004,
4.919808000000000,0,0x0315,
4.919934750000000,0,0x0004,
4.919942416666666,0,0x0319,
4.920068875000000,0,0x0004,
4.920076583333334,0,0x031D,
4.920202375000000,0,0x0004,
4.920210041666667,0,0x0311,
4.920338000000000,0,0x0004,
4.920345666666667,0,0x0315,
4.920472125000000,0,0x0001,
4.920479791666667,0,0x1D19,
4.920531833333333,0,0x0003,
4.920539500000000,0,0x241D,
4.920641000000000,0,0x0005,
4.920648666666667,0,0x2D11,
4.920798291666666,0,0x0006,
4.920806000000000,0,0x3B15,
4.920979375000000,0,0x000A,
4.920987083333333,0,0x4119,
4.921257416666666,0,0x0004,
4.921265083333333,0,0x032D,
4.921391333333333,0,0x0001,
4.921399041666667,0,0x1D21,
4.921450333333333,0,0x0003,
4.921458041666667,0,0x2425,
4.921558208333333,0,0x0005,
4.921565875000000,0,0x2D29,
4.921715750000000,0,0x0006,
4.921723458333333,0,0x3B2D,
4.921896000000000,0,0x000A,
4.921903708333334,0,0x4121,
4.929758958333333,0,0x1C3F,
4.929766625000000,0,0x0607,
4.929794250000000,0,0x0004,
4.929801958333333,0,0x0319,
4.929928291666666,0,0x0004,
4.929936000000000,0,0x031D,
4.930061916666666,0,0x0004,
4.930069625000000,0,0x0311,
4.930195958333333,0,0x0004,
4.930203625000000,0,0x0315,
4.930329000000000,0,0x0004,
4.930336708333333,0,0x0319,
4.930462666666667,0,0x0001,
4.930470333333333,0,0x1D1D,
4.930521875000000,0,0x0003,
4.930529541666667,0,0x2411,
4.930629708333333,0,0x0005,
4.930637375000000,0,0x2D15,
4.930786833333333,0,0x0006,
4.930794541666667,0,0x3B19,
4.930967750000000,0,0x000A,
4.930975416666667,0,0x411D,
4.931245375000000,0,0x0004,
4.931253041666666,0,0x0321,
4.931377791666667,0,0x0001,
4.931385458333334,0,0x1D25,
4.931438041666667,0,0x0003,
4.931445708333333,0,0x2429,
4.931545583333333,0,0x0005,
4.931553291666667,0,0x2D2D,
4.931702166666667,0,0x0006,
4.931709875000000,0,0x3B21,
4.931882916666667,0,0x000A,
4.931890583333334,0,0x4125,
4.939787625000000,0,0x2C3F,
4.939795333333334,0,0x060B,
4.939822916666667,0,0x0004,
4.939830583333333,0,0x031D,
4.939956458333334,0,0x0004,
4.939964125000000,0,0x0311,
4.940090125000000,0,0x0004,
4.940097791666667,0,0x0315,
4.940224625000000,0,0x0004,
4.940232291666667,0,0x0319,
4.940358625000000,0,0x0004,
4.940366333333333,0,0x031D,
4.940492500000000,0,0x0001,
4.940500166666666,0,0x1D11,
4.940553166666667,0,0x0003,
4.940560833333334,0,0x2415,
4.940661833333333,0,0x0005,
4.940669500000000,0,0x2D19,
4.940819083333333,0,0x0006,
4.940826750000000,0,0x3B1D,
4.940999875000000,0,0x000A,
4.941007541666667,0,0x4111,
4.941279083333334,0,0x0004,
4.941286750000000,0,0x0325,
4.941412291666667,0,0x0001,
4.941419958333333,0,0x1D29,
4.941472250000000,0,0x0003,
4.941479958333334,0,0x242D,
4.941580041666667,0,0x0005,
4.941587750000000,0,0x2D21,
4.941736916666667,0,0x0006,
4.941744625000000,0,0x3B25,
4.941916791666666,0,0x000A,
4.941924500000000,0,0x4129,
4.949771166666666,0,0x3C3F,
4.949778833333333,0,0x060F,
4.949806666666666,0,0x0004,
4.949814375000000,0,0x0311,
4.949941416666666,0,0x0004,
4.949949125000000,0,0x0315,
4.950075416666667,0,0x0004,
4.950083083333333,0,0x0319,
4.950208875000000,0,0x0004,
4.950216541666666,0,0x031D,
4.950343250000000,0,0x0004,
4.950350916666666,0,0x0311,
4.950477208333333,0,0x0001,
4.950484875000000,0,0x1D15,
4.950536541666667,0,0x0003,
4.950544208333334,0,0x2419,
4.950644625000000,0,0x0005,
4.950652291666667,0,0x2D1D,
4.950801000000000,0,0x0006,
4.950808666666667,0,0x3B11,
4.950981625000000,0,0x000A,
4.950989291666667,0,0x4115,
4.951259875000000,0,0x0004,
4.951267541666667,0,0x0329,
4.951393166666667,0,0x0001,
4.951400833333333,0,0x1D2D,
4.951453666666667,0,0x0003,
4.951461375000000,0,0x2421,
4.951561708333333,0,0x0005,
4.951569416666667,0,0x2D25,
4.951719416666666,0,0x0006,
4.951727083333333,0,0x3B29,
4.951900000000000,0,0x000A,
4.951907666666667,0,0x412D,
4.960001875000000,0,0x4C3F,
4.960009541666667,0,0x0603,
4.960037041666666,0,0x0004,
4.960044708333333,0,0x0315,
4.960171166666667,0,0x0004,
4.960178875000000,0,0x0319,
4.960305166666667,0,0x0004,
4.960312875000000,0,0x031D,
4.960438541666667,0,0x0004,
4.960446208333333,0,0x0311,
4.960572041666667,0,0x0004,
4.960579708333333,0,0x0315,
4.960706125000000,0,0x0001,
4.960713833333333,0,0x1D19,
4.960766333333333,0,0x0003,
4.960774041666666,0,0x241D,
4.960874916666667,0,0x0005,
4.960882625000000,0,0x2D11,
4.961033000000000,0,0x0006,
4.961040666666666,0,0x3B15,
4.961214375000000,0,0x000A,
4.961222041666667,0,0x4119,
4.961493125000000,0,0x0004,
4.961500833333333,0,0x032D,
4.961626000000000,0,0x0001,
4.961633708333333,0,0x1D21,
4.961686083333333,0,0x0003,
4.961693750000000,0,0x2425,
4.961794791666667,0,0x0005,
4.961802458333334,0,0x2D29,
4.961950583333333,0,0x0006,
4.961958250000000,0,0x3B2D,
4.962129833333333,0,0x000A,
4.962137500000000,0,0x4121,
4.969792125000000,0,0x5C3F,
4.969799791666667,0,0x0607,
4.969826833333333,0,0x0004,
4.969834541666667,0,0x0319,
4.969960291666666,0,0x0004,
4.969967958333333,0,0x031D,
4.970094583333333,0,0x0004,
4.970102250000000,0,0x0311,
4.970229041666666,0,0x0004,
4.970236708333333,0,0x0315,
4.970362458333334,0,0x0004,
4.970370125000000,0,0x0319,
4.970496416666666,0,0x0001,
4.970504083333333,0,0x1D1D,
4.970557291666666,0,0x0003,
4.970564958333333,0,0x2411,
4.970665750000000,0,0x0005,
4.970673416666667,0,0x2D15,
4.970823125000000,0,0x0006,
4.970830833333333,0,0x3B19,
4.971004291666667,0,0x000A,
4.971012000000000,0,0x411D,
4.971282666666666,0,0x0004,
4.971290333333333,0,0x0321,
4.971414791666667,0,0x0001,
4.971422458333334,0,0x1D25,
4.971474375000000,0,0x0003,
4.971482041666667,0,0x2429,
4.971581875000000,0,0x0005,
4.971589541666667,0,0x2D2D,
4.971737166666666,0,0x0006,
4.971744875000000,0,0x3B21,
4.971916791666667,0,0x000A,
4.971924458333334,0,0x4125,
4.979788000000000,0,0x6C3F,
4.979795666666667,0,0x060B,
4.979823333333333,0,0x0004,
4.979831000000000,0,0x031D,
4.979957416666666,0,0x0004,
4.979965083333333,0,0x0311,
4.980091625000000,0,0x0004,
4.980099291666667,0,0x0315,
4.980226000000000,0,0x0004,
4.980233708333333,0,0x0319,
4.980360791666667,0,0x0004,
4.980368458333333,0,0x031D,
4.980494708333334,0,0x0001,
4.980502375000000,0,0x1D11,
4.980555125000000,0,0x0003,
4.980562791666666,0,0x2415,
4.980663958333333,0,0x0005,
4.980671666666667,0,0x2D19,
4.980820916666667,0,0x0006,
4.980828583333333,0,0x3B1D,
4.981002000000000,0,0x000A,
4.981009708333334,0,0x4111,
4.981280541666667,0,0x0004,
4.981288208333333,0,0x0325,
4.981413083333333,0,0x0001,
4.981420750000000,0,0x1D29,
4.981472875000000,0,0x0003,
4.981480541666667,0,0x242D,
4.981581375000000,0,0x0005,
4.981589041666667,0,0x2D21,
4.981738916666667,0,0x0006,
4.981746625000000,0,0x3B25,
4.981918416666667,0,0x000A,
4.981926083333334,0,0x4129,
4.989765708333334,0,0x7C3F,
4.989773375000000,0,0x060F,
4.989800708333333,0,0x0004,
4.989808375000000,0,0x0311,
4.989935833333333,0,0x0004,
4.989943500000000,0,0x0315,
4.990069583333334,0,0x0004,
4.990077250000000,0,0x0319,
4.990203500000000,0,0x0004,
4.990211166666667,0,0x031D,
4.990336750000000,0,0x0004,
4.990344458333333,0,0x0311,
4.990470833333333,0,0x0001,
4.990478541666667,0,0x1D15,
4.990531000000000,0,0x0003,
4.990538666666667,0,0x2419,
4.990640333333333,0,0x0005,
4.990648041666667,0,0x2D1D,
4.990797000000000,0,0x0006,
4.990804666666667,0,0x3B11,
4.990977750000000,0,0x000A,
4.990985416666667,0,0x4115,
4.991254583333333,0,0x0004,
4.991262291666667,0,0x0329,
4.991387625000000,0,0x0001,
4.991395333333333,0,0x1D2D,
4.991447583333334,0,0x0003,
4.991455250000000,0,0x2421,
4.991554875000000,0,0x0005,
4.991562541666666,0,0x2D25,
4.991710375000000,0,0x0006,
4.991718083333334,0,0x3B29,
4.991890208333333,0,0x000A,
4.991897875000000,0,0x412D,
4.999775583333333,0,0x8C3F,
4.999783291666667,0,0x0603,
4.999810666666667,0,0x0004,
4.999818333333334,0,0x0315,
4.999945375000000,0,0x0004,
4.999953083333334,0,0x0319,
5.000079250000000,0,0x0004,
5.000086916666667,0,0x031D,
5.000213083333334,0,0x0004,
5.000220750000000,0,0x0311,
5.000347000000000,0,0x0004,
5.000354666666667,0,0x0315,
5.000479875000000,0,0x0001,
5.000487541666667,0,0x1D19,
5.000540500000000,0,0x0003,
5.000548166666666,0,0x241D,
5.000649166666666,0,0x0005,
5.000656833333333,0,0x2D11,
5.000806000000000,0,0x0006,
5.000813708333333,0,0x3B15,
5.000986708333333,0,0x000A,
5.000994416666667,0,0x4119,
5.001265625000000,0,0x0004,
5.001273333333334,0,0x032D,
5.001398833333333,0,0x0001,
5.001406500000000,0,0x1D21,
5.001458541666667,0,0x0003,
5.001466208333333,0,0x2425,
5.001566291666666,0,0x0005,
5.001573958333333,0,0x2D29,
5.001723041666667,0,0x0006,
5.001730708333334,0,0x3B2D,
5.001903291666666,0,0x000A,
5.001911000000000,0,0x4121,
5.009755875000000,0,0x9C3F,
5.009763541666667,0,0x0607,
5.009791125000000,0,0x0004,
5.009798791666666,0,0x0319,
5.009924500000000,0,0x0004,
5.009932166666666,0,0x031D,
5.010058625000000,0,0x0004,
5.010066291666667,0,0x0311,
5.010192208333334,0,0x0004,
5.010199916666667,0,0x0315,
5.010325541666667,0,0x0004,
5.010333208333333,0,0x0319,
5.010459208333334,0,0x0001,
5.010466875000000,0,0x1D1D,
5.010518625000000,0,0x0003,
5.010526333333333,0,0x2411,
5.010627041666667,0,0x0005,
5.010634708333333,0,0x2D15,
5.010783708333333,0,0x0006,
5.010791375000000,0,0x3B19,
5.010964500000000,0,0x000A,
5.010972166666667,0,0x411D,
5.011242333333334,0,0x0004,
5.011250041666667,0,0x0321,
5.011374666666667,0,0x0001,
5.011382375000000,0,0x1D25,
5.011434208333333,0,0x0003,
5.011441875000000,0,0x2429,
5.011541875000000,0,0x0005,
5.011549583333333,0,0x2D2D,
5.011697666666667,0,0x0006,
5.011705333333333,0,0x3B21,
5.011877125000000,0,0x000A,
5.011884833333333,0,0x4125,
5.019818333333333,0,0xAC3F,
5.019826041666667,0,0x060B,
5.019853916666666,0,0x0004,
5.019861583333333,0,0x031D,
5.019988166666667,0,0x0004,
5.019995833333334,0,0x0311,
5.020122416666666,0,0x0004,
5.020130125000000,0,0x0315,
5.020256291666667,0,0x0004,
5.020263958333333,0,0x0319,
5.020389666666667,0,0x0004,
5.020397375000000,0,0x031D,
5.020523375000000,0,0x0001,
5.020531041666667,0,0x1D11,
5.020583625000000,0,0x0003,
5.020591333333333,0,0x2415,
5.020692666666666,0,0x0005,
5.020700333333333,0,0x2D19,
5.020849375000000,0,0x0006,
5.020857041666667,0,0x3B1D,
5.021030250000000,0,0x000A,
5.021037916666667,0,0x4111,
5.021308166666667,0,0x0004,
5.021315875000000,0,0x0325,
5.021441791666667,0,0x0001,
5.021449500000000,0,0x1D29,
5.021502083333333,0,0x0003,
5.021509791666666,0,0x242D,
5.021610708333333,0,0x0005,
5.021618375000000,0,0x2D21,
5.021766666666666,0,0x0006,
5.021774333333333,0,0x3B25,
5.021946250000000,0,0x000A,
5.021953916666667,0,0x4129,
5.029777166666666,0,0xBC3F,
5.029784833333333,0,0x060F,
5.029812041666666,0,0x0004,
5.029819750000000,0,0x0311,
5.029945958333333,0,0x0004,
5.029953666666667,0,0x0315,
5.030079958333333,0,0x0004,
5.030087666666667,0,0x0319,
5.030213708333333,0,0x0004,
5.030221416666667,0,0x031D,
5.030347916666667,0,0x0004,
5.030355625000000,0,0x0311,
5.030481041666667,0,0x0001,
5.030488750000000,0,0x1D15,
5.030541333333334,0,0x0003,
5.030549000000000,0,0x2419,
5.030649916666666,0,0x0005,
5.030657625000000,0,0x2D1D,
5.030807000000000,0,0x0006,
5.030814666666667,0,0x3B11,
5.030988291666667,0,0x000A,
5.030996000000000,0,0x4115,
5.031266083333334,0,0x0004,
5.031273791666667,0,0x0329,
5.031398791666667,0,0x0001,
5.031406500000000,0,0x1D2D,
5.031458125000000,0,0x0003,
5.031465833333334,0,0x2421,
5.031565041666667,0,0x0005,
5.031572750000000,0,0x2D25,
5.031721791666667,0,0x0006,
5.031729458333333,0,0x3B29,
5.031901875000000,0,0x000A,
5.031909583333333,0,0x412D,
5.039795250000000,0,0xCC3F,
5.039802916666667,0,0x0603,
5.039830625000000,0,0x0004,
5.039838291666666,0,0x0315,
5.039963875000000,0,0x0004,
5.039971583333333,0,0x0319,
5.040097791666667,0,0x0004,
5.040105500000000,0,0x031D,
5.040232083333334,0,0x0004,
5.040239750000000,0,0x0311,
5.040366375000000,0,0x0004,
5.040374041666666,0,0x0315,
5.040499958333333,0,0x0001,
5.040507625000000,0,0x1D19,
5.040560541666666,0,0x0003,
5.040568250000000,0,0x241D,
5.040668833333333,0,0x0005,
5.040676500000000,0,0x2D11,
5.040827250000000,0,0x0006,
5.040834916666666,0,0x3B15,
5.041008500000000,0,0x000A,
5.041016208333334,0,0x4119,
5.041287333333333,0,0x0004,
5.041295000000000,0,0x032D,
5.041420125000000,0,0x0001,
5.041427791666667,0,0x1D21,
5.041479500000000,0,0x0003,
5.041487208333334,0,0x2425,
5.041586791666667,0,0x0005,
5.041594458333333,0,0x2D29,
5.041742916666666,0,0x0006,
5.041750583333333,0,0x3B2D,
5.041922000000000,0,0x000A,
5.041929666666666,0,0x4121,
5.049784041666666,0,0xDC3F,
5.049791708333333,0,0x0607,
5.049819125000000,0,0x0004,
5.049826791666667,0,0x0319,
5.049953333333334,0,0x0004,
5.049961000000000,0,0x031D,
